{"type": "FeatureCollection", "features": [{"type": "Feature", "id": 13961, "geometry": {"type": "Polygon", "coordinates": [[[-75.36466199957621, 40.11711500007732], [-75.36547900025914, 40.11640099987253], [-75.36264300004255, 40.11640699991123], [-75.36045499955617, 40.116168999800934], [-75.35794800012587, 40.11571499973976], [-75.35628699989417, 40.11532100007788], [-75.35566199973019, 40.1151720002438], [-75.35486599986197, 40.11491499985506], [-75.3533529997683, 40.114321999922026], [-75.35278700005385, 40.1141000002608], [-75.35211800040726, 40.11377499988601], [-75.35112599982216, 40.11329400030075], [-75.35066300003989, 40.11309599998435], [-75.35009599960223, 40.1128540001889], [-75.34999600004312, 40.11281499995105], [-75.34949999975056, 40.112605000241444], [-75.3493419995668, 40.11253600002848], [-75.3470800003589, 40.111176999996815], [-75.34701300041175, 40.11114000011015], [-75.34696700038099, 40.11112000003305], [-75.34689200003793, 40.11109699969664], [-75.34664000014284, 40.11101500004707], [-75.34645400037002, 40.110965000094915], [-75.34453600022036, 40.110400999847606], [-75.34431699993725, 40.11033099982201], [-75.34403800027799, 40.11025200022677], [-75.34200399977739, 40.10979500020224], [-75.34157500033031, 40.109688000250486], [-75.34153199977429, 40.10967599967396], [-75.34018400043536, 40.109335999863646], [-75.33775099972658, 40.10845500019321], [-75.33634099956505, 40.10768599970431], [-75.33504799957939, 40.10714500005667], [-75.33463400020092, 40.10703300025369], [-75.33306800040378, 40.106607999685785], [-75.33176100017441, 40.106355999769875], [-75.33088400011536, 40.10628700008817], [-75.32950999993884, 40.106022999823324], [-75.32842000034275, 40.10579500026921], [-75.32771599963775, 40.105573999966026], [-75.3273459997419, 40.105365000284095], [-75.3270360001205, 40.10518900012625], [-75.32692399996749, 40.1052139998251], [-75.3267759998295, 40.105263999882226], [-75.32633499978853, 40.10541599994025], [-75.32618800037375, 40.10546700024526], [-75.32628299990999, 40.10553899988322], [-75.32615599968838, 40.10578899998132], [-75.32592800008275, 40.10624699982242], [-75.32577599974678, 40.10655300008915], [-75.32574599960957, 40.106611999829596], [-75.3256779998375, 40.10674599970217], [-75.32562500013404, 40.106855999913016], [-75.32541000004889, 40.10727799988375], [-75.32477300018935, 40.10855300030105], [-75.32394100033612, 40.11021400019744], [-75.32316600038432, 40.11177699993576], [-75.32303499996476, 40.11202400025389], [-75.32301300022344, 40.112067999693515], [-75.32287000010832, 40.112352999871355], [-75.32195200004138, 40.114182999894], [-75.32189400031505, 40.1143000002479], [-75.32185199958396, 40.114387000010645], [-75.3208709997678, 40.11634700018711], [-75.32078700010223, 40.11651400028404], [-75.32038200004628, 40.11732700004362], [-75.32001399980025, 40.11805899982336], [-75.3198699998602, 40.11834499983188], [-75.31961499959208, 40.118855999905215], [-75.31885300005906, 40.120377999867394], [-75.31742899965384, 40.12322099984995], [-75.3169619996736, 40.12415099967334], [-75.3166589997249, 40.124793999876545], [-75.31705399973511, 40.125024999947364], [-75.31824100031388, 40.12572099986663], [-75.318637000149, 40.125953000316834], [-75.3187719998682, 40.12603200021837], [-75.31917699992417, 40.12627100023966], [-75.31924499969622, 40.12631099971853], [-75.3193130003666, 40.12635099986075], [-75.3194330000172, 40.1264209998813], [-75.31979299986732, 40.12663299968037], [-75.31991400024113, 40.12670400018127], [-75.32012099993038, 40.12682600000788], [-75.32074400044452, 40.12719200023443], [-75.32095199995867, 40.12731399987209], [-75.32126800032617, 40.12750799971192], [-75.32221599963201, 40.12809300022106], [-75.32253299982442, 40.12828799995878], [-75.322952999949, 40.128547000055825], [-75.32306199972895, 40.12861399970813], [-75.32422599984318, 40.12930599978798], [-75.32465099999062, 40.12955899987585], [-75.32502799955917, 40.129788000161426], [-75.32616099971126, 40.13047599985152], [-75.32653900000304, 40.13070599981992], [-75.32674599969226, 40.130832000111695], [-75.32737000003134, 40.13121100028991], [-75.32757900026871, 40.13133799966123], [-75.32765799991141, 40.13138599971336], [-75.32789700028603, 40.13153099967921], [-75.32797699975364, 40.131580000294065], [-75.32810200032544, 40.13165399978197], [-75.32847700024415, 40.131878999846116], [-75.32860299974254, 40.13195399970199], [-75.32882200002567, 40.13208499976453], [-75.3294789999767, 40.132477999810796], [-75.32969900008472, 40.132609000236975], [-75.32972400019908, 40.13262400019102], [-75.32980100019196, 40.13266900003324], [-75.32982700013125, 40.13268499997001], [-75.33019899967691, 40.13291400002535], [-75.33131500011056, 40.13360400031662], [-75.33168699965624, 40.133834000001585], [-75.33188199964992, 40.13395400012545], [-75.33246699963092, 40.13431499988437], [-75.33266300034782, 40.134435999815814], [-75.33294200000708, 40.13460899992828], [-75.33378200025622, 40.13512799968349], [-75.33406199974038, 40.13530200005202], [-75.33424500003848, 40.13541499995411], [-75.3347959996843, 40.135756999758705], [-75.33497999980733, 40.13587100022676], [-75.3356259998877, 40.13629000024974], [-75.33679599984973, 40.13700800008628], [-75.33708100025507, 40.13718299969142], [-75.33789499966662, 40.13768199988555], [-75.34316399969367, 40.140913999794094], [-75.34341099956588, 40.14106800025948], [-75.34453299984732, 40.14175400002705], [-75.34673700022722, 40.13952600002306], [-75.34745899957727, 40.13880299979371], [-75.3498110000952, 40.136420000254645], [-75.34984200005734, 40.13638900001718], [-75.35053599981828, 40.13568799968974], [-75.35056400030568, 40.135659999661684], [-75.35057699982617, 40.13564600033009], [-75.35181700010838, 40.13438999979916], [-75.35186999981183, 40.134336999950364], [-75.35213400030081, 40.134067000208596], [-75.35240100026448, 40.133806999875844], [-75.35253199978574, 40.133679000329266], [-75.35349599988342, 40.132693999932734], [-75.35366599976273, 40.13256099967494], [-75.35372799968702, 40.132511999767424], [-75.3537469999536, 40.13249099979624], [-75.353803999855, 40.13243099984278], [-75.35382399994648, 40.13241199984647], [-75.35397799993228, 40.13225399967148], [-75.35444300026268, 40.13178299971753], [-75.35459800007338, 40.13162600015226], [-75.35479499971687, 40.13142600030326], [-75.35578300010401, 40.13042100032605], [-75.35581300024124, 40.130392000158785], [-75.35635399984132, 40.129835999934514], [-75.3564640003445, 40.12972200033221], [-75.35679400005738, 40.12938399986935], [-75.35690500038547, 40.12927100024196], [-75.35693399979947, 40.12924000017759], [-75.35702400021114, 40.12914799994773], [-75.35705400034838, 40.12911799987568], [-75.35727699993113, 40.12888699997659], [-75.3579499997757, 40.12819599981407], [-75.35817400008168, 40.12796600028123], [-75.35820500004381, 40.127934000242746], [-75.35829999958007, 40.127838000036895], [-75.35833200026543, 40.12780700000586], [-75.3584500002662, 40.12768700001833], [-75.35880599991836, 40.127329000307846], [-75.35892499974405, 40.12721000023978], [-75.35909999964622, 40.12703300020921], [-75.359626000076, 40.12650300018651], [-75.3598019998031, 40.126326999778264], [-75.36008300001049, 40.12604399996933], [-75.3603430003015, 40.12578000015096], [-75.36196500017512, 40.12414099983155], [-75.36250599977521, 40.12359499991677], [-75.36260600023263, 40.1234920002212], [-75.36271599983749, 40.123382000127265], [-75.36305300012137, 40.12304300028566], [-75.36334799967418, 40.12274599992883], [-75.36355899956136, 40.12253399968536], [-75.36372400031613, 40.12236599980057], [-75.3642230000834, 40.12186500018153], [-75.36438899976476, 40.121698000175], [-75.36453600007785, 40.121548999888745], [-75.36497999959354, 40.12110199981845], [-75.36512799973154, 40.120953999768446], [-75.36501099955568, 40.12088499978351], [-75.36466300029946, 40.120679000268154], [-75.3645469999485, 40.12061100017775], [-75.36441800007707, 40.12053499999623], [-75.3640339999375, 40.120307999806855], [-75.363905999891, 40.12023300015265], [-75.3638280000732, 40.120187000140696], [-75.36359500044468, 40.120050000099795], [-75.36351799955348, 40.12000500014645], [-75.36328400010007, 40.11986000032326], [-75.36264899989034, 40.119468999832065], [-75.3625829997681, 40.11942800025818], [-75.36235000013959, 40.119284000084484], [-75.3622809996443, 40.11924100001167], [-75.3622510004054, 40.119222999957124], [-75.36444900003922, 40.11730099976576], [-75.36449400024506, 40.11726200001727], [-75.36466199957621, 40.11711500007732]]]}, "properties": {"AREALAND": "9104419", "AREAWATER": "228249", "BASENAME": "Norristown", "CENTLAT": "+40.1224539", "CENTLON": "-075.3398348", "CNECTA": null, "COUNTY": "091", "COUSUB": "54656", "COUSUBCC": "C5", "COUSUBNS": "01215475", "FUNCSTAT": "F", "GEOID": "4209154656", "HU100": null, "INTPTLAT": "+40.1220760", "INTPTLON": "-075.3398696", "LSADC": "21", "MTFCC": "G4040", "NAME": "Norristown borough", "NECTA": null, "NECTADIV": null, "OBJECTID": 13961, "OID": "27690282917377", "POP100": null, "STATE": "42", "UR": null}}, {"type": "Feature", "id": 19342, "geometry": {"type": "Polygon", "coordinates": [[[-75.25711000023917, 39.96371900011421], [-75.2570499999647, 39.96347399989858], [-75.25699200023838, 39.963216999968154], [-75.25691299969736, 39.962891999859806], [-75.25672699992451, 39.96210500016118], [-75.25670699983303, 39.9620170003107], [-75.25662599964218, 39.96202999979497], [-75.25648800044823, 39.96205300020064], [-75.2563529998307, 39.962078000093896], [-75.25619399982205, 39.96210899983871], [-75.25594799977475, 39.96214399993351], [-75.25581300005554, 39.96216399968451], [-75.25565200039705, 39.96218999997182], [-75.25516899962498, 39.96227199975377], [-75.25500899979141, 39.962300000177414], [-75.25485700035377, 39.962322000059565], [-75.25440200006909, 39.96239200001318], [-75.25425099955804, 39.96241500029703], [-75.25410499996818, 39.96243299979535], [-75.25366899995008, 39.962488999810724], [-75.25352400018514, 39.96250799971944], [-75.25334799955972, 39.96252700031147], [-75.25282399967807, 39.96258499973042], [-75.2526489997759, 39.96260500004096], [-75.25247899989658, 39.96262800025321], [-75.25197299955829, 39.96270000005921], [-75.2518040004022, 39.962723999977726], [-75.2516420000205, 39.962749000314176], [-75.2511569995986, 39.96282699979046], [-75.25099599994012, 39.96285299982559], [-75.25081500019014, 39.962881000011315], [-75.25059599990703, 39.96291700013482], [-75.25027299986685, 39.96296300034161], [-75.25020500009478, 39.9629729997538], [-75.25009200011688, 39.96298400027602], [-75.25006600017761, 39.96298700016776], [-75.24977199955143, 39.96300800009486], [-75.24938300028731, 39.96300599993814], [-75.2490739995925, 39.96298700016776], [-75.24869700002395, 39.96293899981851], [-75.2482710000516, 39.96286899973637], [-75.24815100040101, 39.96284600029378], [-75.24796499972986, 39.96282699979046], [-75.24768799972043, 39.96281699966834], [-75.24764199968966, 39.96294999965766], [-75.24760400005484, 39.96299200021655], [-75.24748900042711, 39.96311900009396], [-75.24741800028201, 39.96319100007145], [-75.24739900001542, 39.963249000304195], [-75.2474049998632, 39.963326999898555], [-75.24743400017552, 39.96341700027333], [-75.24747900038136, 39.96352800029691], [-75.24756399987186, 39.963637999726956], [-75.2476850002457, 39.963776999899046], [-75.24777800013212, 39.9638759999286], [-75.24790299980558, 39.963979000071404], [-75.24805599996647, 39.96407400024605], [-75.24861500000819, 39.96435199991182], [-75.24896700036071, 39.964493999834964], [-75.24946500030308, 39.96472100025831], [-75.24972800006881, 39.964849999780895], [-75.2498479997194, 39.964907999983254], [-75.24991200019183, 39.96494700022224], [-75.24999000000963, 39.96500100014571], [-75.25005399958373, 39.96504199974034], [-75.25013300012476, 39.96506699991771], [-75.25022099998831, 39.96507600000686], [-75.25031300004981, 39.96506900001412], [-75.25044699994412, 39.96501799994703], [-75.25060599995277, 39.96494799992795], [-75.25075699956551, 39.964879000232486], [-75.25091300009943, 39.96483700014423], [-75.25104799981865, 39.96483299993776], [-75.25110200024533, 39.96485800019161], [-75.25120099997953, 39.96491200018533], [-75.2512829999953, 39.96500300024407], [-75.25134200044485, 39.965071999814384], [-75.25133599969874, 39.965138000206395], [-75.2513409997216, 39.965191999978956], [-75.25135300031549, 39.96521900019351], [-75.2513680003841, 39.96524900018993], [-75.25142699993533, 39.9653020001743], [-75.25149600043062, 39.965337000011544], [-75.25160299966242, 39.965355999817334], [-75.25170700031784, 39.96534600006516], [-75.2518110000749, 39.96533000004553], [-75.25192300022789, 39.96531800020048], [-75.25209399993211, 39.96530499996434], [-75.25233400013163, 39.965279999874], [-75.25263600025542, 39.96525100028102], [-75.25284299994465, 39.9652440003062], [-75.25297199981608, 39.96523500023916], [-75.25307700029639, 39.96521400030758], [-75.25322200006133, 39.96518400029585], [-75.25331400012284, 39.96522600017089], [-75.25340700000926, 39.965261000047086], [-75.25358199991145, 39.9653000000847], [-75.2537119996078, 39.96532899965689], [-75.25393599991378, 39.965389999927744], [-75.25404600041695, 39.96540199976016], [-75.25414000012827, 39.96540399984678], [-75.25422299996895, 39.965337000011544], [-75.25430199961168, 39.96527299990215], [-75.25433699977177, 39.96521099982505], [-75.2543810001527, 39.96512700003074], [-75.25445599959745, 39.965045999934574], [-75.25454299963609, 39.96499200004669], [-75.25463200022286, 39.96492499980769], [-75.25473799962977, 39.964849999780895], [-75.25493699982138, 39.964762999729324], [-75.25511199972358, 39.96469100003024], [-75.2552670004326, 39.964655000152305], [-75.2554089998245, 39.964629999824226], [-75.2555429997188, 39.96459500031355], [-75.25568599983393, 39.96454600000459], [-75.25581200023063, 39.9644710002505], [-75.2558520004136, 39.964436999683095], [-75.25589199969826, 39.96437199970553], [-75.25596600021642, 39.96431200030694], [-75.25608300039228, 39.96424200025352], [-75.25619299999713, 39.96415500011677], [-75.25628099986068, 39.96407900021535], [-75.25638299996794, 39.9639740000948], [-75.25658600035752, 39.96380199985052], [-75.25668599991663, 39.96371900011421], [-75.2567460001911, 39.96368799972235], [-75.25681599961297, 39.96367700000192], [-75.25690000017687, 39.96367200000322], [-75.25698100036773, 39.96368799972235], [-75.25711000023917, 39.96371900011421]]]}, "properties": {"AREALAND": "191972", "AREAWATER": "0", "BASENAME": "Millbourne", "CENTLAT": "+39.9637348", "CENTLON": "-075.2526154", "CNECTA": null, "COUNTY": "045", "COUSUB": "49504", "COUSUBCC": "C5", "COUSUBNS": "01215188", "FUNCSTAT": "F", "GEOID": "4204549504", "HU100": null, "INTPTLAT": "+39.9637348", "INTPTLON": "-075.2526154", "LSADC": "21", "MTFCC": "G4040", "NAME": "Millbourne borough", "NECTA": null, "NECTADIV": null, "OBJECTID": 19342, "OID": "27690466316260", "POP100": null, "STATE": "42", "UR": null}}, {"type": "Feature", "id": 21976, "geometry": {"type": "MultiPolygon", "coordinates": [[[[-75.33171699979349, 39.95222799968377], [-75.33165200039447, 39.952146000252796], [-75.33156299980769, 39.951984000197854], [-75.33130800043787, 39.95151799990685], [-75.33106200039057, 39.95106599998442], [-75.33105800019261, 39.95025499969017], [-75.33111300044422, 39.94999399996354], [-75.33111500009403, 39.949984999955184], [-75.33123200026989, 39.94989499980671], [-75.33123100044499, 39.94953999974968], [-75.3312180000262, 39.94952999975048], [-75.33105300016975, 39.9494740001412], [-75.3307460000231, 39.94948400014858], [-75.32964399983314, 39.94953300023245], [-75.32953199968014, 39.94953899981869], [-75.32923899977719, 39.94940499998163], [-75.32900500032376, 39.94940499998163], [-75.32871200042081, 39.94931599969292], [-75.32818299961798, 39.94891200026944], [-75.32818199979307, 39.9486420000541], [-75.32835599987034, 39.94841599991671], [-75.32834900019765, 39.94688399997236], [-75.32840600009905, 39.946659000198295], [-75.32852300027491, 39.94652400025414], [-75.32852099972678, 39.94625300027628], [-75.32836500009115, 39.94594499984438], [-75.328226000174, 39.94566799971384], [-75.32822500034908, 39.9455329998802], [-75.32799000017243, 39.94517399993458], [-75.32769600044458, 39.94494900004623], [-75.32757900026871, 39.94494900004623], [-75.32748899985701, 39.944916000101365], [-75.32742799975766, 39.94487700014603], [-75.32738000007707, 39.94485200016295], [-75.32732800019855, 39.94483000017031], [-75.32710899991542, 39.9447260001093], [-75.32667500044548, 39.9447260001093], [-75.3266629998516, 39.9447260001093], [-75.32639000004012, 39.94473600012203], [-75.32619900024442, 39.944728000111944], [-75.32511899979576, 39.944731000115866], [-75.32444400030137, 39.944602999833066], [-75.3237129998322, 39.94446499994863], [-75.32337700027152, 39.94445499989628], [-75.32324599985195, 39.94445099987495], [-75.3223689997929, 39.94442499973047], [-75.32230799969352, 39.94442399972473], [-75.3220590001715, 39.94430900034296], [-75.32201499979057, 39.944289000191205], [-75.32166300033639, 39.94402000033675], [-75.32107599980723, 39.94379600011173], [-75.32069400021581, 39.943459999776614], [-75.31996000027189, 39.942943999984735], [-75.31992199973874, 39.942943999984735], [-75.31984300009601, 39.942943999984735], [-75.31972599992017, 39.94285400021506], [-75.31940399970487, 39.942784000235854], [-75.31931599984132, 39.94276499966833], [-75.31867200030908, 39.942766999728306], [-75.31650800011215, 39.94313300007984], [-75.31557400015168, 39.94381199966019], [-75.31504900044514, 39.94399300001644], [-75.31464000019122, 39.944220000311496], [-75.31434800011317, 39.94431099966914], [-75.31411399976145, 39.94431099966914], [-75.31376099958403, 39.94404199990118], [-75.31352499958248, 39.943592000203466], [-75.31310000033335, 39.94326799982812], [-75.31305500012752, 39.94323299971493], [-75.3124690003216, 39.94296399984093], [-75.31175899976878, 39.94274799984479], [-75.31158899988948, 39.942696000317824], [-75.31147199971362, 39.942607000254306], [-75.31129599998653, 39.942607000254306], [-75.31088599990768, 39.942472999924775], [-75.310731000097, 39.94236999976038], [-75.3102110004133, 39.9420259996724], [-75.31000499965067, 39.941890000185694], [-75.30871900023601, 39.94090599989752], [-75.30822499959329, 39.94052900003096], [-75.3083090001572, 39.9404729999412], [-75.30836000021083, 39.940439999903695], [-75.30851500002152, 39.94034900021888], [-75.30870099979435, 39.9402110000193], [-75.30859399966423, 39.94012200016724], [-75.30841499956409, 39.93995300006759], [-75.30829200043877, 39.939823999726954], [-75.30817600008781, 39.93968799999611], [-75.30802799994981, 39.93947799976937], [-75.30791999999477, 39.93926800027571], [-75.30786899994114, 39.939142000270216], [-75.30780500036704, 39.93890500017236], [-75.30778699992537, 39.93874800019903], [-75.3077240001762, 39.937925000065555], [-75.30775799961305, 39.937740999877875], [-75.30784399982679, 39.93728199976503], [-75.3078940000555, 39.93705300033284], [-75.30802399975184, 39.93663800019125], [-75.30808499985119, 39.93646499995333], [-75.30817000024001, 39.936278999723264], [-75.308238999837, 39.936152999724555], [-75.30861399975572, 39.935648000031215], [-75.30877699996235, 39.9354289999483], [-75.30879700005383, 39.93540500009473], [-75.30898399965157, 39.93523100004385], [-75.30920899978247, 39.93502999982625], [-75.30952199977693, 39.934730000336245], [-75.30996899966566, 39.934344000196766], [-75.31018999959859, 39.934107000013924], [-75.31029799955364, 39.933996999926336], [-75.3103579998281, 39.93388399987141], [-75.31040100038413, 39.93374400008715], [-75.31040499968375, 39.933576000243534], [-75.31040999970662, 39.933427999875626], [-75.3104499998896, 39.93286699993651], [-75.31048500004971, 39.93238299979233], [-75.31053399955519, 39.93151599999088], [-75.31054500032417, 39.93118299988439], [-75.31055399964667, 39.93093299989615], [-75.31057100026342, 39.93062200014352], [-75.31058600033204, 39.930419999957024], [-75.3106330001877, 39.92981299973472], [-75.31064900008123, 39.92961200013852], [-75.31065999995188, 39.929450999991694], [-75.31067800039355, 39.929185999896696], [-75.31073500029495, 39.92839300013643], [-75.3107539996632, 39.92812900032286], [-75.31076899973182, 39.92790700023958], [-75.3108170003107, 39.92724399988509], [-75.31083300020425, 39.927022999947454], [-75.31090400034935, 39.92627900013486], [-75.31094899965687, 39.92570499997455], [-75.31099999971052, 39.92475399986003], [-75.31100399990848, 39.92465000028857], [-75.31108699974915, 39.923597999743144], [-75.31108400027442, 39.923376999747546], [-75.31112100008433, 39.92323600020367], [-75.31112799975703, 39.92312199997906], [-75.31113799980277, 39.92297199979324], [-75.31114399965055, 39.92292899983093], [-75.31114899967343, 39.92283800028621], [-75.31115899971917, 39.922716999894284], [-75.3111689997649, 39.92259299969211], [-75.31117999963557, 39.922457000167704], [-75.31119300005436, 39.922299000026506], [-75.31120700029805, 39.922137999904315], [-75.31121599962059, 39.92201700034214], [-75.31122499984141, 39.921905999781366], [-75.31123999991003, 39.921721999932615], [-75.31124999995576, 39.92160599995359], [-75.31126000000151, 39.921487000133176], [-75.31127199969707, 39.921336000155975], [-75.31128400029095, 39.921182000187606], [-75.31129799963634, 39.92101799984042], [-75.31130500020735, 39.92092899983204], [-75.31131799972782, 39.9207699999472], [-75.31133100014661, 39.92061299971162], [-75.31134100019237, 39.92049299987686], [-75.31135500043607, 39.92031400008851], [-75.311280000093, 39.92021299967431], [-75.31118200018369, 39.92008100031355], [-75.31109000012219, 39.91995799983463], [-75.31100100043375, 39.91983800022995], [-75.31091299967188, 39.919719999770614], [-75.31083400002916, 39.9196140000837], [-75.31074899964035, 39.91949899965937], [-75.3106750000205, 39.919400000163876], [-75.31061800011909, 39.91932499982444], [-75.31050799961592, 39.919177000337484], [-75.31044400004181, 39.91909099975313], [-75.3103860003155, 39.919013000010985], [-75.31034100010964, 39.918953000095875], [-75.31029699972872, 39.91889399981809], [-75.31036399967587, 39.91885799995053], [-75.31048099985173, 39.91879500013687], [-75.31058200013408, 39.9187410002504], [-75.31068400024134, 39.918685999939555], [-75.31080499971684, 39.91862200027381], [-75.31091199984697, 39.91856400009442], [-75.31103800024366, 39.918496000154235], [-75.3111889998564, 39.91841499995492], [-75.31130500020735, 39.91835300012037], [-75.31140300011664, 39.91830099997141], [-75.31148699978223, 39.91825500004519], [-75.31157499964577, 39.918207999699305], [-75.31165800038475, 39.91816399980061], [-75.31224300036578, 39.91785099981531], [-75.31237300006212, 39.9177800000488], [-75.31247900036733, 39.917721999845256], [-75.31260099966775, 39.9176559998628], [-75.31271100017092, 39.91759499973888], [-75.31283500001948, 39.917527999924204], [-75.3129489998223, 39.91746599997565], [-75.31304300043193, 39.917415000242514], [-75.3131739999532, 39.917343000311504], [-75.31329699997684, 39.91727699996379], [-75.3134069995817, 39.91721699990559], [-75.31347500025205, 39.91718000013065], [-75.31384299959979, 39.916910999824765], [-75.3132729996874, 39.91643800029249], [-75.31308000024187, 39.916277999897694], [-75.31291799986015, 39.91614200023283], [-75.31274999963067, 39.91600199999175], [-75.31258700032237, 39.9158659997788], [-75.31235999964333, 39.915685999871975], [-75.31219300013706, 39.91555400005308], [-75.3119560003106, 39.91536699975927], [-75.31188599999041, 39.91531399966788], [-75.31186699972382, 39.915302999747766], [-75.3117389996773, 39.91532099992927], [-75.31145900019314, 39.91534299976196], [-75.31132899959849, 39.91535399967566], [-75.31120700029805, 39.915363000104804], [-75.31114299982563, 39.91536899993089], [-75.3110340000457, 39.915373000274016], [-75.3108669996411, 39.91525699987482], [-75.31075700003628, 39.9151739998012], [-75.31069099991402, 39.915124000173144], [-75.3105550003699, 39.91499600032519], [-75.3104719996309, 39.91492300017021], [-75.31038700014041, 39.914838000193754], [-75.31030900032259, 39.91475800024112], [-75.31024599967509, 39.91469099971796], [-75.31016600020747, 39.91460499970113], [-75.31007099977292, 39.914514999872296], [-75.31002999976502, 39.91447700026119], [-75.30993400040389, 39.914388999775426], [-75.3098230000758, 39.914297000148885], [-75.30972900036447, 39.914220000216694], [-75.30964999982342, 39.91415599982238], [-75.30954799971619, 39.91407299979252], [-75.30951099990627, 39.91404300008902], [-75.30938299985975, 39.913939000096484], [-75.30922600039922, 39.91381199986498], [-75.30910000000253, 39.9137089999763], [-75.30898500037482, 39.91361599966943], [-75.3088439999095, 39.91350100019706], [-75.30875600004596, 39.913430000054944], [-75.30864700026599, 39.91334099983106], [-75.30854400033384, 39.91325800019162], [-75.30837899957908, 39.91312899983842], [-75.30832000002785, 39.91308100033397], [-75.30810900014066, 39.912879000069935], [-75.30790999994902, 39.91267999992994], [-75.30770300025979, 39.912477999861366], [-75.30738199986942, 39.912178000072274], [-75.30701299979847, 39.91183699989467], [-75.30684299991916, 39.911682999924814], [-75.30673099976617, 39.91161199996527], [-75.30673699961396, 39.91158599974822], [-75.3058529998822, 39.91169200014738], [-75.30558400026868, 39.91172099970793], [-75.30519799958098, 39.911766999888684], [-75.30514700042569, 39.911779000170405], [-75.30489200015755, 39.91181999996872], [-75.30447799988079, 39.91199599984925], [-75.30318400007019, 39.91258400025814], [-75.3028190001972, 39.91276000024269], [-75.3020719998345, 39.91312400027916], [-75.29647100044475, 39.91565699992312], [-75.29478199972564, 39.91643499973731], [-75.29522699996457, 39.91666100008135], [-75.2954189995852, 39.9167579999606], [-75.29553400011125, 39.916821999990425], [-75.29574800037149, 39.916939999931614], [-75.29587700024291, 39.91702000009139], [-75.29599000022081, 39.91709099995684], [-75.29611800026734, 39.91721299967023], [-75.29628899997155, 39.9174039999709], [-75.29641100017031, 39.91756899972604], [-75.29669900005038, 39.91799200011344], [-75.29689599969386, 39.918271000053], [-75.29701799989262, 39.91842800014647], [-75.29710699958108, 39.918543000302456], [-75.29722700013, 39.91869799969799], [-75.29737600009291, 39.91888999968063], [-75.29746599960627, 39.91900600012693], [-75.29755799966779, 39.91911299975266], [-75.29776699990515, 39.91935499997008], [-75.29782999965434, 39.91944300027547], [-75.29791300039334, 39.91955899978505], [-75.29800799992957, 39.91974200025699], [-75.29808999994533, 39.919936000106574], [-75.29837500035069, 39.92060500032627], [-75.29859799993345, 39.921082999680515], [-75.29873000017794, 39.92136299977028], [-75.29878299988138, 39.92145799988509], [-75.29823399988538, 39.92175599968733], [-75.29807499987672, 39.92184300001616], [-75.29601399961194, 39.92290099982492], [-75.29597299960406, 39.922921999658236], [-75.29584399973264, 39.922993000293715], [-75.29592200044875, 39.923086000267595], [-75.29597099995424, 39.92314600000586], [-75.29603100022871, 39.9232250001782], [-75.29607999973419, 39.923280000287924], [-75.29613300033596, 39.923345999672385], [-75.29617400034384, 39.923396000186685], [-75.29621600017663, 39.923447999911204], [-75.2962710004282, 39.923513999822596], [-75.29632400013165, 39.92357399987479], [-75.2963760000102, 39.92363199994413], [-75.29642299986587, 39.92368499979823], [-75.29646600042187, 39.923733000137645], [-75.2965669998059, 39.9238480003403], [-75.2966229998824, 39.92391100032749], [-75.29708200036504, 39.92439000032429], [-75.2975729997364, 39.9249130001382], [-75.29921899989947, 39.92666500028948], [-75.29928699967154, 39.92663199979377], [-75.29936500038767, 39.926595999861156], [-75.2994599999239, 39.926554999953126], [-75.29957200007689, 39.92650599994684], [-75.29968000003193, 39.92645899975319], [-75.29979499965965, 39.926407999828996], [-75.29989099991913, 39.92636600022763], [-75.29998999965333, 39.92632300033018], [-75.30010299963124, 39.92627299988684], [-75.30023099967775, 39.92621699984292], [-75.30032199991435, 39.92617800025272], [-75.30039499970928, 39.926147000068035], [-75.30051299971005, 39.92609700018501], [-75.3006070003197, 39.92605599997813], [-75.30073000034334, 39.92600400016771], [-75.30085699966662, 39.92594999976631], [-75.30096799999473, 39.92590299987986], [-75.30104400016269, 39.9258699997058], [-75.30107699977466, 39.92585599996114], [-75.30113799987404, 39.92583000032937], [-75.30119700032357, 39.92580500027666], [-75.30125000002703, 39.92578200008231], [-75.3013179997991, 39.9257530002756], [-75.30137499970051, 39.92572899978482], [-75.3014240001043, 39.92570399969523], [-75.30156399984638, 39.925867000252815], [-75.30167299962633, 39.92600600002864], [-75.30212500043626, 39.92654600030611], [-75.30235800006476, 39.92680699992368], [-75.30246699984471, 39.92692799997627], [-75.30262099983051, 39.92711599995825], [-75.30275399989988, 39.927294999875336], [-75.30284599996139, 39.927240000235436], [-75.30290299986281, 39.92722400025675], [-75.3035299996766, 39.92702700029863], [-75.30385000024205, 39.92692799997627], [-75.30437800032166, 39.92676300003943], [-75.30461199977509, 39.92669100029305], [-75.30532800017566, 39.92646699983237], [-75.30601500026391, 39.92625400024612], [-75.30691400006428, 39.925974999766076], [-75.30760899965013, 39.92576200002685], [-75.30798100009413, 39.9256479998748], [-75.30810099974474, 39.925605000215285], [-75.30809599972186, 39.925620999883506], [-75.30823100033939, 39.92557399977114], [-75.30825800010358, 39.92562299975563], [-75.30831199963193, 39.9257380002282], [-75.30828200039302, 39.925758000290614], [-75.30819500035437, 39.925815999887625], [-75.3081209998362, 39.92586499969891], [-75.30803600034572, 39.92591999975461], [-75.30792300036782, 39.92599299989804], [-75.30782999958308, 39.92605299984443], [-75.30773000002397, 39.92611799972697], [-75.30762999956653, 39.926183000236755], [-75.30755599994671, 39.926231999785365], [-75.30746499971009, 39.926290999940406], [-75.30738699989229, 39.92634199995176], [-75.30730499987654, 39.92639700031315], [-75.30723600027956, 39.92644099974374], [-75.30716799960916, 39.92648499983498], [-75.30709300016441, 39.926535000123536], [-75.30705399980637, 39.92656100017648], [-75.30697900036161, 39.926610999720566], [-75.30687999972909, 39.92667599976227], [-75.30680100008637, 39.92672900001552], [-75.3067249999184, 39.92677900012586], [-75.30664999957531, 39.926829000199646], [-75.30657900032853, 39.926874999877086], [-75.30649300011478, 39.92692999981027], [-75.30643500038848, 39.92696800008898], [-75.30636800044134, 39.927008999749674], [-75.30629700029623, 39.92705399973548], [-75.30623399964871, 39.92709300020439], [-75.30618099994527, 39.92712500021927], [-75.30612599969368, 39.927157000219204], [-75.3060780000131, 39.92718400029362], [-75.30603899965504, 39.927205999759586], [-75.30598699977651, 39.92723500032861], [-75.30600500021818, 39.92727299974912], [-75.30600699986799, 39.92733400020701], [-75.30601000024103, 39.92745900034297], [-75.30601199989086, 39.927586000065524], [-75.3060200002868, 39.92772400023466], [-75.3060219999366, 39.92777900017465], [-75.30610899997524, 39.92901000010632], [-75.30611999984589, 39.92917899967493], [-75.30612800024181, 39.92931299985966], [-75.30613599973942, 39.929446000246344], [-75.30614400013536, 39.929575000172505], [-75.30615099980803, 39.92970300032355], [-75.30615199963295, 39.92982100011083], [-75.30616400022683, 39.92992399987562], [-75.30617099989952, 39.93005000032019], [-75.30617799957221, 39.93016999993747], [-75.30618699979304, 39.9303270003016], [-75.30619199981592, 39.93040299982206], [-75.30618900034119, 39.93052600013601], [-75.30630200031909, 39.930969999816945], [-75.30664399972754, 39.932302999672316], [-75.30675800042866, 39.932747999713094], [-75.30659699987187, 39.932794000234985], [-75.30653599977252, 39.93281199995159], [-75.30611999984589, 39.93294800025963], [-75.30596199966214, 39.93300000030597], [-75.30556599982702, 39.93312700008095], [-75.3051909999083, 39.93324799998358], [-75.30437599977351, 39.93350000011321], [-75.30413399992419, 39.93357500007923], [-75.30397900011349, 39.93362299968373], [-75.30400900025072, 39.933678999868576], [-75.30263199970113, 39.93415499993415], [-75.30256300010417, 39.93418200000361], [-75.30249799980685, 39.934209000062424], [-75.30246199982183, 39.9342389998857], [-75.30242199963887, 39.93427899985918], [-75.30235200021698, 39.934341999890584], [-75.30227900042205, 39.93439300010314], [-75.30222300034555, 39.93443299998662], [-75.30212500043626, 39.93442199969383], [-75.30204400024542, 39.93441200024014], [-75.30195499965863, 39.93439999979168], [-75.30182400013739, 39.93460800014914], [-75.30178599960423, 39.93467300017426], [-75.30170899961134, 39.93480800008218], [-75.30168799969493, 39.934866999733806], [-75.30164599986215, 39.934995000320896], [-75.30170100011372, 39.9353070003184], [-75.30171100015947, 39.93536399995236], [-75.30111000028495, 39.93544799979768], [-75.30117100038431, 39.93568100031321], [-75.30072100012251, 39.93584899981136], [-75.30057399980942, 39.9357239998427], [-75.30045499998373, 39.93562300012007], [-75.30043800026529, 39.935608000169026], [-75.30026099981498, 39.93529299974849], [-75.30019700024087, 39.935243999797706], [-75.30007400021722, 39.93514999966736], [-75.29979100036002, 39.93493399980192], [-75.29949699973383, 39.93452900002492], [-75.29949599990891, 39.93439400025549], [-75.29939999964944, 39.934321000116185], [-75.29920200018104, 39.93417000020365], [-75.29896799982932, 39.93417000020365], [-75.29867599975125, 39.93426099983956], [-75.29850099984907, 39.93439700002368], [-75.29803300004392, 39.934443000126066], [-75.29780000041544, 39.934534000087815], [-75.29771199965356, 39.93453599969955], [-75.29766599962281, 39.93454300006229], [-75.29760399969854, 39.93454699997407], [-75.29709700043365, 39.934580000098116], [-75.29651300027754, 39.934762000225106], [-75.29622500039744, 39.934762000225106], [-75.29586899984699, 39.93476399983024], [-75.2955170003928, 39.934585000157284], [-75.2951590001925, 39.93454699997407], [-75.29469800006007, 39.93449700002711], [-75.29440400033218, 39.93436200019457], [-75.29428200013345, 39.934246000278826], [-75.29393399997892, 39.93391299967777], [-75.29397300033698, 39.93363500026837], [-75.29419400026991, 39.9334649998254], [-75.29422400040713, 39.933281000045184], [-75.29410600040636, 39.933056000311716], [-75.29351899987721, 39.932607999671646], [-75.29291200015489, 39.93239099986806], [-75.29264000016833, 39.93229400009208], [-75.29252299999247, 39.9322050002761], [-75.2920049999586, 39.932205999771625], [-75.29193700018655, 39.932205999771625], [-75.29176200028436, 39.93225199996889], [-75.29165099995627, 39.93232800010734], [-75.29070299975211, 39.93297699977375], [-75.29053600024585, 39.93302000031327], [-75.29037200021432, 39.933151000044504], [-75.29029799969616, 39.93320900026605], [-75.29007599993831, 39.93338699992657], [-75.29003800030347, 39.93341800027675], [-75.28999899994541, 39.933440999972], [-75.28997499965597, 39.93346800032313], [-75.28911600003859, 39.93415399977831], [-75.28861200024842, 39.93455700009685], [-75.28820299999451, 39.934782999864254], [-75.28808599981863, 39.9347840000109], [-75.28767699956472, 39.93496500014018], [-75.28744399993622, 39.935145999790834], [-75.28697600013109, 39.93537199967965], [-75.28656699987717, 39.9354629997838], [-75.28607099958461, 39.93545100020843], [-75.28602700010201, 39.93545000007154], [-75.28612699966111, 39.9359269996596], [-75.2861330004072, 39.935960999936505], [-75.28622100027076, 39.936316000198126], [-75.28624999968474, 39.93643200004937], [-75.28631400015718, 39.93674399969494], [-75.28632599985274, 39.93678099991845], [-75.28636900040877, 39.93699899969339], [-75.28641799991425, 39.937126000313256], [-75.28656799970207, 39.93750700006998], [-75.28661799993078, 39.937633999747106], [-75.28669699957351, 39.937773999839415], [-75.2869350001232, 39.93819399977534], [-75.28701499959082, 39.938335000194265], [-75.28708300026122, 39.93845699993643], [-75.28728999995045, 39.93882299992412], [-75.28735900044572, 39.938945000173824], [-75.28770000002926, 39.9395119996596], [-75.28775100008288, 39.93959100023058], [-75.28786300023589, 39.939839000131414], [-75.28788400015229, 39.939830000164626], [-75.28789699967275, 39.939854999916406], [-75.287970000366, 39.939992000074646], [-75.28799499958204, 39.94003799986013], [-75.28805800022955, 39.9401479998806], [-75.28824700037545, 39.94048099976004], [-75.28831099994954, 39.94059199981889], [-75.28833799971372, 39.94064100007301], [-75.28842200027762, 39.94078899999495], [-75.28844999986671, 39.9408390001662], [-75.28853100005756, 39.940987999715865], [-75.28877600027995, 39.94143800001021], [-75.28886800034147, 39.94158300013277], [-75.28895200000704, 39.94173699966521], [-75.28920399990213, 39.94219999966478], [-75.28928900029094, 39.94235499991073], [-75.2893789998043, 39.9425059996705], [-75.28965199961578, 39.94295899970522], [-75.28974299985238, 39.943110000198175], [-75.28948500010952, 39.94322500021784], [-75.28892000021999, 39.943479000151136], [-75.28871099998263, 39.943568999787374], [-75.28845200041485, 39.94368199969105], [-75.28828599983518, 39.94375400016011], [-75.28779100026586, 39.9439699997352], [-75.28762600040943, 39.94404299991251], [-75.2874060003014, 39.94413700022422], [-75.28720700010975, 39.94422599967498], [-75.28661200008301, 39.94449400009217], [-75.28641399971629, 39.94458399977068], [-75.28617000021714, 39.944690000051324], [-75.28543899974794, 39.9450119998967], [-75.2851960000737, 39.94512000019418], [-75.28486700018573, 39.94525500015406], [-75.284484999696, 39.94541300034013], [-75.28388600036959, 39.945671999664015], [-75.28356099978126, 39.94581399981055], [-75.28314400002975, 39.945983999879594], [-75.28239300036739, 39.9462940000928], [-75.28190399974754, 39.94651499978925], [-75.28149500039194, 39.946701999716446], [-75.28147699995027, 39.946709000212046], [-75.28116399995582, 39.94684699970221], [-75.28081099977841, 39.947005000343715], [-75.2801630000482, 39.94726499980302], [-75.27982800031245, 39.947399999662295], [-75.27955200012794, 39.947522999730616], [-75.27872799977233, 39.947892999941146], [-75.27845300031102, 39.94801699976498], [-75.27828400025662, 39.94808599994728], [-75.27777899974323, 39.94829699987334], [-75.27761100041207, 39.948366999721344], [-75.27743999980953, 39.94844099997473], [-75.27692699979855, 39.94866400019826], [-75.27675699991923, 39.94873900007304], [-75.27673299962979, 39.94874800024533], [-75.27666099965975, 39.94877799989276], [-75.27663800009354, 39.94878800000189], [-75.27650000000129, 39.94884699999615], [-75.27608900009754, 39.94902800011627], [-75.2759519998302, 39.94908799984111], [-75.27590800034757, 39.94910600009262], [-75.275776999928, 39.94916200000317], [-75.2757340002703, 39.949181000171485], [-75.27561200007156, 39.94923300027885], [-75.27524600037367, 39.949390000296994], [-75.27512499999985, 39.949443000177936], [-75.27510699955819, 39.94945100032528], [-75.27505399985473, 39.94947600000504], [-75.2750370001363, 39.949485000080365], [-75.27488499980032, 39.94954999974741], [-75.27442899969077, 39.94974900015566], [-75.27427800007801, 39.949815000187435], [-75.27413099976494, 39.94987900030356], [-75.27369200027209, 39.950073000138914], [-75.27354599978392, 39.95013799993583], [-75.27339500017118, 39.95019899998575], [-75.27294400008446, 39.9503860001723], [-75.27279400029664, 39.95044899983647], [-75.27264600015864, 39.95051100021449], [-75.27220199974462, 39.95069700032265], [-75.27205399960663, 39.95075899978722], [-75.27190800001674, 39.95082600013397], [-75.27147000034884, 39.951027000091855], [-75.27132499968556, 39.951095000084344], [-75.27109299988199, 39.95120000001087], [-75.27072700018408, 39.951367999971204], [-75.27061099983312, 39.95140300005449], [-75.27049600020538, 39.95141000006897], [-75.27037200035684, 39.95140200015075], [-75.27011899973853, 39.95138600031139], [-75.26995800008005, 39.95136999977968], [-75.26954899982614, 39.95133000015564], [-75.2694750002063, 39.95132400003788], [-75.26931399964951, 39.95131099989565], [-75.26900700040115, 39.95127399995405], [-75.26871600014802, 39.9512389998048], [-75.2685959995991, 39.95121799970661], [-75.26845699968192, 39.951183000217306], [-75.26827799958178, 39.95092299981052], [-75.26825099981761, 39.950875999856635], [-75.26809600000689, 39.950609000253095], [-75.2680459997782, 39.95052000015363], [-75.26801499981606, 39.95043000002041], [-75.26799100042491, 39.950357999690816], [-75.26788299957158, 39.94985500000879], [-75.26784300028692, 39.94966300010218], [-75.26781899999747, 39.949505000090454], [-75.26774899967728, 39.94903199986999], [-75.26772600011105, 39.94887499971885], [-75.26770400036973, 39.94875499984283], [-75.26764900011815, 39.94844099997473], [-75.26763900007242, 39.94839500032921], [-75.26761499978296, 39.94827600024931], [-75.26760499973723, 39.948235000243315], [-75.2675810003461, 39.948101999869856], [-75.26751100002589, 39.947705999826155], [-75.26748799956137, 39.9475739997613], [-75.26747099984293, 39.947484999845074], [-75.2674199997893, 39.94722000002031], [-75.26740300007086, 39.9471320002984], [-75.2673839998043, 39.94703300013167], [-75.26732699990288, 39.946737000121146], [-75.26730799963632, 39.94663900004482], [-75.26725699958268, 39.94630099994144], [-75.26722399997072, 39.94616599997954], [-75.26712500023652, 39.94576299984521], [-75.26709199972625, 39.94562900018719], [-75.26706800033512, 39.94553099990108], [-75.26699600036508, 39.945240000248184], [-75.26697200007564, 39.94514300008881], [-75.26694500031147, 39.945019999873566], [-75.26686599977043, 39.944650999967166], [-75.26683999983116, 39.94452900024905], [-75.26683099961033, 39.94449300008742], [-75.26680399984616, 39.94438800019657], [-75.26679499962532, 39.944352999967556], [-75.26677700008197, 39.944276000089445], [-75.26672299965531, 39.94404599994642], [-75.26670599993686, 39.9439699997352], [-75.26666900012694, 39.94381000031949], [-75.26655899962377, 39.943330999849124], [-75.26652299963875, 39.94317200034057], [-75.26648199963087, 39.94299199990528], [-75.26636000033045, 39.94245199989049], [-75.26632000014749, 39.94227299966442], [-75.26626800026894, 39.9420769996685], [-75.26615699994086, 39.941655000055704], [-75.26611900030602, 39.941489999804524], [-75.2660749999251, 39.941294000320696], [-75.26603499974212, 39.94112300025269], [-75.26591699974135, 39.94061000023961], [-75.2658780002816, 39.9404389998397], [-75.26583499972558, 39.94024099996658], [-75.26576899960335, 39.93993600023416], [-75.26569499998351, 39.93965099996685], [-75.26564499975478, 39.93945600011502], [-75.26555900043937, 39.939218000334115], [-75.2653719999433, 39.93869899996686], [-75.26531000001904, 39.93850199997271], [-75.26523499967597, 39.93826100003017], [-75.26521399975957, 39.938190000076716], [-75.26515100001038, 39.93797699977443], [-75.26513099991888, 39.93790600021511], [-75.26509300028404, 39.93778699979897], [-75.26498000030614, 39.93743000006418], [-75.26494299959792, 39.937312000307614], [-75.26488099967362, 39.937126000313256], [-75.2646949999008, 39.93656800005211], [-75.26463299997653, 39.93638300022527], [-75.26458600012086, 39.936223999724994], [-75.26444600037877, 39.93574800027321], [-75.26440000034802, 39.93558999981011], [-75.26433400022577, 39.93566500024106], [-75.26431999998206, 39.9356059998998], [-75.26242500029696, 39.936497999841365], [-75.26200099997443, 39.936697999761556], [-75.26175699957695, 39.936813000225875], [-75.26145199997843, 39.93695600027618], [-75.26003099994624, 39.93762600028422], [-75.25890299981702, 39.938150000322715], [-75.25885000011358, 39.93817399990243], [-75.25797999972723, 39.93858399991681], [-75.25777600041103, 39.9386790002416], [-75.25693799981171, 39.939074000105244], [-75.25677799997815, 39.93914399974732], [-75.25635100018089, 39.939334000087634], [-75.2562189999364, 39.939392999969975], [-75.25609000006499, 39.93945000033329], [-75.25563800015335, 39.93966400025865], [-75.2555429997188, 39.939709000189936], [-75.25538700008319, 39.939788999918264], [-75.25515100008164, 39.93989600012326], [-75.25476000026937, 39.94009000002962], [-75.25472000008642, 39.94011000003126], [-75.25464700029147, 39.94014699981234], [-75.25452900029072, 39.94020599968246], [-75.25407400000603, 39.94042999995183], [-75.25397600009674, 39.94047800025853], [-75.25355799962199, 39.94068299986931], [-75.25303700011342, 39.940943999993564], [-75.2526770002633, 39.941132000049414], [-75.25211300019868, 39.94142700015464], [-75.2515730004235, 39.94171099986687], [-75.25106000041254, 39.941976999721405], [-75.25073700037234, 39.94214200017565], [-75.25040599993623, 39.94230400012184], [-75.24980699971152, 39.94260300012488], [-75.24958499995368, 39.94271300015428], [-75.24957400008302, 39.94271800030792], [-75.24944799968631, 39.94278200017638], [-75.24889500039068, 39.94305800025764], [-75.24810600019518, 39.94345200030605], [-75.24806199981424, 39.94347400005312], [-75.24749899957455, 39.94375400016011], [-75.24720800021971, 39.94390400026258], [-75.24730199993104, 39.94401000021937], [-75.24737700027411, 39.944138000234155], [-75.24739700036561, 39.94420800020554], [-75.24742099975673, 39.94429000019893], [-75.24746599996257, 39.9443499999471], [-75.24750799979537, 39.944405000301344], [-75.24763500001697, 39.94452300022341], [-75.24764699971254, 39.94451100017061], [-75.24776700026145, 39.944636999931554], [-75.24790700000354, 39.94477700015901], [-75.24810000034739, 39.944923000091], [-75.24817599961705, 39.94500999990234], [-75.24822199964781, 39.94510000027945], [-75.24824000008948, 39.94522800032113], [-75.24832700012811, 39.94534200023193], [-75.24842099983945, 39.94545399997135], [-75.24847000024323, 39.94548499967619], [-75.24850700005317, 39.94551000011668], [-75.24856899997744, 39.94555099968976], [-75.2487129999175, 39.94566799971384], [-75.24890200006338, 39.945828000294014], [-75.24908399963826, 39.94598699982839], [-75.24924900039301, 39.946152000253896], [-75.24943099996788, 39.94631199970213], [-75.24949700009013, 39.94635600010466], [-75.2495580001895, 39.94639000002062], [-75.24961799956563, 39.946410000246885], [-75.24971399982509, 39.94645099996931], [-75.24981400028254, 39.94653300002915], [-75.24992100041266, 39.946625999700906], [-75.24996999991812, 39.9467070002673], [-75.25003799969019, 39.94681200004253], [-75.25011800005615, 39.94697000007616], [-75.25015599969099, 39.94711200028322], [-75.25019800042209, 39.947228999703746], [-75.25020500009478, 39.94724399986218], [-75.25021699979035, 39.94731699998951], [-75.25023000020914, 39.94738600018918], [-75.250235000232, 39.947409000010694], [-75.25027100021701, 39.947574999721], [-75.25030800002695, 39.94771800000723], [-75.25033800016416, 39.9478459999714], [-75.25036499992835, 39.94797800020004], [-75.25041500015706, 39.94809199966044], [-75.25047299988339, 39.94817800031165], [-75.25055599972407, 39.94825100013099], [-75.2507209995805, 39.94837699989056], [-75.25066100020436, 39.948437000186395], [-75.25099199974215, 39.94873700018765], [-75.25112499981154, 39.948866000251954], [-75.25125100020824, 39.94897200009603], [-75.2513759998817, 39.94906499989542], [-75.25144200000396, 39.949139000082354], [-75.25149600043062, 39.94925099980357], [-75.25151200032415, 39.949455000054314], [-75.25146799994322, 39.94965499997957], [-75.2513680003841, 39.94985599993516], [-75.2512699995765, 39.949991000190465], [-75.25120900037545, 39.95014899976823], [-75.25116499999451, 39.9502889997343], [-75.25112700035969, 39.95043899997015], [-75.25112999983442, 39.95059699989049], [-75.2511220003368, 39.95070099997883], [-75.2511569995986, 39.950780000026334], [-75.25125600023111, 39.95096799991191], [-75.25133999989669, 39.951065000075694], [-75.25141799971449, 39.95114800002149], [-75.25148399983675, 39.95119000025435], [-75.25153400006546, 39.95121799970661], [-75.25158000009621, 39.9512819998873], [-75.25160600003548, 39.95138399981473], [-75.25160900040852, 39.95146600015922], [-75.25160900040852, 39.95150000029005], [-75.25162600012696, 39.95162499967371], [-75.25164600021846, 39.9517469998215], [-75.25164700004335, 39.95184600005243], [-75.2516429998454, 39.95195399989053], [-75.25161199988327, 39.95204499997876], [-75.25157699972316, 39.95212700021947], [-75.25151099960092, 39.952239999760224], [-75.25141000021691, 39.952376999909816], [-75.25128100034547, 39.95254100018552], [-75.25118599991092, 39.95266399996202], [-75.25115199957573, 39.95274999968558], [-75.25115199957573, 39.95284899984203], [-75.25117900023821, 39.95294299976054], [-75.25120600000238, 39.95303100027043], [-75.25118199971295, 39.953089000169], [-75.25114900010101, 39.95316099968972], [-75.2510999996972, 39.95322799974951], [-75.25104699999373, 39.95329499974363], [-75.25092099959704, 39.95339100017583], [-75.25081600001506, 39.95347499992699], [-75.25078900025089, 39.95349699989399], [-75.25064799978556, 39.95361400010025], [-75.25048700012708, 39.95373700001302], [-75.25035200040787, 39.95386100026104], [-75.2501359995995, 39.95406599971145], [-75.25004699991104, 39.95415099987442], [-75.25000300042842, 39.95423199979371], [-75.24995300019972, 39.954330000009904], [-75.24988700007746, 39.95437800020509], [-75.24983699984875, 39.95443099966415], [-75.24979900021391, 39.95449600014002], [-75.24976700042686, 39.954569999960306], [-75.24974599961214, 39.95464000027497], [-75.24975999985587, 39.95470599971904], [-75.24976599970365, 39.954761000010535], [-75.2497499998101, 39.954826000172716], [-75.24969399973362, 39.95497500024793], [-75.24961300044109, 39.95517999980229], [-75.24959599982434, 39.95523899979198], [-75.24955599964136, 39.95529000026719], [-75.24949399971706, 39.955351999700085], [-75.24942199974706, 39.95538100004856], [-75.24935700034804, 39.95540499978158], [-75.24928000035514, 39.95541500029903], [-75.24923400032439, 39.955429000194734], [-75.2491990001643, 39.95546500011009], [-75.24916300017928, 39.95551400004095], [-75.2491430000878, 39.95557000021399], [-75.24912200017141, 39.955655999726545], [-75.24913399986697, 39.95575600033687], [-75.24917400004993, 39.95584999970309], [-75.24921699970764, 39.955933999877125], [-75.24926199991349, 39.95604299998193], [-75.24927399960904, 39.95612299989151], [-75.24923400032439, 39.95621600029704], [-75.24911299995057, 39.95632599978421], [-75.24904500017851, 39.956372000293506], [-75.24898699955388, 39.95642699993375], [-75.24895599959174, 39.956515999921415], [-75.24892600035281, 39.95662799995799], [-75.24894600044432, 39.95674600014232], [-75.24900599982045, 39.95690700011216], [-75.24906400044507, 39.95695800003213], [-75.24919300031652, 39.957012000067905], [-75.24931399979201, 39.95706699988203], [-75.24940000000575, 39.95712000001158], [-75.24943900036381, 39.95714799979059], [-75.24949899973994, 39.9571889999628], [-75.24953200025023, 39.95721299974988], [-75.24957699955776, 39.9572579998444], [-75.24962699978647, 39.9573090001912], [-75.24968500041109, 39.95735299971721], [-75.24977800029752, 39.9574250002577], [-75.2500369998653, 39.9576539996748], [-75.25017699960738, 39.95779099999686], [-75.25024199990472, 39.95787199973652], [-75.25035900008056, 39.95801400003461], [-75.25046200001273, 39.958118999667825], [-75.25055900009711, 39.95823200032581], [-75.25066600022723, 39.95832800002516], [-75.2507349998242, 39.95842599988051], [-75.25079300044884, 39.95852899997056], [-75.25083899958128, 39.95863800007075], [-75.25087499956629, 39.95872799973188], [-75.25088100031238, 39.95880799994328], [-75.25089100035814, 39.95894199995002], [-75.2508829999622, 39.959024000184336], [-75.25085000035024, 39.95909899971637], [-75.25075200044095, 39.95915499970806], [-75.25060500012788, 39.95923899995392], [-75.25045399961682, 39.95931799977951], [-75.2502910003085, 39.95939700020239], [-75.2500800004213, 39.95948199993661], [-75.24982599997809, 39.959573000336924], [-75.24965199990083, 39.959638999840216], [-75.24955200034172, 39.959682000150075], [-75.24944299966346, 39.959752000052134], [-75.24931799998997, 39.959839000283054], [-75.24921300040799, 39.95992100013028], [-75.24912200017141, 39.95999000000948], [-75.24897200038357, 39.96007099989863], [-75.24883699976603, 39.96012900002376], [-75.24868899962804, 39.960199000156855], [-75.24854600041122, 39.960269000218226], [-75.24845900037259, 39.960333000191966], [-75.2483830002046, 39.96042499992018], [-75.24833499962571, 39.96051599975405], [-75.24828199992227, 39.9606209996768], [-75.24819800025668, 39.96072499967081], [-75.24805799961628, 39.960885999912286], [-75.24797499977561, 39.96099699991361], [-75.24792200007217, 39.96108499969979], [-75.24789199993492, 39.961181000213635], [-75.24787199984344, 39.96134100031152], [-75.24787199984344, 39.961430000100684], [-75.24786699982057, 39.96149299992003], [-75.2478409998813, 39.96161300016954], [-75.24782300033796, 39.961689999811334], [-75.24780700044441, 39.96176499986194], [-75.24777399993415, 39.96183699988821], [-75.2477410003222, 39.96190399971064], [-75.247706999987, 39.96197700002825], [-75.24770199996412, 39.96205600013323], [-75.24772600025356, 39.96216700030079], [-75.24776200023858, 39.9622250000251], [-75.24777599958396, 39.96230300009917], [-75.24775200019285, 39.96245199971962], [-75.24771500038291, 39.96266200034316], [-75.24768799972043, 39.96281699966834], [-75.24796499972986, 39.96282699979046], [-75.24815100040101, 39.96284600029378], [-75.2482710000516, 39.96286899973637], [-75.24869700002395, 39.96293899981851], [-75.2490739995925, 39.96298700016776], [-75.24938300028731, 39.96300599993814], [-75.24977199955143, 39.96300800009486], [-75.25006600017761, 39.96298700016776], [-75.25009200011688, 39.96298400027602], [-75.25020500009478, 39.9629729997538], [-75.25027299986685, 39.96296300034161], [-75.25059599990703, 39.96291700013482], [-75.25081500019014, 39.962881000011315], [-75.25099599994012, 39.96285299982559], [-75.2511569995986, 39.96282699979046], [-75.2516420000205, 39.962749000314176], [-75.2518040004022, 39.962723999977726], [-75.25197299955829, 39.96270000005921], [-75.25247899989658, 39.96262800025321], [-75.2526489997759, 39.96260500004096], [-75.25282399967807, 39.96258499973042], [-75.25334799955972, 39.96252700031147], [-75.25352400018514, 39.96250799971944], [-75.25366899995008, 39.962488999810724], [-75.25410499996818, 39.96243299979535], [-75.25425099955804, 39.96241500029703], [-75.25440200006909, 39.96239200001318], [-75.25485700035377, 39.962322000059565], [-75.25500899979141, 39.962300000177414], [-75.25516899962498, 39.96227199975377], [-75.25565200039705, 39.96218999997182], [-75.25581300005554, 39.96216399968451], [-75.25594799977475, 39.96214399993351], [-75.25619399982205, 39.96210899983871], [-75.2563529998307, 39.962078000093896], [-75.25648800044823, 39.96205300020064], [-75.25662599964218, 39.96202999979497], [-75.25670699983303, 39.9620170003107], [-75.25672699992451, 39.96210500016118], [-75.25691299969736, 39.962891999859806], [-75.25699200023838, 39.963216999968154], [-75.2570499999647, 39.96347399989858], [-75.25711000023917, 39.96371900011421], [-75.25712899960742, 39.963726000245174], [-75.25724999998125, 39.963752999661686], [-75.25731899957823, 39.963766999915926], [-75.25741800021075, 39.96376600019295], [-75.25748699980771, 39.9637440000869], [-75.25754299988421, 39.963704999850144], [-75.25762900009794, 39.96366400014222], [-75.25770500026591, 39.96363100027551], [-75.25778800010659, 39.963601999983084], [-75.2578580004268, 39.96359400011387], [-75.25793299987156, 39.96362400013483], [-75.2579939999709, 39.96367700000192], [-75.2580140000624, 39.9637390000931], [-75.25801200041256, 39.96385399985788], [-75.2580140000624, 39.96399300027937], [-75.25799099959785, 39.96409499983922], [-75.25796200018385, 39.96416099979736], [-75.25794399974221, 39.96423599989152], [-75.25794399974221, 39.964300999998386], [-75.25797600042758, 39.96437700034155], [-75.25800700038971, 39.964399000243915], [-75.25805800044334, 39.96442800019829], [-75.25812000036761, 39.96444599985519], [-75.25818899996459, 39.96445000008429], [-75.25827099998035, 39.96445200019876], [-75.25833899975243, 39.96444899968278], [-75.25840700042278, 39.96445200019876], [-75.25847000017197, 39.964483999956705], [-75.25851000035495, 39.96453499973368], [-75.25854700016487, 39.96461799985631], [-75.25858999982259, 39.96470799990864], [-75.25863699967825, 39.96476600023151], [-75.25868400043223, 39.964846000263655], [-75.25870600017355, 39.96490300007459], [-75.25871299984622, 39.96496499974249], [-75.25871500039436, 39.965059000219966], [-75.2587110001964, 39.96524000012355], [-75.25870000032575, 39.96532399977901], [-75.25870899964826, 39.96537800009323], [-75.25873799996059, 39.96544699997359], [-75.2587670002729, 39.9655159997843], [-75.25879700041013, 39.96557100033198], [-75.25883900024292, 39.965613999665244], [-75.25889000029656, 39.965648000335804], [-75.25897399996214, 39.96567600006532], [-75.2590779997192, 39.965692000003976], [-75.25921400016166, 39.96569699985494], [-75.25933299998734, 39.9656980002382], [-75.25939999993449, 39.96571600024919], [-75.25942300039902, 39.96576100025598], [-75.25942699969866, 39.965813000150376], [-75.25942800042189, 39.965891999953975], [-75.2594500001632, 39.96594700019911], [-75.25955100044554, 39.96600999998743], [-75.25964900035483, 39.96604100001494], [-75.25977900005117, 39.96608099998524], [-75.25990899974751, 39.96611499973504], [-75.26006500028144, 39.96619599994161], [-75.2603089997806, 39.96625700012733], [-75.2604910002538, 39.96631299976461], [-75.26058400014021, 39.96627299993], [-75.260661999958, 39.96626899980755], [-75.26075099964646, 39.96627999979946], [-75.26082799963936, 39.96627000018244], [-75.26093200029476, 39.966242000007696], [-75.26102600000608, 39.966198000005], [-75.26111499969453, 39.966136000078315], [-75.2611609997253, 39.96608099998524], [-75.26121500015198, 39.96602599984791], [-75.26128399974894, 39.96599699988287], [-75.26138599985619, 39.96600100002124], [-75.26144500030574, 39.96603099967446], [-75.26147899974261, 39.96607600016235], [-75.261547000413, 39.96611600011218], [-75.2616610002158, 39.96615899979116], [-75.26173599966056, 39.96618200018477], [-75.26181100000363, 39.9661899997511], [-75.2618930000194, 39.9661710001771], [-75.26201299966999, 39.96613499970147], [-75.26209300003593, 39.96608700018532], [-75.26210399990659, 39.96605400011112], [-75.26211599960216, 39.9660059998496], [-75.26213800024178, 39.965965000144536], [-75.26215300031039, 39.96594999996084], [-75.26216900020393, 39.96593400008257], [-75.26224199999885, 39.96588000020757], [-75.26226499956506, 39.96585800009327], [-75.26227700015896, 39.96584999979959], [-75.26234199955798, 39.965784000094985], [-75.26238199974094, 39.96573900010338], [-75.26242199992392, 39.96567600006532], [-75.26245700008401, 39.96563300008255], [-75.2625120003356, 39.96561099988876], [-75.26255900019126, 39.965617000130095], [-75.26261799974249, 39.96562600014684], [-75.26267899984185, 39.96563799993783], [-75.26276599988051, 39.965646999951815], [-75.26283600020069, 39.96563900032195], [-75.26291900004138, 39.965608999808204], [-75.26296099987417, 39.96557899996981], [-75.26302799982132, 39.96553100006322], [-75.26309200029372, 39.96548599990509], [-75.26314400017226, 39.96545899979599], [-75.26319500022589, 39.96545699971099], [-75.26325100030239, 39.965474000087426], [-75.26330700037889, 39.96550499966947], [-75.26338299964856, 39.96554499995343], [-75.26346700021246, 39.96557699988831], [-75.26352999996165, 39.965605000335415], [-75.26361399962722, 39.965621000290675], [-75.26369599964299, 39.965613999665244], [-75.26377000016116, 39.9655960003159], [-75.26385499965166, 39.96555600006183], [-75.2639280003449, 39.96552899998032], [-75.26399000026919, 39.96549099977112], [-75.26401600020846, 39.96545699971099], [-75.26405600039143, 39.96542100023639], [-75.26413099983618, 39.96537300021888], [-75.26424200016426, 39.96531199993291], [-75.26437299968552, 39.96524200021491], [-75.26449599970915, 39.96519499977383], [-75.26455299961057, 39.96518099981199], [-75.26464399984715, 39.96517899971885], [-75.26475799964999, 39.96518400029585], [-75.26491800038187, 39.96518900018397], [-75.26505800012396, 39.965191999978956], [-75.26525200029272, 39.96520700032897], [-75.26538799983685, 39.96522400007912], [-75.26544800011129, 39.96525699986544], [-75.26552799957892, 39.96535000024161], [-75.26556600011207, 39.96540399984678], [-75.26559799989913, 39.96544799967199], [-75.26565599962544, 39.965526000200114], [-75.2657440003873, 39.96562600014684], [-75.26580600031158, 39.96571600024919], [-75.26585800019012, 39.96579100001451], [-75.26592099993931, 39.96586000016654], [-75.26604800016092, 39.965925999797776], [-75.26606200040463, 39.965929999940286], [-75.26619299992588, 39.96596799990554], [-75.26631299957647, 39.9660039997806], [-75.26639499959225, 39.96601800026239], [-75.26654500027837, 39.96602100002101], [-75.26670699976177, 39.96602100002101], [-75.26679499962532, 39.96600900029725], [-75.26690900032645, 39.966007999918546], [-75.26702399995418, 39.96602500015797], [-75.26710000012217, 39.96604999997587], [-75.267137999757, 39.966061999692435], [-75.26721399992499, 39.96609200000739], [-75.26724499988713, 39.966116999800796], [-75.26738600035243, 39.966215000197174], [-75.26747500004087, 39.966259999875454], [-75.26753799979008, 39.96627200024366], [-75.26759800006454, 39.96627299993], [-75.26767000003456, 39.966297999657264], [-75.2677789998145, 39.96634099991027], [-75.26781800017255, 39.966358999751975], [-75.26790900040915, 39.96639999990919], [-75.26812899961887, 39.96649100005274], [-75.26839300010782, 39.96658899991298], [-75.26846099987988, 39.96661800031539], [-75.26851299975841, 39.96665100011733], [-75.26856800001, 39.96669099973072], [-75.2687010000794, 39.966795999809385], [-75.26877300004942, 39.96685999987002], [-75.26884599984436, 39.966946000330495], [-75.26891600016455, 39.967040999824754], [-75.26901599972368, 39.96723499986031], [-75.26904400021107, 39.96728499997901], [-75.26908000019608, 39.96733000032995], [-75.26912500040193, 39.967360999758895], [-75.26915700018897, 39.967374000292565], [-75.26920599969446, 39.96738100004929], [-75.26927199981671, 39.9673910001923], [-75.26935700020552, 39.967402000003666], [-75.26944500006906, 39.967387999805304], [-75.26949799977251, 39.967374999962786], [-75.26954800000122, 39.96735499967064], [-75.26961400012348, 39.96733100000082], [-75.26967000019997, 39.96731699978792], [-75.26974100034506, 39.967314999757264], [-75.26980099972121, 39.96732600026935], [-75.26985699979772, 39.96734399985171], [-75.269918999722, 39.967379999690664], [-75.26996099955478, 39.96742499997907], [-75.27000199956268, 39.96747900001062], [-75.27003000005007, 39.967551999883526], [-75.27005400033953, 39.96765299997527], [-75.27007299970779, 39.96772900003447], [-75.27013999965494, 39.96787200017957], [-75.27019200043179, 39.96797699982126], [-75.27029700001377, 39.968184000334084], [-75.27038800025036, 39.96832199986882], [-75.27040199959575, 39.96835700022533], [-75.27041300036473, 39.96842799985105], [-75.27042199968724, 39.96847900012815], [-75.2704469998016, 39.96852799968361], [-75.27050100022826, 39.96858499986691], [-75.27052200014467, 39.96860200015398], [-75.27056999982524, 39.968638000018935], [-75.27059800031266, 39.96865999992707], [-75.2706510000161, 39.96867500020457], [-75.27071799996325, 39.96867100022268], [-75.27077300021483, 39.96866300025823], [-75.27083799961385, 39.96864399999458], [-75.27091299995693, 39.96861899974833], [-75.27098599975186, 39.968602999806244], [-75.27104299965328, 39.96860899978496], [-75.27110899977549, 39.96861899974833], [-75.27116800022505, 39.968632999694584], [-75.27124100001997, 39.96866300025823], [-75.2713270002337, 39.96869100012981], [-75.27140699970134, 39.96870399972207], [-75.27149100026524, 39.968709000041216], [-75.27158999999943, 39.96871500001064], [-75.27169799995447, 39.96872899993723], [-75.27180199971154, 39.9687560001318], [-75.2718629998109, 39.96880500017713], [-75.27192200026046, 39.96885899980709], [-75.27198500000965, 39.96894400017087], [-75.27202400036771, 39.96898500015463], [-75.27208600029198, 39.96901099991333], [-75.27219599989684, 39.969047000251365], [-75.27234400003483, 39.9690940001095], [-75.27250499969334, 39.96913100004837], [-75.27262500024226, 39.969177999848746], [-75.27272599962626, 39.96921699971721], [-75.27281500021304, 39.96924399971898], [-75.27295699960493, 39.96929300010302], [-75.27305399968932, 39.969304999938814], [-75.2731850001089, 39.969304999938814], [-75.27327999964513, 39.96929399974518], [-75.27341500026266, 39.96928100026513], [-75.27349200025556, 39.969275999987815], [-75.27356900024846, 39.969277999961086], [-75.27368100040144, 39.96928700018434], [-75.27381000027287, 39.96929700004851], [-75.27391200038012, 39.96931000021396], [-75.27401199993922, 39.96931499980031], [-75.2741500000315, 39.96931699977244], [-75.2743259997586, 39.96931600013062], [-75.27448800014031, 39.96931000021396], [-75.27480799980744, 39.96929300010302], [-75.27488899999828, 39.96928700018434], [-75.27502700009056, 39.96928900015728], [-75.27508399999198, 39.96929700004851], [-75.27519699996988, 39.969324999660394], [-75.27526599956684, 39.96936400013346], [-75.27532199964334, 39.96941600004107], [-75.2753619998263, 39.96950299967894], [-75.27539399961336, 39.969574999817766], [-75.27545600043595, 39.96977799970524], [-75.2754940000708, 39.9699290002005], [-75.27556699986572, 39.9701250002501], [-75.27560600022379, 39.97021100004525], [-75.27565200025454, 39.97025900010803], [-75.275704999958, 39.97029299984528], [-75.2758189997608, 39.97030999970757], [-75.27600500043197, 39.97031200033899], [-75.27618600018191, 39.9703239999959], [-75.27624499973315, 39.97032999982356], [-75.27627700041852, 39.970342000165765], [-75.27630199963455, 39.970351000248925], [-75.27637000030495, 39.97038800019581], [-75.27641100031282, 39.97041600004931], [-75.276438000077, 39.9704679998451], [-75.2764670003893, 39.9705200002898], [-75.2765080003972, 39.97059000011098], [-75.27655299970472, 39.9706720001448], [-75.27661100032935, 39.97077599999579], [-75.27663999974337, 39.97082800020617], [-75.27665599963687, 39.97086199966035], [-75.27666700040585, 39.97090699972188], [-75.27667400007854, 39.97094499967433], [-75.27666200038298, 39.970983000294055], [-75.27663600044372, 39.97101600005418], [-75.27658700003991, 39.97105599986722], [-75.27652799959037, 39.97109500004105], [-75.27647099968895, 39.97113499980793], [-75.27648499993266, 39.97117799977212], [-75.27652400029072, 39.97122399992801], [-75.27658299984195, 39.97126199970417], [-75.27668900014717, 39.97125299974096], [-75.27676000029228, 39.971243999776576], [-75.2768249996913, 39.9712149999598], [-75.27689599983641, 39.97117500023979], [-75.27707300028672, 39.9711050003292], [-75.2771360000359, 39.97108900028054], [-75.2771979999602, 39.9710820002151], [-75.27726599973225, 39.9710820002151], [-75.27733799970227, 39.971082999831104], [-75.27742100044128, 39.97109699996111], [-75.27749099986315, 39.97110999978426], [-75.27754000026695, 39.97112700013181], [-75.27757600025197, 39.97115000023076], [-75.27761100041207, 39.97117500023979], [-75.2776559997196, 39.97120900020982], [-75.27768699968173, 39.97124699999432], [-75.2777040002985, 39.97128400014465], [-75.27771299962099, 39.97132100027495], [-75.27768800040495, 39.971344999920845], [-75.27764599967384, 39.97136200020988], [-75.27759600034345, 39.9713769998945], [-75.2775510001376, 39.97138599984138], [-75.2775229996502, 39.97140100020917], [-75.27750900030482, 39.971424000215926], [-75.27750299955872, 39.97145200033344], [-75.27750500010686, 39.97148699977582], [-75.27751299960447, 39.971518000073374], [-75.2775290003963, 39.971555000077004], [-75.27755299978743, 39.97158300014086], [-75.27759100032058, 39.97161500000315], [-75.27764099965098, 39.97164300004243], [-75.27767599981107, 39.97165899996139], [-75.27776500039785, 39.971678000075386], [-75.27788599987336, 39.97169299969066], [-75.27796700006421, 39.971713999697215], [-75.27801800011784, 39.97175100028319], [-75.2782969997771, 39.9719279998881], [-75.27835200002869, 39.97201299987774], [-75.27844900011307, 39.97210600001253], [-75.27853699997662, 39.9721850001165], [-75.27860899994663, 39.97226299984199], [-75.27865699962719, 39.972331999657385], [-75.27869699981017, 39.9724139996666], [-75.27870299965797, 39.972442000067], [-75.27872399957437, 39.972530000267284], [-75.27875899973446, 39.97263400004496], [-75.2787770001761, 39.97269199983898], [-75.27877999965087, 39.972745000248715], [-75.27878399984883, 39.97284100022373], [-75.27879499971948, 39.97295000022554], [-75.27880999978808, 39.97305099991414], [-75.27882999987958, 39.97316200012906], [-75.27885900019189, 39.97324699996094], [-75.27891600009329, 39.973314999887954], [-75.2789520000783, 39.97335900012869], [-75.27897100034488, 39.973446000255265], [-75.27899800010906, 39.97352599976754], [-75.27904599978963, 39.97361800032998], [-75.27908099994973, 39.973690999842624], [-75.27910900043713, 39.97381200028707], [-75.27912299978252, 39.97391300007866], [-75.27916999963819, 39.97398599996464], [-75.27924199960822, 39.97403100003466], [-75.27935899978408, 39.974071999720834], [-75.27946500008927, 39.974121999657406], [-75.2795999998085, 39.97418500017253], [-75.27980499984791, 39.974319999900665], [-75.27995499963575, 39.97442399970825], [-75.28002699960578, 39.9745020003206], [-75.2800440002225, 39.97454000033957], [-75.2800850002304, 39.974624000270225], [-75.28013000043624, 39.974734999995704], [-75.28019200036053, 39.97483500023901], [-75.28022999999536, 39.974887999675296], [-75.28026599998037, 39.97496399995124], [-75.28029399956945, 39.97499600029579], [-75.28094399984779, 39.97468999970081], [-75.28129500037538, 39.974528000045986], [-75.28186399956456, 39.97426200011133], [-75.28296300027978, 39.97375099995893], [-75.28410499975439, 39.97321700003236], [-75.28486499963759, 39.97286100028759], [-75.28559600010678, 39.97251800030922], [-75.28574900026764, 39.97244799970875], [-75.28642799996, 39.97214000020794], [-75.28662799997653, 39.97204700011936], [-75.28733299960814, 39.97172099969797], [-75.28808900019169, 39.97137300007071], [-75.28899300001493, 39.97096200006287], [-75.28963999992021, 39.9706659996587], [-75.28988900034055, 39.970551000337466], [-75.29059099959912, 39.97023300013561], [-75.29093600027893, 39.97007700009318], [-75.29150799984114, 39.96981499996234], [-75.29164199973546, 39.969750999914346], [-75.29196599960055, 39.96958999989453], [-75.29291899982759, 39.96914099993537], [-75.29329000044667, 39.96898500015463], [-75.2938839997502, 39.96873200026536], [-75.29431100044579, 39.96855499995756], [-75.29451800013501, 39.968469000144296], [-75.29477199967991, 39.96836199988139], [-75.29511399998667, 39.968205999699904], [-75.29560699990618, 39.96797800017114], [-75.29580799974762, 39.96789700001053], [-75.29586800002208, 39.96787299984256], [-75.29606399984065, 39.96779600027935], [-75.29674500008113, 39.967472000263925], [-75.29721899973406, 39.967238999926245], [-75.2974329999943, 39.96713300016575], [-75.2977989996922, 39.96695399980742], [-75.2984740000849, 39.966644000285854], [-75.29914500027962, 39.96633699979181], [-75.30002800018647, 39.965940999986735], [-75.30023900007366, 39.96584799972602], [-75.30097800004046, 39.96552299973133], [-75.30176300003802, 39.9651759999233], [-75.30214600035265, 39.96500100014571], [-75.30240400009552, 39.964884999849545], [-75.30281300034943, 39.96470299998535], [-75.30315999978076, 39.96455099993936], [-75.30321300038253, 39.96452900008586], [-75.3039930003572, 39.96418200005233], [-75.304648999585, 39.963890000157654], [-75.30469999963863, 39.963868000091445], [-75.30571999981282, 39.96341099983892], [-75.30649800013767, 39.96306700021606], [-75.30678600001777, 39.96293899981851], [-75.30765399985599, 39.96255499994211], [-75.30838399960196, 39.96222700020466], [-75.30903899990315, 39.961939999660075], [-75.30910000000253, 39.96191600015491], [-75.30925099961527, 39.961847000153625], [-75.31009699971217, 39.96146700005629], [-75.3104149997295, 39.96132500004318], [-75.31106599983275, 39.96103900029513], [-75.31109000012219, 39.96102899991155], [-75.31150699987371, 39.96084400012534], [-75.31155299990446, 39.960823999988186], [-75.31206799956527, 39.96059599993933], [-75.31210500027352, 39.960580999954736], [-75.3123510003208, 39.960469000195474], [-75.31280999990511, 39.960261999733326], [-75.31321999998396, 39.96007900017999], [-75.31401500002724, 39.959708000004035], [-75.31416900001304, 39.95965799985236], [-75.31432200017392, 39.95960999992024], [-75.31462900032055, 39.95947599984543], [-75.3150119997369, 39.95930099993809], [-75.31532800010439, 39.959137999826126], [-75.31563299970291, 39.95900299972227], [-75.31606399969813, 39.958815999683885], [-75.31702299977295, 39.95842299978866], [-75.31739000019407, 39.95826000033816], [-75.31744600027059, 39.95823600022993], [-75.31784399975552, 39.95806199970991], [-75.31805999966559, 39.95796499982927], [-75.31845300002598, 39.95779800004615], [-75.31865399986742, 39.957707999849575], [-75.31898600012845, 39.95756399997731], [-75.31937299974274, 39.95739399976651], [-75.319763999555, 39.957223000003], [-75.32007999992248, 39.95707899979801], [-75.32015600009046, 39.95704099971246], [-75.32023399990828, 39.95699300000916], [-75.3203829998712, 39.95693199982112], [-75.32052299961327, 39.95687399973867], [-75.32068900019294, 39.956808000321004], [-75.32076700001075, 39.95677800006388], [-75.32091900034669, 39.95671999985076], [-75.32099299996656, 39.95669199989651], [-75.32129500009034, 39.956584999793506], [-75.32148300041133, 39.95651800026797], [-75.32174000032927, 39.95642699993375], [-75.3220099997677, 39.95633100032009], [-75.32220200028664, 39.956247999778], [-75.32236299994511, 39.95616999968282], [-75.32253399964934, 39.956087000322526], [-75.32268500016039, 39.956013000077824], [-75.32282999992535, 39.95594299979126], [-75.32287799960594, 39.95592499996176], [-75.32297700023845, 39.95587399996008], [-75.32322499993555, 39.955766000114444], [-75.32326299957039, 39.95575200028774], [-75.32344900024155, 39.95566700004876], [-75.32363400018946, 39.955589999822074], [-75.3238059997186, 39.95551700026042], [-75.32395200020679, 39.955456000133005], [-75.3241430000025, 39.955376000131835], [-75.32427500024698, 39.95532100033497], [-75.3244529996239, 39.955246999950035], [-75.3246080003329, 39.955182000187925], [-75.32476599961835, 39.955116999675475], [-75.32494200024375, 39.955042999758426], [-75.32508000033602, 39.95498599999102], [-75.32525299969006, 39.954914000325694], [-75.32542599994242, 39.954841000042485], [-75.32558400012617, 39.95477500004007], [-75.32569000043138, 39.95473100023264], [-75.325769999899, 39.95469599978653], [-75.32585299973968, 39.95466100001112], [-75.32603400038798, 39.95459399997792], [-75.32616699955904, 39.954544000218704], [-75.32633800016158, 39.9544810001946], [-75.32644799976643, 39.95443999977612], [-75.32658500003379, 39.954389000044245], [-75.3267480002404, 39.954330000009904], [-75.32683500027905, 39.95429599990865], [-75.3269659998003, 39.95424699979375], [-75.32712900000692, 39.95418599991087], [-75.32721699987047, 39.95415500001726], [-75.32737000003134, 39.95410099979135], [-75.32750999977341, 39.95405200022536], [-75.32775199962276, 39.9539590003202], [-75.32795699966216, 39.95386899989166], [-75.32808200023395, 39.95381400026013], [-75.32818299961798, 39.95376999983441], [-75.32830800018976, 39.953715000123275], [-75.3284589998025, 39.95364899972288], [-75.32867200023783, 39.9535559999583], [-75.33171699979349, 39.95222799968377]], [[-75.26520000041418, 39.948265000115725], [-75.26521999960734, 39.94841100017945], [-75.26473099988581, 39.94834200032496], [-75.26278500014708, 39.948066000211], [-75.26213700041686, 39.94797399969602], [-75.26195599976859, 39.94793899992423], [-75.26141299962038, 39.947833999812765], [-75.2612319998704, 39.947798999969315], [-75.26100599991459, 39.94775499980624], [-75.26051499964491, 39.94765999968639], [-75.26032800004717, 39.947623999794935], [-75.26010299991627, 39.947581000167624], [-75.26003699979404, 39.94752600030061], [-75.25993800005983, 39.94744400005369], [-75.25983299957952, 39.94737100006188], [-75.25976300015765, 39.947322999770066], [-75.25943900029255, 39.947069000334075], [-75.25935399990374, 39.94700299971893], [-75.25910200000867, 39.946805000246165], [-75.25901800034306, 39.946739000065016], [-75.25895999971844, 39.9466939999363], [-75.25886299963405, 39.94661799991182], [-75.25878800018931, 39.94655900006117], [-75.2587310002879, 39.94651399981405], [-75.25863599985334, 39.94643800027836], [-75.25835399982101, 39.94621099976686], [-75.25826000010969, 39.9461359998753], [-75.25821999992672, 39.946106999739065], [-75.25810299975086, 39.946022999892584], [-75.25806400029113, 39.94599499969126], [-75.25800300019175, 39.94594599982789], [-75.2578230002667, 39.94580099999851], [-75.25776299999224, 39.94575299998259], [-75.2576700001058, 39.94567400032773], [-75.257472999564, 39.94550800013688], [-75.25738700024858, 39.94544300007271], [-75.25729099998914, 39.945370000011756], [-75.25714000037638, 39.94525200017312], [-75.25706000001044, 39.94518899985495], [-75.25680100044268, 39.94496600001157], [-75.25670099998526, 39.94488400013967], [-75.25654799982438, 39.944706000079435], [-75.25632900043958, 39.94457299973215], [-75.25601600044513, 39.944366000054735], [-75.25580399983471, 39.94421200024107], [-75.25576299982681, 39.94408200034325], [-75.25574199991041, 39.943946000122175], [-75.25571299959812, 39.94369099983992], [-75.2557689996746, 39.943252000152505], [-75.25588599985048, 39.94233299980391], [-75.2559429997519, 39.94217199996506], [-75.25597899973688, 39.941958999660244], [-75.25609000006499, 39.94132100032859], [-75.2561269998749, 39.94110900018388], [-75.25623700037806, 39.94108999983995], [-75.25656799991587, 39.94103600031989], [-75.25667900024395, 39.94101800001124], [-75.25681499978806, 39.940991999939705], [-75.25722700041504, 39.940916999836844], [-75.25736399978406, 39.94089199978431], [-75.25771299976353, 39.9408390001662], [-75.25781800024382, 39.94081999974726], [-75.25813600026113, 39.940766000014115], [-75.25824199966803, 39.9407480003232], [-75.25833200007972, 39.940732000058254], [-75.25860200041646, 39.94068700011097], [-75.25869299975474, 39.94067299995295], [-75.25877399994559, 39.94065600029841], [-75.25901900016798, 39.94060900017811], [-75.25910100018375, 39.940593999942394], [-75.25923500007805, 39.94057099989601], [-75.25963900030908, 39.94050399983667], [-75.2597740000283, 39.94048199982342], [-75.25980099979249, 39.94047999969665], [-75.2599840000906, 39.940448999790306], [-75.26002400027356, 39.94044099996773], [-75.26019300032796, 39.94041200017253], [-75.2607029999659, 39.94032900028704], [-75.26087299984522, 39.94030099982169], [-75.26107799988462, 39.940261999990746], [-75.26169600037592, 39.94014599974406], [-75.26190200024023, 39.94010799989362], [-75.26209999970862, 39.94007100009146], [-75.26269399991048, 39.93996400016011], [-75.2628930001021, 39.93992799966285], [-75.26302899964622, 39.939901999865896], [-75.26322000034025, 39.93986800016944], [-75.26327800006658, 39.93997799977443], [-75.26339000021957, 39.940081000095844], [-75.26356000009886, 39.940261999990746], [-75.26366499968087, 39.940371000274894], [-75.26372599978023, 39.94045600023692], [-75.26379100007756, 39.940560999963296], [-75.26383700010831, 39.94064000001195], [-75.26389599965954, 39.94074199996599], [-75.26396000013195, 39.94084900005829], [-75.26401000036068, 39.94092599966072], [-75.26402700007911, 39.94098600029265], [-75.26406499971394, 39.941119000036515], [-75.26408800017848, 39.941218999860155], [-75.26410099969895, 39.94129999994074], [-75.26411499994266, 39.94145200001171], [-75.26413000001126, 39.941620999852844], [-75.26415000010276, 39.94179200005373], [-75.26417199984405, 39.94194000024111], [-75.26418899956249, 39.94205999967402], [-75.2642100003772, 39.94220599989414], [-75.26422999957039, 39.94234300016641], [-75.26424899983697, 39.942465999684465], [-75.26426999975337, 39.942538000055734], [-75.26428200034724, 39.94264800018958], [-75.26429400004281, 39.942754000026085], [-75.26431300030937, 39.94290999973365], [-75.2643359998756, 39.943067999825445], [-75.26435500014216, 39.94320100034348], [-75.26437600005856, 39.943344000130445], [-75.26440399964767, 39.94350399994719], [-75.26442999958692, 39.94364099968661], [-75.26445100040165, 39.943751000113345], [-75.26448400001361, 39.94392699987733], [-75.26450800030304, 39.94409299977199], [-75.2645269996713, 39.94423299973518], [-75.26454599993788, 39.94435699999466], [-75.26456799967919, 39.94449600010165], [-75.26458699994578, 39.944620999887306], [-75.2646100004103, 39.94476700015221], [-75.26462700012874, 39.944865000155325], [-75.26464999969497, 39.9450029999216], [-75.26466700031172, 39.94510000027945], [-75.26468700040319, 39.94521799969159], [-75.26471499999228, 39.945386999872525], [-75.2647529996271, 39.94556100027062], [-75.2647869999623, 39.945709999867915], [-75.26480899970362, 39.945833000220055], [-75.2648289997951, 39.94595900030104], [-75.26485300008454, 39.9461150002766], [-75.26487499982585, 39.94626200008693], [-75.26490099976512, 39.9464299997786], [-75.26491699965864, 39.946530000104296], [-75.26493599992521, 39.946646999831444], [-75.26495500019179, 39.94676400004719], [-75.26497299973514, 39.946877000183356], [-75.2649900003519, 39.946978999792506], [-75.26500799989523, 39.94708399983895], [-75.26502899981163, 39.94720000003085], [-75.26504700025329, 39.94730199984704], [-75.26506300014684, 39.947391000001346], [-75.26507800021545, 39.94748199996196], [-75.26508999991101, 39.94756200024359], [-75.26510199960657, 39.94765599985241], [-75.26512099987315, 39.94778799975903], [-75.2651450001626, 39.947939999878606], [-75.2651450001626, 39.94804100001594], [-75.26516600007899, 39.94807599973553], [-75.26517600012474, 39.94813700024692], [-75.26520000041418, 39.948265000115725]]], [[[-75.285217999815, 39.92552400015854], [-75.28406600029466, 39.92551000034313], [-75.28311399989252, 39.92550599990331], [-75.28223400035873, 39.925515999969164], [-75.28202199974831, 39.92551799984435], [-75.28141000000312, 39.92552400015854], [-75.2813890000867, 39.925522999876584], [-75.28117900002442, 39.92551499968709], [-75.28106100002367, 39.925471999944044], [-75.28070799984626, 39.9253440001486], [-75.28059099967038, 39.92530199989449], [-75.28040099969957, 39.92523399975651], [-75.28033999960022, 39.92521299994335], [-75.2799720002525, 39.925092000304126], [-75.27983099978718, 39.92504299993959], [-75.2796419996413, 39.924977999725286], [-75.27959700033378, 39.924961999906856], [-75.27946199971625, 39.92491500003101], [-75.27941700040871, 39.924899999800004], [-75.27919200027783, 39.924828000161085], [-75.27859800007597, 39.92463899980135], [-75.27852000025817, 39.924612000101014], [-75.2782969997771, 39.92453699995906], [-75.27808099986703, 39.92446699984429], [-75.27772199984182, 39.92435099969334], [-75.27755199996253, 39.92428400028867], [-75.2774449998324, 39.9242330001221], [-75.27724099961789, 39.92413599980848], [-75.27720100033325, 39.924115999961096], [-75.27708400015737, 39.924055999695], [-75.27704499979932, 39.924037000127946], [-75.27693900039242, 39.92398500016183], [-75.2766210003751, 39.923830999951065], [-75.27651500006988, 39.92378000013599], [-75.27627200039564, 39.923673000224795], [-75.27610599981597, 39.923599999674366], [-75.27556299966776, 39.92334899992474], [-75.27554799959914, 39.92334199979505], [-75.27531099977267, 39.9232250001782], [-75.2750019999762, 39.923343999733746], [-75.27472400014186, 39.92348400012128], [-75.274606999966, 39.92353399984587], [-75.27447700026966, 39.923588000086085], [-75.27435500007091, 39.923639000044176], [-75.27421000030594, 39.923700000295426], [-75.27404999957407, 39.92376599996396], [-75.27398099997708, 39.92379699984891], [-75.27206299982745, 39.924603999805065], [-75.27159199964926, 39.9248029997425], [-75.27073800005473, 39.92516399966546], [-75.27107799981336, 39.92563499967616], [-75.2711299996919, 39.92568400030591], [-75.27127700000499, 39.925825000319556], [-75.2715170002045, 39.926054000118654], [-75.27186799983377, 39.92638999980613], [-75.27225299979825, 39.926758000097756], [-75.27219599989684, 39.9271190000454], [-75.27196300026834, 39.92743499976143], [-75.27190499964371, 39.927660000061024], [-75.27178900019106, 39.92774999983603], [-75.27179099984089, 39.92820099993463], [-75.27196200044342, 39.928485000114044], [-75.2723830003929, 39.929187000125125], [-75.27255699957186, 39.92947700031489], [-75.27307899980369, 39.93034799992375], [-75.27308600037469, 39.93035999970492], [-75.27316199964436, 39.930676000303805], [-75.27320500020038, 39.93085499986726], [-75.27321000022326, 39.93091899980921], [-75.27325999955366, 39.93153400004358], [-75.27326700012466, 39.93162099965749], [-75.2732989999117, 39.9316450001491], [-75.27338400030052, 39.93171099973553], [-75.27341500026266, 39.93184899985498], [-75.27344399967666, 39.931980999948486], [-75.27353800028631, 39.93206000025841], [-75.27403100020581, 39.93247499991808], [-75.2741430003588, 39.93253899972301], [-75.27426600038244, 39.93261000002849], [-75.27438299966, 39.93261000002849], [-75.27444399975937, 39.93265599995429], [-75.27462700005746, 39.93279700007325], [-75.27468800015684, 39.93284400004837], [-75.27484499961734, 39.932964000278076], [-75.275087000365, 39.933148999703455], [-75.27532199964334, 39.93323799966958], [-75.27535199978057, 39.93326600026962], [-75.27549900009366, 39.93340100019755], [-75.2756150004446, 39.93350800005838], [-75.2755579996449, 39.93386800006803], [-75.27543999964412, 39.933982000307694], [-75.2750920003879, 39.934319999962774], [-75.27509300021279, 39.93459000021609], [-75.27538699994066, 39.934814999728275], [-75.27632000007621, 39.934811999978464], [-75.27661600035223, 39.934811999978464], [-75.27696899963134, 39.93464299985246], [-75.27737500041052, 39.93444899965796], [-75.2778950000942, 39.9341269996978], [-75.27795899966829, 39.934087999792254], [-75.27807599984415, 39.934087000324254], [-75.27947599995994, 39.93304800031372], [-75.27970899958845, 39.932686999946725], [-75.27982300028958, 39.93210100031358], [-75.2799439997651, 39.93191300024523], [-75.27999800019175, 39.931829999695324], [-75.2805220000734, 39.93128800006182], [-75.28068699992984, 39.93116000011925], [-75.28093499962696, 39.93096800010102], [-75.28128100013168, 39.93070099995541], [-75.28174300008905, 39.930500999731684], [-75.28180599983826, 39.93047400027667], [-75.28205100006062, 39.93047400027667], [-75.28221599991706, 39.93047300006704], [-75.28239500001722, 39.93061900020987], [-75.28254399998012, 39.93074099993004], [-75.2827749999588, 39.93020700027069], [-75.28288700011178, 39.9299389996947], [-75.2829430001883, 39.9298050000465], [-75.28307299988465, 39.9294950002149], [-75.28320000010623, 39.929193999657244], [-75.2833239999548, 39.928918999688904], [-75.28356199960618, 39.92838899986502], [-75.28371599959196, 39.92806100023728], [-75.28384700001153, 39.92778700009959], [-75.28389700024024, 39.92768399987484], [-75.28384399963848, 39.9276170002875], [-75.28392300017953, 39.92753599985574], [-75.28397500005805, 39.92748399979168], [-75.28401699989085, 39.92743499976143], [-75.28411700034827, 39.92731899981712], [-75.28412800021893, 39.92727299974912], [-75.28413800026468, 39.92723299981468], [-75.28411300015031, 39.92716599978594], [-75.28403500033251, 39.92705699982529], [-75.2840009999973, 39.927008999749674], [-75.28383399959274, 39.92680300024849], [-75.28379199975996, 39.92673899990273], [-75.28371899996502, 39.926628000108416], [-75.28370700026946, 39.926634000325315], [-75.28343000026001, 39.92633599970926], [-75.285217999815, 39.92552400015854]]]]}, "properties": {"AREALAND": "20267319", "AREAWATER": "0", "BASENAME": "Upper Darby", "CENTLAT": "+39.9490122", "CENTLON": "-075.2891156", "CNECTA": null, "COUNTY": "045", "COUSUB": "79000", "COUSUBCC": "T1", "COUSUBNS": "01216394", "FUNCSTAT": "A", "GEOID": "4204579000", "HU100": null, "INTPTLAT": "+39.9490122", "INTPTLON": "-075.2891156", "LSADC": "44", "MTFCC": "G4040", "NAME": "Upper Darby township", "NECTA": null, "NECTADIV": null, "OBJECTID": 21976, "OID": "27690466316280", "POP100": null, "STATE": "42", "UR": null}}, {"type": "Feature", "id": 34249, "geometry": {"type": "Polygon", "coordinates": [[[-75.28026599998037, 39.97496399995124], [-75.28022999999536, 39.974887999675296], [-75.28019200036053, 39.97483500023901], [-75.28013000043624, 39.974734999995704], [-75.2800850002304, 39.974624000270225], [-75.2800440002225, 39.97454000033957], [-75.28002699960578, 39.9745020003206], [-75.27995499963575, 39.97442399970825], [-75.27980499984791, 39.974319999900665], [-75.2795999998085, 39.97418500017253], [-75.27946500008927, 39.974121999657406], [-75.27935899978408, 39.974071999720834], [-75.27924199960822, 39.97403100003466], [-75.27916999963819, 39.97398599996464], [-75.27912299978252, 39.97391300007866], [-75.27910900043713, 39.97381200028707], [-75.27908099994973, 39.973690999842624], [-75.27904599978963, 39.97361800032998], [-75.27899800010906, 39.97352599976754], [-75.27897100034488, 39.973446000255265], [-75.2789520000783, 39.97335900012869], [-75.27891600009329, 39.973314999887954], [-75.27885900019189, 39.97324699996094], [-75.27882999987958, 39.97316200012906], [-75.27880999978808, 39.97305099991414], [-75.27879499971948, 39.97295000022554], [-75.27878399984883, 39.97284100022373], [-75.27877999965087, 39.972745000248715], [-75.2787770001761, 39.97269199983898], [-75.27875899973446, 39.97263400004496], [-75.27872399957437, 39.972530000267284], [-75.27870299965797, 39.972442000067], [-75.27869699981017, 39.9724139996666], [-75.27865699962719, 39.972331999657385], [-75.27860899994663, 39.97226299984199], [-75.27853699997662, 39.9721850001165], [-75.27844900011307, 39.97210600001253], [-75.27835200002869, 39.97201299987774], [-75.2782969997771, 39.9719279998881], [-75.27801800011784, 39.97175100028319], [-75.27796700006421, 39.971713999697215], [-75.27788599987336, 39.97169299969066], [-75.27776500039785, 39.971678000075386], [-75.27767599981107, 39.97165899996139], [-75.27764099965098, 39.97164300004243], [-75.27759100032058, 39.97161500000315], [-75.27755299978743, 39.97158300014086], [-75.2775290003963, 39.971555000077004], [-75.27751299960447, 39.971518000073374], [-75.27750500010686, 39.97148699977582], [-75.27750299955872, 39.97145200033344], [-75.27750900030482, 39.971424000215926], [-75.2775229996502, 39.97140100020917], [-75.2775510001376, 39.97138599984138], [-75.27759600034345, 39.9713769998945], [-75.27764599967384, 39.97136200020988], [-75.27768800040495, 39.971344999920845], [-75.27771299962099, 39.97132100027495], [-75.2777040002985, 39.97128400014465], [-75.27768699968173, 39.97124699999432], [-75.2776559997196, 39.97120900020982], [-75.27761100041207, 39.97117500023979], [-75.27757600025197, 39.97115000023076], [-75.27754000026695, 39.97112700013181], [-75.27749099986315, 39.97110999978426], [-75.27742100044128, 39.97109699996111], [-75.27733799970227, 39.971082999831104], [-75.27726599973225, 39.9710820002151], [-75.2771979999602, 39.9710820002151], [-75.2771360000359, 39.97108900028054], [-75.27707300028672, 39.9711050003292], [-75.27689599983641, 39.97117500023979], [-75.2768249996913, 39.9712149999598], [-75.27676000029228, 39.971243999776576], [-75.27668900014717, 39.97125299974096], [-75.27658299984195, 39.97126199970417], [-75.27652400029072, 39.97122399992801], [-75.27648499993266, 39.97117799977212], [-75.27647099968895, 39.97113499980793], [-75.27652799959037, 39.97109500004105], [-75.27658700003991, 39.97105599986722], [-75.27663600044372, 39.97101600005418], [-75.27666200038298, 39.970983000294055], [-75.27667400007854, 39.97094499967433], [-75.27666700040585, 39.97090699972188], [-75.27665599963687, 39.97086199966035], [-75.27663999974337, 39.97082800020617], [-75.27661100032935, 39.97077599999579], [-75.27655299970472, 39.9706720001448], [-75.2765080003972, 39.97059000011098], [-75.2764670003893, 39.9705200002898], [-75.276438000077, 39.9704679998451], [-75.27641100031282, 39.97041600004931], [-75.27637000030495, 39.97038800019581], [-75.27630199963455, 39.970351000248925], [-75.27627700041852, 39.970342000165765], [-75.27624499973315, 39.97032999982356], [-75.27618600018191, 39.9703239999959], [-75.27600500043197, 39.97031200033899], [-75.2758189997608, 39.97030999970757], [-75.275704999958, 39.97029299984528], [-75.27565200025454, 39.97025900010803], [-75.27560600022379, 39.97021100004525], [-75.27556699986572, 39.9701250002501], [-75.2754940000708, 39.9699290002005], [-75.27545600043595, 39.96977799970524], [-75.27539399961336, 39.969574999817766], [-75.2753619998263, 39.96950299967894], [-75.27532199964334, 39.96941600004107], [-75.27526599956684, 39.96936400013346], [-75.27519699996988, 39.969324999660394], [-75.27508399999198, 39.96929700004851], [-75.27502700009056, 39.96928900015728], [-75.27488899999828, 39.96928700018434], [-75.27480799980744, 39.96929300010302], [-75.27448800014031, 39.96931000021396], [-75.2743259997586, 39.96931600013062], [-75.2741500000315, 39.96931699977244], [-75.27401199993922, 39.96931499980031], [-75.27391200038012, 39.96931000021396], [-75.27381000027287, 39.96929700004851], [-75.27368100040144, 39.96928700018434], [-75.27356900024846, 39.969277999961086], [-75.27349200025556, 39.969275999987815], [-75.27341500026266, 39.96928100026513], [-75.27327999964513, 39.96929399974518], [-75.2731850001089, 39.969304999938814], [-75.27305399968932, 39.969304999938814], [-75.27295699960493, 39.96929300010302], [-75.27281500021304, 39.96924399971898], [-75.27272599962626, 39.96921699971721], [-75.27262500024226, 39.969177999848746], [-75.27250499969334, 39.96913100004837], [-75.27234400003483, 39.9690940001095], [-75.27219599989684, 39.969047000251365], [-75.27208600029198, 39.96901099991333], [-75.27202400036771, 39.96898500015463], [-75.27198500000965, 39.96894400017087], [-75.27192200026046, 39.96885899980709], [-75.2718629998109, 39.96880500017713], [-75.27180199971154, 39.9687560001318], [-75.27169799995447, 39.96872899993723], [-75.27158999999943, 39.96871500001064], [-75.27149100026524, 39.968709000041216], [-75.27140699970134, 39.96870399972207], [-75.2713270002337, 39.96869100012981], [-75.27124100001997, 39.96866300025823], [-75.27116800022505, 39.968632999694584], [-75.27110899977549, 39.96861899974833], [-75.27104299965328, 39.96860899978496], [-75.27098599975186, 39.968602999806244], [-75.27091299995693, 39.96861899974833], [-75.27083799961385, 39.96864399999458], [-75.27077300021483, 39.96866300025823], [-75.27071799996325, 39.96867100022268], [-75.2706510000161, 39.96867500020457], [-75.27059800031266, 39.96865999992707], [-75.27056999982524, 39.968638000018935], [-75.27052200014467, 39.96860200015398], [-75.27050100022826, 39.96858499986691], [-75.2704469998016, 39.96852799968361], [-75.27042199968724, 39.96847900012815], [-75.27041300036473, 39.96842799985105], [-75.27040199959575, 39.96835700022533], [-75.27038800025036, 39.96832199986882], [-75.27029700001377, 39.968184000334084], [-75.27019200043179, 39.96797699982126], [-75.27013999965494, 39.96787200017957], [-75.27007299970779, 39.96772900003447], [-75.27005400033953, 39.96765299997527], [-75.27003000005007, 39.967551999883526], [-75.27000199956268, 39.96747900001062], [-75.26996099955478, 39.96742499997907], [-75.269918999722, 39.967379999690664], [-75.26985699979772, 39.96734399985171], [-75.26980099972121, 39.96732600026935], [-75.26974100034506, 39.967314999757264], [-75.26967000019997, 39.96731699978792], [-75.26961400012348, 39.96733100000082], [-75.26954800000122, 39.96735499967064], [-75.26949799977251, 39.967374999962786], [-75.26944500006906, 39.967387999805304], [-75.26935700020552, 39.967402000003666], [-75.26927199981671, 39.9673910001923], [-75.26920599969446, 39.96738100004929], [-75.26915700018897, 39.967374000292565], [-75.26912500040193, 39.967360999758895], [-75.26908000019608, 39.96733000032995], [-75.26904400021107, 39.96728499997901], [-75.26901599972368, 39.96723499986031], [-75.26891600016455, 39.967040999824754], [-75.26884599984436, 39.966946000330495], [-75.26877300004942, 39.96685999987002], [-75.2687010000794, 39.966795999809385], [-75.26856800001, 39.96669099973072], [-75.26851299975841, 39.96665100011733], [-75.26846099987988, 39.96661800031539], [-75.26839300010782, 39.96658899991298], [-75.26812899961887, 39.96649100005274], [-75.26790900040915, 39.96639999990919], [-75.26781800017255, 39.966358999751975], [-75.2677789998145, 39.96634099991027], [-75.26767000003456, 39.966297999657264], [-75.26759800006454, 39.96627299993], [-75.26753799979008, 39.96627200024366], [-75.26747500004087, 39.966259999875454], [-75.26738600035243, 39.966215000197174], [-75.26724499988713, 39.966116999800796], [-75.26721399992499, 39.96609200000739], [-75.267137999757, 39.966061999692435], [-75.26710000012217, 39.96604999997587], [-75.26702399995418, 39.96602500015797], [-75.26690900032645, 39.966007999918546], [-75.26679499962532, 39.96600900029725], [-75.26670699976177, 39.96602100002101], [-75.26654500027837, 39.96602100002101], [-75.26639499959225, 39.96601800026239], [-75.26631299957647, 39.9660039997806], [-75.26619299992588, 39.96596799990554], [-75.26606200040463, 39.965929999940286], [-75.26604800016092, 39.965925999797776], [-75.26592099993931, 39.96586000016654], [-75.26585800019012, 39.96579100001451], [-75.26580600031158, 39.96571600024919], [-75.2657440003873, 39.96562600014684], [-75.26565599962544, 39.965526000200114], [-75.26559799989913, 39.96544799967199], [-75.26556600011207, 39.96540399984678], [-75.26552799957892, 39.96535000024161], [-75.26544800011129, 39.96525699986544], [-75.26538799983685, 39.96522400007912], [-75.26525200029272, 39.96520700032897], [-75.26505800012396, 39.965191999978956], [-75.26491800038187, 39.96518900018397], [-75.26475799964999, 39.96518400029585], [-75.26464399984715, 39.96517899971885], [-75.26455299961057, 39.96518099981199], [-75.26449599970915, 39.96519499977383], [-75.26437299968552, 39.96524200021491], [-75.26424200016426, 39.96531199993291], [-75.26413099983618, 39.96537300021888], [-75.26405600039143, 39.96542100023639], [-75.26401600020846, 39.96545699971099], [-75.26399000026919, 39.96549099977112], [-75.2639280003449, 39.96552899998032], [-75.26385499965166, 39.96555600006183], [-75.26377000016116, 39.9655960003159], [-75.26369599964299, 39.965613999665244], [-75.26361399962722, 39.965621000290675], [-75.26352999996165, 39.965605000335415], [-75.26346700021246, 39.96557699988831], [-75.26338299964856, 39.96554499995343], [-75.26330700037889, 39.96550499966947], [-75.26325100030239, 39.965474000087426], [-75.26319500022589, 39.96545699971099], [-75.26314400017226, 39.96545899979599], [-75.26309200029372, 39.96548599990509], [-75.26302799982132, 39.96553100006322], [-75.26296099987417, 39.96557899996981], [-75.26291900004138, 39.965608999808204], [-75.26283600020069, 39.96563900032195], [-75.26276599988051, 39.965646999951815], [-75.26267899984185, 39.96563799993783], [-75.26261799974249, 39.96562600014684], [-75.26255900019126, 39.965617000130095], [-75.2625120003356, 39.96561099988876], [-75.26245700008401, 39.96563300008255], [-75.26242199992392, 39.96567600006532], [-75.26238199974094, 39.96573900010338], [-75.26234199955798, 39.965784000094985], [-75.26227700015896, 39.96584999979959], [-75.26226499956506, 39.96585800009327], [-75.26224199999885, 39.96588000020757], [-75.26216900020393, 39.96593400008257], [-75.26215300031039, 39.96594999996084], [-75.26213800024178, 39.965965000144536], [-75.26211599960216, 39.9660059998496], [-75.26210399990659, 39.96605400011112], [-75.26209300003593, 39.96608700018532], [-75.26201299966999, 39.96613499970147], [-75.2618930000194, 39.9661710001771], [-75.26181100000363, 39.9661899997511], [-75.26173599966056, 39.96618200018477], [-75.2616610002158, 39.96615899979116], [-75.261547000413, 39.96611600011218], [-75.26147899974261, 39.96607600016235], [-75.26144500030574, 39.96603099967446], [-75.26138599985619, 39.96600100002124], [-75.26128399974894, 39.96599699988287], [-75.26121500015198, 39.96602599984791], [-75.2611609997253, 39.96608099998524], [-75.26111499969453, 39.966136000078315], [-75.26102600000608, 39.966198000005], [-75.26093200029476, 39.966242000007696], [-75.26082799963936, 39.96627000018244], [-75.26075099964646, 39.96627999979946], [-75.260661999958, 39.96626899980755], [-75.26058400014021, 39.96627299993], [-75.2604910002538, 39.96631299976461], [-75.2603089997806, 39.96625700012733], [-75.26006500028144, 39.96619599994161], [-75.25990899974751, 39.96611499973504], [-75.25977900005117, 39.96608099998524], [-75.25964900035483, 39.96604100001494], [-75.25955100044554, 39.96600999998743], [-75.2594500001632, 39.96594700019911], [-75.25942800042189, 39.965891999953975], [-75.25942699969866, 39.965813000150376], [-75.25942300039902, 39.96576100025598], [-75.25939999993449, 39.96571600024919], [-75.25933299998734, 39.9656980002382], [-75.25921400016166, 39.96569699985494], [-75.2590779997192, 39.965692000003976], [-75.25897399996214, 39.96567600006532], [-75.25889000029656, 39.965648000335804], [-75.25883900024292, 39.965613999665244], [-75.25879700041013, 39.96557100033198], [-75.2587670002729, 39.9655159997843], [-75.25873799996059, 39.96544699997359], [-75.25870899964826, 39.96537800009323], [-75.25870000032575, 39.96532399977901], [-75.2587110001964, 39.96524000012355], [-75.25871500039436, 39.965059000219966], [-75.25871299984622, 39.96496499974249], [-75.25870600017355, 39.96490300007459], [-75.25868400043223, 39.964846000263655], [-75.25863699967825, 39.96476600023151], [-75.25858999982259, 39.96470799990864], [-75.25854700016487, 39.96461799985631], [-75.25851000035495, 39.96453499973368], [-75.25847000017197, 39.964483999956705], [-75.25840700042278, 39.96445200019876], [-75.25833899975243, 39.96444899968278], [-75.25827099998035, 39.96445200019876], [-75.25818899996459, 39.96445000008429], [-75.25812000036761, 39.96444599985519], [-75.25805800044334, 39.96442800019829], [-75.25800700038971, 39.964399000243915], [-75.25797600042758, 39.96437700034155], [-75.25794399974221, 39.964300999998386], [-75.25794399974221, 39.96423599989152], [-75.25796200018385, 39.96416099979736], [-75.25799099959785, 39.96409499983922], [-75.2580140000624, 39.96399300027937], [-75.25801200041256, 39.96385399985788], [-75.2580140000624, 39.9637390000931], [-75.2579939999709, 39.96367700000192], [-75.25793299987156, 39.96362400013483], [-75.2578580004268, 39.96359400011387], [-75.25778800010659, 39.963601999983084], [-75.25770500026591, 39.96363100027551], [-75.25762900009794, 39.96366400014222], [-75.25754299988421, 39.963704999850144], [-75.25748699980771, 39.9637440000869], [-75.25741800021075, 39.96376600019295], [-75.25731899957823, 39.963766999915926], [-75.25724999998125, 39.963752999661686], [-75.25712899960742, 39.963726000245174], [-75.25711000023917, 39.96371900011421], [-75.25698100036773, 39.96368799972235], [-75.25690000017687, 39.96367200000322], [-75.25681599961297, 39.96367700000192], [-75.2567460001911, 39.96368799972235], [-75.25668599991663, 39.96371900011421], [-75.25658600035752, 39.96380199985052], [-75.25638299996794, 39.9639740000948], [-75.25628099986068, 39.96407900021535], [-75.25619299999713, 39.96415500011677], [-75.25608300039228, 39.96424200025352], [-75.25596600021642, 39.96431200030694], [-75.25589199969826, 39.96437199970553], [-75.2558520004136, 39.964436999683095], [-75.25581200023063, 39.9644710002505], [-75.25568599983393, 39.96454600000459], [-75.2555429997188, 39.96459500031355], [-75.2554089998245, 39.964629999824226], [-75.2552670004326, 39.964655000152305], [-75.25511199972358, 39.96469100003024], [-75.25493699982138, 39.964762999729324], [-75.25473799962977, 39.964849999780895], [-75.25463200022286, 39.96492499980769], [-75.25454299963609, 39.96499200004669], [-75.25445599959745, 39.965045999934574], [-75.2543810001527, 39.96512700003074], [-75.25433699977177, 39.96521099982505], [-75.25430199961168, 39.96527299990215], [-75.25422299996895, 39.965337000011544], [-75.25414000012827, 39.96540399984678], [-75.25404600041695, 39.96540199976016], [-75.25393599991378, 39.965389999927744], [-75.2537119996078, 39.96532899965689], [-75.25358199991145, 39.9653000000847], [-75.25340700000926, 39.965261000047086], [-75.25331400012284, 39.96522600017089], [-75.25322200006133, 39.96518400029585], [-75.25307700029639, 39.96521400030758], [-75.25297199981608, 39.96523500023916], [-75.25284299994465, 39.9652440003062], [-75.25263600025542, 39.96525100028102], [-75.25233400013163, 39.965279999874], [-75.25209399993211, 39.96530499996434], [-75.25192300022789, 39.96531800020048], [-75.2518110000749, 39.96533000004553], [-75.25170700031784, 39.96534600006516], [-75.25160299966242, 39.965355999817334], [-75.25149600043062, 39.965337000011544], [-75.25142699993533, 39.9653020001743], [-75.2513680003841, 39.96524900018993], [-75.25135300031549, 39.96521900019351], [-75.2513409997216, 39.965191999978956], [-75.25133599969874, 39.965138000206395], [-75.25134200044485, 39.965071999814384], [-75.2512829999953, 39.96500300024407], [-75.25120099997953, 39.96491200018533], [-75.25110200024533, 39.96485800019161], [-75.25104799981865, 39.96483299993776], [-75.25091300009943, 39.96483700014423], [-75.25075699956551, 39.964879000232486], [-75.25060599995277, 39.96494799992795], [-75.25044699994412, 39.96501799994703], [-75.25031300004981, 39.96506900001412], [-75.25022099998831, 39.96507600000686], [-75.25013300012476, 39.96506699991771], [-75.25005399958373, 39.96504199974034], [-75.24999000000963, 39.96500100014571], [-75.24991200019183, 39.96494700022224], [-75.2498479997194, 39.964907999983254], [-75.24972800006881, 39.964849999780895], [-75.24946500030308, 39.96472100025831], [-75.24896700036071, 39.964493999834964], [-75.24861500000819, 39.96435199991182], [-75.24805599996647, 39.96407400024605], [-75.24790299980558, 39.963979000071404], [-75.24777800013212, 39.9638759999286], [-75.2476850002457, 39.963776999899046], [-75.24756399987186, 39.963637999726956], [-75.24747900038136, 39.96352800029691], [-75.24743400017552, 39.96341700027333], [-75.2474049998632, 39.963326999898555], [-75.24739900001542, 39.963249000304195], [-75.24741800028201, 39.96319100007145], [-75.24748900042711, 39.96311900009396], [-75.24760400005484, 39.96299200021655], [-75.24764199968966, 39.96294999965766], [-75.24768799972043, 39.96281699966834], [-75.24771500038291, 39.96266200034316], [-75.24775200019285, 39.96245199971962], [-75.24777599958396, 39.96230300009917], [-75.24776200023858, 39.9622250000251], [-75.24772600025356, 39.96216700030079], [-75.24770199996412, 39.96205600013323], [-75.247706999987, 39.96197700002825], [-75.2477410003222, 39.96190399971064], [-75.24777399993415, 39.96183699988821], [-75.24780700044441, 39.96176499986194], [-75.24782300033796, 39.961689999811334], [-75.2478409998813, 39.96161300016954], [-75.24786699982057, 39.96149299992003], [-75.24787199984344, 39.961430000100684], [-75.24787199984344, 39.96134100031152], [-75.24789199993492, 39.961181000213635], [-75.24792200007217, 39.96108499969979], [-75.24797499977561, 39.96099699991361], [-75.24805799961628, 39.960885999912286], [-75.24819800025668, 39.96072499967081], [-75.24828199992227, 39.9606209996768], [-75.24833499962571, 39.96051599975405], [-75.2483830002046, 39.96042499992018], [-75.24845900037259, 39.960333000191966], [-75.24854600041122, 39.960269000218226], [-75.24868899962804, 39.960199000156855], [-75.24883699976603, 39.96012900002376], [-75.24897200038357, 39.96007099989863], [-75.24912200017141, 39.95999000000948], [-75.24921300040799, 39.95992100013028], [-75.24931799998997, 39.959839000283054], [-75.24944299966346, 39.959752000052134], [-75.24955200034172, 39.959682000150075], [-75.24965199990083, 39.959638999840216], [-75.24982599997809, 39.959573000336924], [-75.2500800004213, 39.95948199993661], [-75.2502910003085, 39.95939700020239], [-75.25045399961682, 39.95931799977951], [-75.25060500012788, 39.95923899995392], [-75.25075200044095, 39.95915499970806], [-75.25085000035024, 39.95909899971637], [-75.2508829999622, 39.959024000184336], [-75.25089100035814, 39.95894199995002], [-75.25088100031238, 39.95880799994328], [-75.25087499956629, 39.95872799973188], [-75.25083899958128, 39.95863800007075], [-75.25079300044884, 39.95852899997056], [-75.2507349998242, 39.95842599988051], [-75.25066600022723, 39.95832800002516], [-75.25055900009711, 39.95823200032581], [-75.25046200001273, 39.958118999667825], [-75.25035900008056, 39.95801400003461], [-75.25024199990472, 39.95787199973652], [-75.25017699960738, 39.95779099999686], [-75.2500369998653, 39.9576539996748], [-75.24977800029752, 39.9574250002577], [-75.24968500041109, 39.95735299971721], [-75.24962699978647, 39.9573090001912], [-75.24957699955776, 39.9572579998444], [-75.24953200025023, 39.95721299974988], [-75.24949899973994, 39.9571889999628], [-75.24943900036381, 39.95714799979059], [-75.24940000000575, 39.95712000001158], [-75.24931399979201, 39.95706699988203], [-75.24919300031652, 39.957012000067905], [-75.24906400044507, 39.95695800003213], [-75.24900599982045, 39.95690700011216], [-75.24894600044432, 39.95674600014232], [-75.24892600035281, 39.95662799995799], [-75.24895599959174, 39.956515999921415], [-75.24898699955388, 39.95642699993375], [-75.24904500017851, 39.956372000293506], [-75.24911299995057, 39.95632599978421], [-75.24923400032439, 39.95621600029704], [-75.24927399960904, 39.95612299989151], [-75.24926199991349, 39.95604299998193], [-75.24921699970764, 39.955933999877125], [-75.24917400004993, 39.95584999970309], [-75.24913399986697, 39.95575600033687], [-75.24912200017141, 39.955655999726545], [-75.2491430000878, 39.95557000021399], [-75.24916300017928, 39.95551400004095], [-75.2491990001643, 39.95546500011009], [-75.24923400032439, 39.955429000194734], [-75.24928000035514, 39.95541500029903], [-75.24935700034804, 39.95540499978158], [-75.24942199974706, 39.95538100004856], [-75.24949399971706, 39.955351999700085], [-75.24955599964136, 39.95529000026719], [-75.24959599982434, 39.95523899979198], [-75.24961300044109, 39.95517999980229], [-75.24969399973362, 39.95497500024793], [-75.2497499998101, 39.954826000172716], [-75.24976599970365, 39.954761000010535], [-75.24975999985587, 39.95470599971904], [-75.24974599961214, 39.95464000027497], [-75.24976700042686, 39.954569999960306], [-75.24979900021391, 39.95449600014002], [-75.24983699984875, 39.95443099966415], [-75.24988700007746, 39.95437800020509], [-75.24995300019972, 39.954330000009904], [-75.25000300042842, 39.95423199979371], [-75.25004699991104, 39.95415099987442], [-75.2501359995995, 39.95406599971145], [-75.25035200040787, 39.95386100026104], [-75.25048700012708, 39.95373700001302], [-75.25064799978556, 39.95361400010025], [-75.25078900025089, 39.95349699989399], [-75.25081600001506, 39.95347499992699], [-75.25092099959704, 39.95339100017583], [-75.25104699999373, 39.95329499974363], [-75.2510999996972, 39.95322799974951], [-75.25114900010101, 39.95316099968972], [-75.25118199971295, 39.953089000169], [-75.25120600000238, 39.95303100027043], [-75.25117900023821, 39.95294299976054], [-75.25115199957573, 39.95284899984203], [-75.25115199957573, 39.95274999968558], [-75.25118599991092, 39.95266399996202], [-75.25128100034547, 39.95254100018552], [-75.25141000021691, 39.952376999909816], [-75.25151099960092, 39.952239999760224], [-75.25157699972316, 39.95212700021947], [-75.25161199988327, 39.95204499997876], [-75.2516429998454, 39.95195399989053], [-75.25164700004335, 39.95184600005243], [-75.25164600021846, 39.9517469998215], [-75.25162600012696, 39.95162499967371], [-75.25160900040852, 39.95150000029005], [-75.25160900040852, 39.95146600015922], [-75.25160600003548, 39.95138399981473], [-75.25158000009621, 39.9512819998873], [-75.25153400006546, 39.95121799970661], [-75.25148399983675, 39.95119000025435], [-75.25141799971449, 39.95114800002149], [-75.25133999989669, 39.951065000075694], [-75.25125600023111, 39.95096799991191], [-75.2511569995986, 39.950780000026334], [-75.2511220003368, 39.95070099997883], [-75.25112999983442, 39.95059699989049], [-75.25112700035969, 39.95043899997015], [-75.25116499999451, 39.9502889997343], [-75.25120900037545, 39.95014899976823], [-75.2512699995765, 39.949991000190465], [-75.2513680003841, 39.94985599993516], [-75.25146799994322, 39.94965499997957], [-75.25151200032415, 39.949455000054314], [-75.25149600043062, 39.94925099980357], [-75.25144200000396, 39.949139000082354], [-75.2513759998817, 39.94906499989542], [-75.25125100020824, 39.94897200009603], [-75.25112499981154, 39.948866000251954], [-75.25099199974215, 39.94873700018765], [-75.25066100020436, 39.948437000186395], [-75.2507209995805, 39.94837699989056], [-75.25055599972407, 39.94825100013099], [-75.25047299988339, 39.94817800031165], [-75.25041500015706, 39.94809199966044], [-75.25036499992835, 39.94797800020004], [-75.25033800016416, 39.9478459999714], [-75.25030800002695, 39.94771800000723], [-75.25027100021701, 39.947574999721], [-75.250235000232, 39.947409000010694], [-75.25023000020914, 39.94738600018918], [-75.25021699979035, 39.94731699998951], [-75.25020500009478, 39.94724399986218], [-75.25019800042209, 39.947228999703746], [-75.25015599969099, 39.94711200028322], [-75.25011800005615, 39.94697000007616], [-75.25003799969019, 39.94681200004253], [-75.24996999991812, 39.9467070002673], [-75.24992100041266, 39.946625999700906], [-75.24981400028254, 39.94653300002915], [-75.24971399982509, 39.94645099996931], [-75.24961799956563, 39.946410000246885], [-75.2495580001895, 39.94639000002062], [-75.24949700009013, 39.94635600010466], [-75.24943099996788, 39.94631199970213], [-75.24924900039301, 39.946152000253896], [-75.24908399963826, 39.94598699982839], [-75.24890200006338, 39.945828000294014], [-75.2487129999175, 39.94566799971384], [-75.24856899997744, 39.94555099968976], [-75.24850700005317, 39.94551000011668], [-75.24847000024323, 39.94548499967619], [-75.24842099983945, 39.94545399997135], [-75.24832700012811, 39.94534200023193], [-75.24824000008948, 39.94522800032113], [-75.24822199964781, 39.94510000027945], [-75.24817599961705, 39.94500999990234], [-75.24810000034739, 39.944923000091], [-75.24790700000354, 39.94477700015901], [-75.24776700026145, 39.944636999931554], [-75.24764699971254, 39.94451100017061], [-75.24763500001697, 39.94452300022341], [-75.24750799979537, 39.944405000301344], [-75.24746599996257, 39.9443499999471], [-75.24742099975673, 39.94429000019893], [-75.24739700036561, 39.94420800020554], [-75.24737700027411, 39.944138000234155], [-75.24730199993104, 39.94401000021937], [-75.24720800021971, 39.94390400026258], [-75.24719099960296, 39.94386699975819], [-75.24710600011247, 39.94368099967445], [-75.24707599997525, 39.94361599994067], [-75.24705099986089, 39.94355800027439], [-75.24704800038614, 39.94352999975294], [-75.24704099981513, 39.94347800013156], [-75.24702800029466, 39.94341400022545], [-75.24702099972365, 39.94337900018691], [-75.24697800006595, 39.943291999678976], [-75.24696399982224, 39.9432649997601], [-75.24687199976073, 39.943131000030554], [-75.24682200043033, 39.942970000003285], [-75.2467429998893, 39.942856000272435], [-75.24666099987354, 39.94276499966833], [-75.2465660003373, 39.94270199981494], [-75.24646900025292, 39.942667000100904], [-75.2463479998791, 39.94264500009437], [-75.24618999969535, 39.94261299975918], [-75.24605099977818, 39.94260600022193], [-75.24588500009682, 39.942596999930394], [-75.24574000033188, 39.942604000157246], [-75.24556100023173, 39.9426090003189], [-75.24540800007085, 39.94260999966244], [-75.24522599959766, 39.94261599985584], [-75.24501200023573, 39.942596999930394], [-75.2446590000583, 39.94258899967021], [-75.24440999963797, 39.94255099979899], [-75.24406800022953, 39.942501000190056], [-75.24384300009862, 39.94247700006175], [-75.24353099992908, 39.94244200023262], [-75.24342399979895, 39.94240500031508], [-75.24354199979973, 39.94230600019529], [-75.24336400042282, 39.94235499991073], [-75.24334099995829, 39.94232600023802], [-75.24320399969092, 39.94227599977594], [-75.24311300035265, 39.94223200019312], [-75.24302600031402, 39.942211000084825], [-75.24295299962077, 39.94225300029493], [-75.24259899961845, 39.9422470000697], [-75.24228300014926, 39.942231000155324], [-75.24202899970604, 39.942230000117455], [-75.24182299984173, 39.942234000268684], [-75.24158000016746, 39.942251000219926], [-75.24144600027316, 39.9422739997016], [-75.24140000024241, 39.94227299966442], [-75.24117900030947, 39.942264000017715], [-75.24095300035367, 39.94224499999452], [-75.24078900032212, 39.94222299985234], [-75.24058199973459, 39.942196000200305], [-75.2405189999854, 39.942187999893285], [-75.24036699964942, 39.94217099992638], [-75.2402510001968, 39.942140000097396], [-75.24014900008954, 39.94208600002849], [-75.24007399974647, 39.94199499977776], [-75.23998500005803, 39.941890000185694], [-75.23984500031592, 39.94172699990288], [-75.23973499981277, 39.94159299991613], [-75.2396310000557, 39.941420999856966], [-75.2395609997355, 39.94129799983783], [-75.23949399978835, 39.94116000017472], [-75.23946100017638, 39.94102699982179], [-75.23943100003915, 39.94088999966952], [-75.23939800042717, 39.94074400008515], [-75.23941099994767, 39.940608000116576], [-75.23952700029862, 39.94043200008006], [-75.23963600007856, 39.9403019998877], [-75.23979599991213, 39.94016499966135], [-75.23983600009511, 39.9401210000986], [-75.2398789997528, 39.94007200016083], [-75.23990300004226, 39.94003500033926], [-75.23993999985217, 39.939976999703674], [-75.24001600002016, 39.939840000204164], [-75.24014300024176, 39.93970700004056], [-75.24024000032614, 39.939567999847064], [-75.24034200043339, 39.93946199989624], [-75.24042400044915, 39.93937399983833], [-75.24054300027485, 39.93928300011338], [-75.24062600011553, 39.93919100018512], [-75.24069700026064, 39.939075000189185], [-75.24073800026852, 39.93896699999245], [-75.24076000000983, 39.93886899980667], [-75.24076300038288, 39.938794000132], [-75.24071099960602, 39.93872699971024], [-75.24059099995543, 39.938634999723305], [-75.24040900038055, 39.93845699993643], [-75.24025799986948, 39.93833600028901], [-75.24021000018891, 39.9382830000687], [-75.24014499989158, 39.93823799988841], [-75.24004199995942, 39.9381999996672], [-75.23992599960847, 39.938165999813876], [-75.23985700001151, 39.938157999724396], [-75.23983400044528, 39.93814399973773], [-75.23976099975202, 39.93810899975855], [-75.23966200001783, 39.938068999957196], [-75.23958400020003, 39.938043000142706], [-75.23956999995632, 39.938038999746475], [-75.23942799966609, 39.93815500012106], [-75.23933599960459, 39.93815700031579], [-75.23918300034204, 39.93814900022525], [-75.23900599989172, 39.9381400000362], [-75.23887100017251, 39.93815600021843], [-75.23873599955496, 39.93818099989305], [-75.2384979999036, 39.938204000053965], [-75.23832600037446, 39.93822399991811], [-75.23817200038867, 39.93822999980734], [-75.23796399997622, 39.938226000110824], [-75.23776899998253, 39.93824999966383], [-75.23762099984452, 39.93827499999289], [-75.23744699976726, 39.93832299974491], [-75.23714399981856, 39.93838199981015], [-75.23687799967978, 39.93843199967386], [-75.2366819998612, 39.938446000290384], [-75.23649799973819, 39.93846100030817], [-75.2363449995773, 39.93845699993643], [-75.23614399973586, 39.93842900008258], [-75.23594399971931, 39.93841099977687], [-75.23577899986287, 39.938393000155266], [-75.23548799960973, 39.93835899970905], [-75.23529299961606, 39.93832100024381], [-75.2351610002699, 39.93827100029901], [-75.23507099985822, 39.938204000053965], [-75.23500200026125, 39.93812700014364], [-75.23498100034485, 39.93802300022566], [-75.23496700010114, 39.937750000119415], [-75.23491900042056, 39.93755099993597], [-75.23486800036693, 39.93745600011162], [-75.23479999969656, 39.937337000290555], [-75.23477999960507, 39.937186000144514], [-75.23478700017608, 39.93704099965871], [-75.23474199997024, 39.93688400023038], [-75.23477299993239, 39.9367530000676], [-75.23484499990239, 39.93667999968933], [-75.23491500022261, 39.93659200018658], [-75.23492100007039, 39.93645100030906], [-75.23492000024548, 39.93633300024204], [-75.23497899979672, 39.936222000162566], [-75.23526300037715, 39.935959999807004], [-75.23545800037083, 39.935822999842195], [-75.23562300022726, 39.935732000216724], [-75.23566699970989, 39.93570899991379], [-75.23588900036604, 39.9356159998678], [-75.23601300021461, 39.93551700025768], [-75.23609900042833, 39.935458999925565], [-75.23616999967513, 39.93540799981861], [-75.23632000036125, 39.93532600020166], [-75.2363930001562, 39.93517300015816], [-75.23646900032416, 39.934850000014556], [-75.23652399967744, 39.934682000130515], [-75.23655299998977, 39.934540999761936], [-75.23658399995192, 39.934421000230664], [-75.2366030002185, 39.93434499966106], [-75.23665099989907, 39.93420500013095], [-75.23666199976971, 39.934087999792254], [-75.2366469997011, 39.93389699988113], [-75.23664199967824, 39.93379100010076], [-75.23665699974684, 39.93354700029438], [-75.23671700002129, 39.93340699982079], [-75.23678999981622, 39.93325800029617], [-75.23691000036514, 39.933072999787775], [-75.2370130002973, 39.932924000224894], [-75.23712200007725, 39.93280399992502], [-75.2372169996135, 39.93269399980974], [-75.23732399974361, 39.932620999923714], [-75.23743599989659, 39.932557000195516], [-75.23755999974516, 39.93252200011432], [-75.23773399982244, 39.93249699975015], [-75.2379499997325, 39.9324720000657], [-75.23810399971829, 39.932507999663535], [-75.23826799974982, 39.93255199998819], [-75.23844400037524, 39.93259699977433], [-75.2386109998815, 39.932639999863795], [-75.23875900001951, 39.93270400020328], [-75.23894700034047, 39.93281999997718], [-75.23918400016693, 39.93300099978988], [-75.23934400000051, 39.93312499973921], [-75.23946799984907, 39.9332210002345], [-75.23964699994922, 39.93331500025894], [-75.2399199997607, 39.93340199967557], [-75.23999900030172, 39.93343199985255], [-75.24016099978512, 39.933492000167114], [-75.24023899960291, 39.933522999780905], [-75.24029600040264, 39.93354099999463], [-75.24044700001537, 39.93358800014764], [-75.24049999971884, 39.93360400001652], [-75.24069300006268, 39.933638000069834], [-75.24073599972039, 39.933645999998866], [-75.24094400013284, 39.933648999799836], [-75.24115800039309, 39.93362899997634], [-75.2413630004325, 39.93360799998312], [-75.24152099971792, 39.93358800014764], [-75.24167800007677, 39.933581999851434], [-75.24173599980308, 39.93357900004757], [-75.24177400033624, 39.93348199988872], [-75.24184700013117, 39.93346999996602], [-75.24190900005544, 39.93354399980015], [-75.24195199971315, 39.9335349996943], [-75.24207499973679, 39.93349100000158], [-75.24218600006489, 39.93342600023151], [-75.24222899972258, 39.93337799980002], [-75.24229599966974, 39.93328799984745], [-75.24234199970049, 39.93318699997404], [-75.24240199997496, 39.933088000294426], [-75.24250300025729, 39.932964000278076], [-75.24257699987713, 39.93287899996491], [-75.24266899993863, 39.93277899966387], [-75.24276299964995, 39.9326119996965], [-75.24288099965074, 39.93244099997589], [-75.2429690004126, 39.93229900031825], [-75.24307900001747, 39.93217500025013], [-75.24313300044413, 39.93208500009334], [-75.24321299991176, 39.93203199985384], [-75.2433059997982, 39.931975000200254], [-75.2433690004457, 39.93190799999087], [-75.24342299997404, 39.93183700033484], [-75.24342499962387, 39.93177900032831], [-75.24343800004266, 39.931685999764], [-75.24345099956315, 39.931577000112], [-75.24348800027138, 39.93146800028642], [-75.24352599990621, 39.93133999999165], [-75.24356400043936, 39.93119699991733], [-75.24360799992198, 39.931078999746696], [-75.24363499968615, 39.93090800032931], [-75.24364300008207, 39.93089700015881], [-75.2436940001357, 39.93082099980917], [-75.24381299996139, 39.9307299997327], [-75.24394900040382, 39.930652999679495], [-75.24413099997871, 39.93056300027686], [-75.24427400009382, 39.93048600003575], [-75.24438100022395, 39.9303989996681], [-75.24442700025472, 39.93028700008505], [-75.24440499961509, 39.930159999862575], [-75.2443550002847, 39.93004099975486], [-75.24427800029179, 39.929964000304295], [-75.24418899970502, 39.92990099968744], [-75.24409900019165, 39.929856999725246], [-75.24400899977998, 39.92979300016803], [-75.24398100019087, 39.929712999776335], [-75.243976000168, 39.92967800030749], [-75.24396699994718, 39.929603999737935], [-75.24396600012226, 39.929532000224114], [-75.24396699994718, 39.9294989997328], [-75.24396699994718, 39.92946799967422], [-75.24396600012226, 39.92942800033345], [-75.24397000032022, 39.92917699990667], [-75.24396699994718, 39.928804999971796], [-75.24396500029737, 39.928645000229935], [-75.24398500038883, 39.92847600003182], [-75.24400100028235, 39.92836400005796], [-75.24405499981073, 39.92814899968682], [-75.24412000010805, 39.92800899988317], [-75.24419899975078, 39.92788799967456], [-75.24426900007097, 39.9277960002724], [-75.24434100004098, 39.92765599974683], [-75.2444260004298, 39.92752700033763], [-75.24448099978308, 39.927434000196286], [-75.24449800039983, 39.92740599996598], [-75.24455000027837, 39.92727500026194], [-75.24457899969237, 39.92717699986713], [-75.24457899969237, 39.92700300025454], [-75.24459600030912, 39.92685800023952], [-75.24457600021763, 39.92675399973081], [-75.24450699972233, 39.926649000176404], [-75.24449900022474, 39.92664199969515], [-75.2444120001861, 39.92657199966597], [-75.24432900034543, 39.926476000178724], [-75.24430099985801, 39.92635300016534], [-75.24433600001812, 39.926249999849716], [-75.24439999959222, 39.92613399996421], [-75.24451900031623, 39.92606099997107], [-75.24462499972311, 39.926002999892766], [-75.24476199999047, 39.92595400018024], [-75.24486800029568, 39.92589499973477], [-75.24499100031933, 39.92584099993631], [-75.24504999987055, 39.92576700004126], [-75.24512699986346, 39.9256610000709], [-75.24519700018365, 39.925549000313865], [-75.24526300030588, 39.92541500033916], [-75.24543700038316, 39.92516399966546], [-75.24555200001089, 39.92504499982866], [-75.24557999959998, 39.92501000003991], [-75.24563599967647, 39.92493799982771], [-75.2456790002325, 39.92488200006962], [-75.24572500026325, 39.9248230000781], [-75.24574799982948, 39.92478199979717], [-75.24579399986023, 39.92469699965737], [-75.24581499977663, 39.924661999690734], [-75.24586500000534, 39.92458099989616], [-75.24592799975453, 39.92447399985897], [-75.24594299982314, 39.92444900000003], [-75.24599300005185, 39.92436900025229], [-75.24600100044778, 39.92435099969334], [-75.24603200040991, 39.92423800024818], [-75.24607300041781, 39.924126000229975], [-75.2460950001591, 39.92400899988613], [-75.24613000031921, 39.92390699979418], [-75.24613399961885, 39.9237940003051], [-75.24614100018985, 39.92361100032851], [-75.24615899973321, 39.92344599997549], [-75.24618800004552, 39.92330600019919], [-75.24626699968825, 39.92317100034064], [-75.24636299994772, 39.9230559996898], [-75.24652100013145, 39.92288999974563], [-75.24664199960698, 39.92276999976774], [-75.24693600023316, 39.92249500017349], [-75.24706900030253, 39.92237500019226], [-75.24716399983879, 39.92228300027091], [-75.24729000023548, 39.92216800019544], [-75.24731600017473, 39.922139999878226], [-75.24739200034273, 39.92204800033007], [-75.24747199981036, 39.9218809996737], [-75.24750600014555, 39.92177299990277], [-75.24751100016842, 39.92170899967751], [-75.24751399964315, 39.921680000212355], [-75.2475160001913, 39.9216559996717], [-75.24750699997045, 39.921609999932386], [-75.24748400040424, 39.921499000089725], [-75.24745900028988, 39.92134299980186], [-75.24746799961241, 39.92097199967245], [-75.24746799961241, 39.9207180002557], [-75.2474600001148, 39.92058599980158], [-75.24746199976461, 39.92051999982357], [-75.24746500013765, 39.92045399978198], [-75.24747600000832, 39.92032800027742], [-75.24748699987897, 39.92020599991292], [-75.24752700006195, 39.92010299999503], [-75.2475809995903, 39.91998200028154], [-75.24759499983399, 39.91990200013718], [-75.24762300032141, 39.91966799997071], [-75.2476219995982, 39.91951700011597], [-75.24758300013843, 39.91939899979245], [-75.24749600009982, 39.919269999982596], [-75.24748400040424, 39.91924199985828], [-75.24745000006907, 39.91915899979151], [-75.24745599991684, 39.91907900006357], [-75.2476009996818, 39.91907600031312], [-75.24755100035138, 39.91901999989433], [-75.24742300030486, 39.918824999825716], [-75.24737700027411, 39.91868800001425], [-75.24734100028913, 39.91854100022353], [-75.2473470001369, 39.91843000022869], [-75.24735700018263, 39.917992999816434], [-75.2473470001369, 39.91778499995712], [-75.24730699995392, 39.917632999686894], [-75.24730299975596, 39.91761500011306], [-75.24723900018185, 39.91740199985866], [-75.2471720002347, 39.917235999987135], [-75.2471920003262, 39.9172110002414], [-75.24720999986954, 39.91718200024932], [-75.24719999982379, 39.917134999855946], [-75.24718700030331, 39.91709399979429], [-75.24715499961795, 39.91706199991394], [-75.24710199991449, 39.91702700017845], [-75.24703900016532, 39.91699100001842], [-75.24699999980726, 39.91696699990128], [-75.24697399986798, 39.91693900021324], [-75.24694000043112, 39.91687100003742], [-75.24688199980646, 39.91672000021605], [-75.2468340001259, 39.91655900006718], [-75.24678700027023, 39.91644800030472], [-75.24676299998079, 39.91632899978855], [-75.24675200011013, 39.91623199999062], [-75.24678100042244, 39.91616500022049], [-75.2468419996235, 39.916086999901594], [-75.24691899961641, 39.916004999876904], [-75.24698700028678, 39.915929999953164], [-75.24705599988374, 39.91585100032139], [-75.24713600024968, 39.915727000087614], [-75.24718700030331, 39.915632000289996], [-75.2473470001369, 39.9153989997426], [-75.24748500022916, 39.91521300014717], [-75.24755499965103, 39.91507800017999], [-75.24765400028355, 39.91495499967198], [-75.24771500038291, 39.91483699975569], [-75.2477060001621, 39.91472200026641], [-75.24763099981901, 39.91463600028845], [-75.2475940000091, 39.91461100028264], [-75.24758300013843, 39.91456299974977], [-75.24756899989474, 39.91448800031399], [-75.24759200035928, 39.91436200016749], [-75.24732299984744, 39.91428600006544], [-75.2472219995651, 39.91416399996107], [-75.24711699998312, 39.91404300008902], [-75.24706299955645, 39.91390700012003], [-75.24706799957933, 39.91377800030014], [-75.24711600015821, 39.91367799965837], [-75.24719099960296, 39.91358799998945], [-75.24719999982379, 39.9135780002486], [-75.24739999984034, 39.91350199996565], [-75.24759999985687, 39.91338800007208], [-75.24783099983556, 39.9132850002348], [-75.24805599996647, 39.91316499996142], [-75.24821199960206, 39.913076999856976], [-75.24829500034106, 39.91301199999699], [-75.24837700035683, 39.912934000221306], [-75.24843199971008, 39.91283999977297], [-75.24851000042621, 39.912721999657904], [-75.24855800010677, 39.912604000028594], [-75.24859800028975, 39.912503999739826], [-75.24868500032841, 39.91230199984124], [-75.24871899976527, 39.9121390000652], [-75.24876200032129, 39.91198299981484], [-75.24885400038279, 39.91185399981646], [-75.24897999988117, 39.91174900015118], [-75.24916099963114, 39.911639999764034], [-75.2493320002337, 39.911553000253505], [-75.24951800000653, 39.911476999790736], [-75.24974800016028, 39.91136900014853], [-75.24992600043552, 39.91129300017061], [-75.25019400022413, 39.91119600013073], [-75.25035300023279, 39.91107700013575], [-75.25040099991337, 39.911042000097844], [-75.2505370003558, 39.910886999912016], [-75.25061500017361, 39.910769999686096], [-75.25071999975559, 39.910659000188126], [-75.25087100026664, 39.91053200007632], [-75.251000999963, 39.91037600030032], [-75.25112300016173, 39.9102479998478], [-75.25123699996455, 39.910110000287006], [-75.25126799992668, 39.91003100014366], [-75.25149800008045, 39.91005099997052], [-75.25128800001816, 39.90998299984636], [-75.25129800006393, 39.90985500003756], [-75.25122899956861, 39.90977600028925], [-75.2511070002682, 39.90970799989209], [-75.25088499961203, 39.909632999963506], [-75.2506560001815, 39.90956800028055], [-75.25047600025643, 39.909532000334195], [-75.25028899976036, 39.90952999999212], [-75.25015800023911, 39.90949999967697], [-75.25004500026121, 39.90945899986816], [-75.25000199970519, 39.909430000038924], [-75.24992899991025, 39.909352000318684], [-75.24990100032116, 39.90926800014957], [-75.24994099960583, 39.90914600006502], [-75.25000799955298, 39.90903599983639], [-75.25005000028408, 39.908880999934865], [-75.25011999970597, 39.908719999963644], [-75.25016800028486, 39.9085650000362], [-75.25019300039921, 39.9084479999787], [-75.25019599987397, 39.90832300027955], [-75.25019800042209, 39.90828599983424], [-75.25018300035347, 39.90806099995507], [-75.25020500009478, 39.90791499994441], [-75.25022400036134, 39.90780800005047], [-75.25027100021701, 39.9077080003399], [-75.2503189998976, 39.90762599993081], [-75.25044600011921, 39.907539000145746], [-75.25071599955763, 39.907366000102286], [-75.25087200009156, 39.90728499983222], [-75.2510589996893, 39.90717800033248], [-75.25130700028474, 39.90703099995513], [-75.25150099955519, 39.906900999724265], [-75.25163299979967, 39.9068139997076], [-75.25175900019636, 39.906744000081254], [-75.25199500019791, 39.90668799991527], [-75.2521559998564, 39.90666500019071], [-75.25232999993366, 39.906644000195755], [-75.25239799970572, 39.90663599986781], [-75.2524799997215, 39.906633000261415], [-75.25249999981298, 39.90661399999488], [-75.25256000008744, 39.906550000073736], [-75.25349200039808, 39.90558500017474], [-75.25297099999116, 39.905308999904754], [-75.25128800001816, 39.904403000161516], [-75.2517900001585, 39.90383500008135], [-75.25356299964487, 39.90182599983918], [-75.25559700014549, 39.8995959997197], [-75.25560999966595, 39.89957600028647], [-75.25555299976453, 39.89949899965747], [-75.25537500038762, 39.89929100014826], [-75.25524999981585, 39.89913700023075], [-75.25518799989155, 39.89897900004518], [-75.25517399964785, 39.89894300004789], [-75.25513099999016, 39.89889900017871], [-75.25511500009662, 39.8988819997988], [-75.2551069997007, 39.898841999820625], [-75.25509300035532, 39.8987559998918], [-75.25509500000514, 39.89866599991489], [-75.2551560001045, 39.89858499969673], [-75.25522399987656, 39.898491000233946], [-75.25533000018179, 39.89841999969645], [-75.25550599990888, 39.898182999903106], [-75.25561800006186, 39.897942999992466], [-75.25580399983471, 39.89772199991142], [-75.25598200010994, 39.897467999730175], [-75.25609000006499, 39.89728999973126], [-75.25623499982993, 39.897096999841196], [-75.25644999991509, 39.896843000100176], [-75.25676100025971, 39.89649499997397], [-75.25693399961375, 39.8963590003158], [-75.25714700004909, 39.89615000021371], [-75.25727699974544, 39.89599500010557], [-75.2572819997683, 39.895983999840006], [-75.25736200013424, 39.895843999752095], [-75.25738899989842, 39.89570400006736], [-75.25727199972256, 39.89555999997509], [-75.25712299975963, 39.89546100033923], [-75.25696700012404, 39.895355999671104], [-75.2567889998488, 39.89518900009531], [-75.25670799965795, 39.89502999972894], [-75.25665900015244, 39.89493300009583], [-75.2566619996272, 39.89484800012688], [-75.25674100016822, 39.894725999865564], [-75.25690799967448, 39.89453799987375], [-75.25743400010427, 39.89400299972957], [-75.25767099993072, 39.8937269996738], [-75.25783099976431, 39.89356199969399], [-75.25802300028323, 39.89335899970852], [-75.25821400007894, 39.89315900000743], [-75.25838999980603, 39.89297800032974], [-75.258570999556, 39.892801999838284], [-75.25878200034151, 39.89266599974419], [-75.25896200026658, 39.89252200016135], [-75.2591120000544, 39.89243599988327], [-75.25935399990374, 39.8923969996655], [-75.25954700024758, 39.892351000263744], [-75.25975099956378, 39.89234900010929], [-75.25993499968679, 39.89232500031855], [-75.2601470002972, 39.89229600012947], [-75.260738000126, 39.892174000150206], [-75.26110700019693, 39.89207599984013], [-75.26132099955886, 39.8919839998857], [-75.26151200025289, 39.89193800020679], [-75.26161299963691, 39.891883999825154], [-75.26174300023156, 39.89177400014142], [-75.26180000013298, 39.89161799969828], [-75.2618650004303, 39.89144400003105], [-75.26189100036957, 39.89129899985616], [-75.26204500035536, 39.89068799984236], [-75.26211200030251, 39.890465000281125], [-75.2621199998001, 39.89026699993285], [-75.26213499986872, 39.890093000282555], [-75.26211099957929, 39.88989599966207], [-75.2620970002339, 39.88966399992332], [-75.26209200021103, 39.88935499977988], [-75.26210800010455, 39.889140999756414], [-75.26214499991448, 39.88890499970959], [-75.26221199986163, 39.888691999790495], [-75.26230599957296, 39.8885370000482], [-75.26248499967309, 39.88840599974816], [-75.26269200026064, 39.8883430001882], [-75.26299000018649, 39.88840099976331], [-75.26339000021957, 39.88844900001631], [-75.26374000002392, 39.88847299978556], [-75.26401200001051, 39.88845699971057], [-75.26427599960114, 39.88840099976331], [-75.26446300009721, 39.88831999982018], [-75.26461299988503, 39.8882049999323], [-75.26474299958136, 39.8880680002276], [-75.2648780001989, 39.8879269996821], [-75.26491699965864, 39.887873000276365], [-75.26501000044338, 39.88770599970043], [-75.26508400006323, 39.88757800032095], [-75.26511300037555, 39.887523999950965], [-75.26514699981242, 39.887317000091734], [-75.2651529996602, 39.8871419996932], [-75.26512300042128, 39.88696700022654], [-75.2651119996523, 39.88694299993006], [-75.26505599957582, 39.88681899975781], [-75.26500100022254, 39.88673400006605], [-75.26495099999383, 39.886654999852595], [-75.26486899997806, 39.88652299992973], [-75.26481700009953, 39.886431000104714], [-75.26471900019024, 39.88635600020099], [-75.26454900031092, 39.886226000035656], [-75.2643850002794, 39.88616199968342], [-75.26408800017848, 39.886093999976104], [-75.26380699997107, 39.886165999664115], [-75.26296000004925, 39.88618100010654], [-75.26284000039864, 39.88613499998005], [-75.26282000030717, 39.8860839996688], [-75.26280400041365, 39.8860830001894], [-75.26268300003981, 39.886026000201305], [-75.26261699991758, 39.88580500029518], [-75.2627299998955, 39.8855539999058], [-75.2631530003931, 39.885301000305304], [-75.26422700009566, 39.885002000263086], [-75.2644480000286, 39.88485799974522], [-75.26460200001436, 39.88473699981343], [-75.26449099968629, 39.884543999730944], [-75.26440799984562, 39.88431999997905], [-75.26418400043795, 39.88416300029835], [-75.26243299979457, 39.88363399967613], [-75.26196499998942, 39.88324000003862], [-75.2618860003467, 39.88306899973457], [-75.26194599972284, 39.88288899982451], [-75.26226299991525, 39.88257199978382], [-75.26308200024799, 39.88235600019954], [-75.2643359998756, 39.88225800032972], [-75.2645629996563, 39.88212300022345], [-75.2651119996523, 39.88165699996391], [-75.26507800021545, 39.88146199970091], [-75.26500299987237, 39.88098300006267], [-75.26483200016814, 39.880647000288405], [-75.26346700021246, 39.878225999680005], [-75.26265499955241, 39.87678599990246], [-75.26255900019126, 39.87661500004891], [-75.26253900009978, 39.87657799971809], [-75.26252800022912, 39.87656100000654], [-75.26247600035059, 39.876557999773155], [-75.26222000025754, 39.87654199967515], [-75.26165100017006, 39.87650800023005], [-75.26150899987985, 39.8764990002119], [-75.2612450002892, 39.876483999719454], [-75.25989899970178, 39.876401999864775], [-75.25985400039426, 39.87639900031384], [-75.25972299997468, 39.87639099990202], [-75.25927299971288, 39.876363000176944], [-75.25901599979493, 39.8763480003441], [-75.258570999556, 39.876321000223165], [-75.2578519996807, 39.87627700030966], [-75.2577189996113, 39.87626899988362], [-75.25740999981481, 39.87625000016073], [-75.25714600022418, 39.876233999990866], [-75.2561269998749, 39.8761719999006], [-75.25543499976378, 39.87612999982987], [-75.25508400013449, 39.87610900012952], [-75.25465200031435, 39.87608300022902], [-75.25429099974102, 39.87606100019943], [-75.25398600014249, 39.8760419997295], [-75.25373699972214, 39.876026999826514], [-75.25366499975212, 39.876022999943736], [-75.2535149999643, 39.87601500017747], [-75.25345600041307, 39.87601100029398], [-75.25321700003848, 39.8759959996948], [-75.25301700002191, 39.87598299972434], [-75.25293400018126, 39.87597699989628], [-75.25290099967096, 39.87597499995346], [-75.25272499994387, 39.87596500023848], [-75.25225700013873, 39.87593700033948], [-75.25175099980044, 39.876008999662794], [-75.25130100043695, 39.8760740001551], [-75.25030200017915, 39.876217000194046], [-75.24964400040322, 39.87631099986923], [-75.24843099988519, 39.876485000028126], [-75.248404000121, 39.87646399974711], [-75.24830000036393, 39.876376999696205], [-75.24809799979926, 39.876208000137716], [-75.24753100025991, 39.87573399986795], [-75.24682400008017, 39.875141999741565], [-75.24677600039958, 39.875103000026655], [-75.24673399966846, 39.875068000228225], [-75.24662599971343, 39.87501300001651], [-75.2427290002131, 39.87303900033483], [-75.24269400005299, 39.87302100007635], [-75.2425679996563, 39.872954999777576], [-75.24228999982195, 39.87280799976139], [-75.24221799985193, 39.87277700024303], [-75.24174599984882, 39.872584999956096], [-75.24155500005313, 39.87254000003729], [-75.24141899961067, 39.87251099975226], [-75.24137099993011, 39.87250100022173], [-75.24121600011941, 39.872465999784964], [-75.24108800007289, 39.87243799983634], [-75.24093699956184, 39.87240500010385], [-75.24089800010208, 39.87240000033104], [-75.24046999958159, 39.87238100022575], [-75.24010100040896, 39.8725970002052], [-75.24009999968575, 39.872629000169866], [-75.24010100040896, 39.87273100008679], [-75.2401049997086, 39.87285799993356], [-75.24009800003591, 39.873029999861465], [-75.23940400027497, 39.873299000094434], [-75.23934800019848, 39.87337199978345], [-75.23926000033492, 39.873490000098656], [-75.23917099974815, 39.87360899987209], [-75.23899199964801, 39.87383599980582], [-75.2386879998744, 39.87395899967173], [-75.23837599970484, 39.8743009997875], [-75.23832499965124, 39.87436199985066], [-75.23824600000852, 39.87444600006359], [-75.23810999956608, 39.87459300001632], [-75.23745900036116, 39.87480400032644], [-75.23750000036902, 39.874866999917444], [-75.23753600035404, 39.87491100004611], [-75.2375899998824, 39.874982000115935], [-75.23750000036902, 39.87508000004297], [-75.23693200010645, 39.875116000163914], [-75.23678499979336, 39.875446000277066], [-75.2367739999227, 39.875475000010574], [-75.23671299982333, 39.875614000013066], [-75.2366400000284, 39.8757359998178], [-75.23636999969168, 39.87618699977188], [-75.23605000002452, 39.87640399979515], [-75.23596600035894, 39.87646100019889], [-75.23592799982579, 39.87648800026471], [-75.23579499975641, 39.87657900002539], [-75.23553700001355, 39.876751000273494], [-75.23502400000255, 39.876964000063104], [-75.23468400024392, 39.877045000324095], [-75.23465199955855, 39.87705299997017], [-75.23448000002942, 39.877093999865274], [-75.23430199975418, 39.87713600003505], [-75.23412199982913, 39.877180999695966], [-75.23401800007207, 39.87717899978831], [-75.23395600014777, 39.87717699988054], [-75.23327099970936, 39.87715399990298], [-75.23299100022518, 39.877127999709266], [-75.23281399977485, 39.87711100013405], [-75.23265700031433, 39.877093000254824], [-75.2325490003593, 39.87708199971357], [-75.23230999998471, 39.87705600018189], [-75.23192900021819, 39.877015999875645], [-75.23186999976863, 39.87701000013796], [-75.23105499963387, 39.876937999797356], [-75.23099600008264, 39.876932999665534], [-75.2308460002948, 39.876919000259754], [-75.23080600011185, 39.87691499973965], [-75.23077199977666, 39.8769120002111], [-75.23064399973013, 39.87690100033014], [-75.23047499967574, 39.876889000144665], [-75.22998500012928, 39.87684699982362], [-75.22890499968064, 39.87669200018892], [-75.22872399993066, 39.87666700012606], [-75.22847000038577, 39.876631000129834], [-75.22711899977546, 39.876436000051825], [-75.22689000034492, 39.87640399979515], [-75.22684400031416, 39.876401999864775], [-75.22595100036159, 39.876266000326865], [-75.22502800027176, 39.87609299992674], [-75.22485699966923, 39.87605999988457], [-75.22465300035304, 39.876022999943736], [-75.22376299987519, 39.87585800009497], [-75.22315199995492, 39.87578399997533], [-75.22306499991629, 39.87577400023255], [-75.22286900009769, 39.87575000015446], [-75.22269699967025, 39.87572999996813], [-75.22208099972711, 39.87567399996675], [-75.22127499981315, 39.875606000199085], [-75.2212289997824, 39.87560200029175], [-75.22104100035975, 39.87558599997075], [-75.22086499973433, 39.87557000033534], [-75.21977000011539, 39.87547899992531], [-75.21973499995528, 39.87547300005311], [-75.21970300016822, 39.87547600033396], [-75.21964799991666, 39.875490999668095], [-75.21962000032757, 39.875501999775196], [-75.21944500042537, 39.87554299990812], [-75.21924100021087, 39.875591000200735], [-75.21892099964542, 39.87566899974282], [-75.2188849996604, 39.87567300033566], [-75.21882399956102, 39.87567200001509], [-75.21831999977088, 39.87567799986989], [-75.21803400043893, 39.87568300009316], [-75.21785799981352, 39.875701000342445], [-75.21770100035302, 39.87572000021743], [-75.21751499968184, 39.875744999936074], [-75.21701300043983, 39.87580699972293], [-75.21684400038542, 39.87584300015169], [-75.21670200009521, 39.87587600029828], [-75.21636999983419, 39.8759520002622], [-75.21634800009289, 39.87595699977609], [-75.21620300032792, 39.87599100018375], [-75.21604599996907, 39.87602400025913], [-75.21590000037922, 39.876059000259055], [-75.21572200010398, 39.8760870001083], [-75.21572700012686, 39.87601799974525], [-75.21578700040132, 39.875051999782656], [-75.2158009997467, 39.87482800004611], [-75.21601500000695, 39.87146800032197], [-75.21602199967964, 39.87135800028584], [-75.21603900029639, 39.871114999749885], [-75.21197500039148, 39.86746400022409], [-75.20794599974833, 39.87028300020525], [-75.20731200026184, 39.87066700002924], [-75.20665699996061, 39.871082000070366], [-75.20509600018637, 39.871969999889714], [-75.20210299961093, 39.87362099994205], [-75.20064899996679, 39.87440000033728], [-75.20057699999677, 39.874436000125726], [-75.19942799995114, 39.875009000074584], [-75.19818500019419, 39.87568199977279], [-75.19700699983625, 39.87625999983411], [-75.19580400026227, 39.87689899972492], [-75.195229000327, 39.87720800016777], [-75.1942290002443, 39.87766099998702], [-75.19341300028461, 39.8780200002994], [-75.19013500020215, 39.879462999778916], [-75.18898000030875, 39.879994000006455], [-75.18833099985531, 39.88023400003367], [-75.18766100038381, 39.88045800003657], [-75.18722100016775, 39.8805830002432], [-75.18703500039491, 39.880635000069056], [-75.18626600029089, 39.88077599975636], [-75.18541699982093, 39.880853000049825], [-75.18494700036597, 39.88088599985373], [-75.18456800024929, 39.880913000245464], [-75.18378400007663, 39.880891999941674], [-75.17928699962836, 39.88076300000264], [-75.17823300001729, 39.88080300019141], [-75.17688700032818, 39.88089999982841], [-75.17504500034651, 39.88101800028914], [-75.17431100040258, 39.88108499996381], [-75.1721439998326, 39.88128700021237], [-75.16965499994565, 39.88158100011826], [-75.16699500035446, 39.88202999978112], [-75.1653149998562, 39.88235300021969], [-75.16418699972698, 39.88257100025328], [-75.16381199980825, 39.88263400029197], [-75.1628850004188, 39.882789000283076], [-75.16217099966804, 39.88290700025036], [-75.15997200020932, 39.88319200027444], [-75.15763099956204, 39.883376999740676], [-75.15237199958075, 39.88375100005453], [-75.14924699965916, 39.8839349998804], [-75.1469469999181, 39.884061000150666], [-75.14616399957038, 39.88410399969752], [-75.14525899992222, 39.88423700033752], [-75.14460600016916, 39.884339000223385], [-75.14436699979454, 39.88442400012718], [-75.14330599961248, 39.88485000032033], [-75.142343000238, 39.885209999711236], [-75.14111700019949, 39.88592999971516], [-75.14038900010335, 39.88661299999872], [-75.139554999702, 39.88737399969577], [-75.13901900012479, 39.887902000268866], [-75.13773000033709, 39.88917700007763], [-75.13689000008794, 39.89008100033794], [-75.13628599984037, 39.89075100000424], [-75.13585300019533, 39.89126600023934], [-75.13556799978997, 39.891776000312646], [-75.13499600022776, 39.89285700025578], [-75.13459000034689, 39.893620999736584], [-75.13320299975157, 39.89626399984713], [-75.13229499973038, 39.898326999997366], [-75.13175499995522, 39.89953999991369], [-75.13136800034093, 39.90044299999174], [-75.13123199989849, 39.900785000330465], [-75.13054399998532, 39.90253700031012], [-75.1304090002661, 39.902866000148016], [-75.1301270002338, 39.90373500008448], [-75.12984500020148, 39.90463500031504], [-75.12970399973618, 39.905206000323034], [-75.12967299977404, 39.905328999731985], [-75.12964900038291, 39.9054259998104], [-75.12948299980323, 39.90622100000933], [-75.1293959997646, 39.906629000096935], [-75.1292839996116, 39.9073900001384], [-75.1292750002891, 39.90748100022764], [-75.12923199973308, 39.908216000333844], [-75.12919699957298, 39.90912199995502], [-75.12923900030408, 39.91017299982138], [-75.12929899968022, 39.911304000045696], [-75.12938300024412, 39.91232399995458], [-75.12951399976538, 39.91321800033777], [-75.12968299981978, 39.91422399993791], [-75.12978499992704, 39.91480599994831], [-75.12998999996644, 39.91588500023512], [-75.13005899956342, 39.91615000013954], [-75.13018699960993, 39.916668999927424], [-75.13034999981654, 39.9174039999709], [-75.13048500043409, 39.91769300006956], [-75.13075700042064, 39.918480000199], [-75.13104500030073, 39.91920800023322], [-75.13137900021158, 39.920052999831874], [-75.13217599990469, 39.921804000001174], [-75.13223500035424, 39.921932000214376], [-75.13356900034779, 39.92485900025411], [-75.13400799984062, 39.925824000042], [-75.1341190001687, 39.92608599993029], [-75.134653999921, 39.927369000185394], [-75.13517799980262, 39.9286980003365], [-75.13531000004711, 39.92928499970909], [-75.13560799997293, 39.930656999818545], [-75.13578000040039, 39.93157199983308], [-75.13591199974655, 39.93244500001046], [-75.13595399957934, 39.93380299996717], [-75.13592799964009, 39.93436100004174], [-75.13583800012671, 39.936547999704], [-75.13579999959356, 39.937433999807226], [-75.13574500024029, 39.93873699991102], [-75.13571400027817, 39.93947999992548], [-75.13572199977575, 39.940148999948846], [-75.13569900020954, 39.940794999659275], [-75.13576299978364, 39.94196299982732], [-75.13586099969294, 39.94264900022129], [-75.13596600017324, 39.94328900030074], [-75.1361400002505, 39.944415999678164], [-75.13622700028914, 39.94493200007662], [-75.1363159999776, 39.94584100010088], [-75.1362880003885, 39.9465880000058], [-75.13617100021264, 39.94747600019536], [-75.13603700031834, 39.9482689999141], [-75.13589099983015, 39.94888499981381], [-75.13580499961644, 39.94923300027885], [-75.13576100013381, 39.94945200025755], [-75.13574100004234, 39.949518999818544], [-75.13531900026794, 39.95081299989709], [-75.13487800022698, 39.952076000140096], [-75.13468800025618, 39.95249800020586], [-75.13451500000382, 39.952878999756805], [-75.13445499972936, 39.95299499976252], [-75.13424200019233, 39.95341900010436], [-75.13385499967974, 39.95421699979045], [-75.1337600001435, 39.9544599997146], [-75.13369800021923, 39.95461999970051], [-75.13334699969163, 39.95511300027753], [-75.13263899968696, 39.95638100015005], [-75.1322679999662, 39.957043000043655], [-75.13153800022023, 39.95828299994621], [-75.13107999956252, 39.958908999869976], [-75.1308800004443, 39.95914399994695], [-75.1304949995815, 39.959596000191944], [-75.12983000013287, 39.96021700023847], [-75.12908799979304, 39.960708999946824], [-75.12777499971588, 39.96152199972997], [-75.12577700009861, 39.9625440000394], [-75.12429999998993, 39.96329899989553], [-75.12336699985438, 39.96377600017621], [-75.1194479997144, 39.96567499968175], [-75.11915399998654, 39.96580299977654], [-75.11882199972551, 39.96594700019911], [-75.11288700042492, 39.96853100002056], [-75.1105130001657, 39.96950999990613], [-75.10845199990091, 39.970309000080206], [-75.10767000027641, 39.97061200007935], [-75.10675499968421, 39.970967000216845], [-75.10507699973408, 39.97159599987158], [-75.10304200030687, 39.97225799978286], [-75.10135199976285, 39.97271899984505], [-75.09918099989322, 39.9732580002068], [-75.09846399966776, 39.97341399987341], [-75.09738900014028, 39.97370500012692], [-75.09637200033914, 39.973981000031515], [-75.09455700012165, 39.974231999939846], [-75.09401499979835, 39.97433799970656], [-75.09346900017542, 39.97444599981936], [-75.0924919996589, 39.974613000244226], [-75.09154199980492, 39.97477599994797], [-75.08813300020121, 39.97536500032485], [-75.08639099977866, 39.97566600015287], [-75.0825760002941, 39.97640200016785], [-75.08121800001109, 39.97667299977051], [-75.08020000038503, 39.977019999729976], [-75.0784100002819, 39.977417999795435], [-75.07722899955091, 39.97782299967222], [-75.07582299958734, 39.978347000178125], [-75.07449699998972, 39.97893700025537], [-75.07323099976824, 39.97955900032996], [-75.07223700043161, 39.98012500027181], [-75.0711999996407, 39.980737000291995], [-75.0701379996337, 39.981443999775486], [-75.0693919999942, 39.98199899972108], [-75.06878100007394, 39.98250600028911], [-75.06808800013789, 39.983081999823234], [-75.06781600015132, 39.983280999700014], [-75.06587700008528, 39.98469800027874], [-75.06577400015313, 39.98477899980076], [-75.06551200021231, 39.98507400023935], [-75.06414899990644, 39.98652999973465], [-75.06261400007143, 39.988155999706564], [-75.0611129996733, 39.990555000318366], [-75.06063900002037, 39.99148000031521], [-75.06008199962847, 39.99256700011535], [-75.05978500042585, 39.9932599999648], [-75.05939700008834, 39.99419000032317], [-75.05881899978003, 39.995719000342675], [-75.0584299996176, 39.996664999818705], [-75.05808900003407, 39.997403999801755], [-75.05693499996558, 39.99941399968627], [-75.05602699994436, 40.00091900015584], [-75.05516199958089, 40.002395000137405], [-75.0542209999477, 40.00369299991775], [-75.0539449997632, 40.00412299988502], [-75.05287799973334, 40.00574500020541], [-75.0526640003714, 40.006007000185996], [-75.05235600039984, 40.00638500008277], [-75.05171100014438, 40.006991000115214], [-75.05092000029904, 40.00762400024657], [-75.0499389995846, 40.0083809997523], [-75.04883100044516, 40.00918199968403], [-75.048023999808, 40.009720000252486], [-75.04731300032861, 40.01011900013011], [-75.04700700000686, 40.010299999714285], [-75.04595099984766, 40.01086400007335], [-75.04347100018153, 40.01216800011432], [-75.0431880003243, 40.01229900028888], [-75.04263400030544, 40.01256799982757], [-75.04160400008551, 40.01308799994064], [-75.0403789998719, 40.01361200032314], [-75.03866999995962, 40.01426999966434], [-75.0384840001868, 40.01433300030786], [-75.03787900011429, 40.01455499988399], [-75.03658100010577, 40.01495399970555], [-75.03546200019737, 40.01524400017425], [-75.03478299960672, 40.01542099993061], [-75.03305299977804, 40.0157300000376], [-75.03192899984678, 40.015918000166266], [-75.0309379999849, 40.01609199992627], [-75.03052700008116, 40.0161380001129], [-75.02945300037861, 40.01627900010297], [-75.02658100017702, 40.01665799985694], [-75.0237709998997, 40.01706900015732], [-75.02250100037858, 40.01727700016945], [-75.02147899965624, 40.01749199967444], [-75.02060599979515, 40.01766699985934], [-75.02041499999945, 40.01770499994636], [-75.01936899988598, 40.01798199988692], [-75.01825599982536, 40.01838500013449], [-75.0162780002996, 40.019212999822166], [-75.0148639999401, 40.01989499998524], [-75.01394400022332, 40.0204410001313], [-75.01367700025963, 40.02059899990525], [-75.01322899964767, 40.02087800031954], [-75.01259500016116, 40.021272999978464], [-75.01063000015586, 40.022784999678635], [-75.00969199999743, 40.023462999696925], [-75.00622999979196, 40.025671000009865], [-75.00342299988769, 40.02739299970579], [-75.00209999976478, 40.02820300008555], [-75.00086100020579, 40.02896300013704], [-75.0004670000205, 40.02919199988086], [-74.99975900001584, 40.02960499992933], [-74.99875899993314, 40.030281000015265], [-74.99773000043642, 40.0311629996882], [-74.99578200014955, 40.032893999782054], [-74.99255500012073, 40.03576400022117], [-74.99072400000969, 40.0373490001903], [-74.98770700004314, 40.03995800020277], [-74.98767600008101, 40.039982999785934], [-74.98702400015286, 40.04048299984068], [-74.98628000016319, 40.04094200025988], [-74.98566400022004, 40.04130299983327], [-74.98494299979659, 40.04176899993329], [-74.98484800026034, 40.04183599976691], [-74.98442999978559, 40.042155000104366], [-74.98382800008615, 40.04271300021248], [-74.98313299960198, 40.04350699993041], [-74.9826699998197, 40.04407900027645], [-74.98234900032766, 40.044475000296785], [-74.98163399975199, 40.045152000064476], [-74.98116699977176, 40.04552799994492], [-74.98059100001157, 40.045943999781144], [-74.97989200022775, 40.04634099986118], [-74.97919900029171, 40.046593999729794], [-74.97861599996051, 40.04675599966624], [-74.9782560001104, 40.04685800011639], [-74.97718800025565, 40.04716600030681], [-74.97664000008456, 40.04740799987311], [-74.97621400011221, 40.04769999966094], [-74.97576100037567, 40.048150000172576], [-74.9747839998592, 40.04931600004262], [-74.9749959995713, 40.04950600013558], [-74.97601200044585, 40.05041699998082], [-74.97628100005936, 40.050658999695415], [-74.97792300002449, 40.052131999913534], [-74.9781859997902, 40.052289999855425], [-74.97841500011906, 40.05241499982409], [-74.9785580002342, 40.05249300005697], [-74.97909399981141, 40.052861000286505], [-74.9794660002554, 40.05315699994105], [-74.97954900009609, 40.053244999962175], [-74.97969499968595, 40.053399000241335], [-74.97971499977743, 40.05347300020706], [-74.97973499986892, 40.05354700009244], [-74.98002799977186, 40.05363699986332], [-74.98202200008951, 40.05372700020296], [-74.98220200001457, 40.0538039998415], [-74.98254900034419, 40.05395299996656], [-74.98266599962174, 40.05395299996656], [-74.98319399970133, 40.05422300006465], [-74.98348699960431, 40.05444799978765], [-74.98355500027468, 40.05453799974392], [-74.9838380001319, 40.05491199989338], [-74.98388900018553, 40.05497899987432], [-74.98390400025413, 40.05499399975843], [-74.98393199984324, 40.05501600004083], [-74.98396799982824, 40.05504299981518], [-74.98399700014056, 40.05506599984369], [-74.98407300030853, 40.05512399976154], [-74.9841899995861, 40.05534899994789], [-74.9841899995861, 40.05547000009542], [-74.98419899980692, 40.0555030002859], [-74.98420300000488, 40.05551599985646], [-74.9841899995861, 40.055574999833404], [-74.98430199973909, 40.05584999982111], [-74.98447300034162, 40.05627000027345], [-74.9844930004331, 40.05629099971243], [-74.98458899979425, 40.05640400024963], [-74.98469299955134, 40.056509999664414], [-74.98481999977294, 40.056603000241125], [-74.98494199997167, 40.05672700012509], [-74.98516299990462, 40.05693200033119], [-74.98518100034627, 40.05701199967411], [-74.98518600036915, 40.057105999985325], [-74.98515200003396, 40.05719899974866], [-74.98506499999533, 40.0572920000727], [-74.98491299965937, 40.057391999739764], [-74.98453899956554, 40.05763600026421], [-74.98437200005928, 40.05778599998391], [-74.98428699967046, 40.057837000225966], [-74.98417100021784, 40.05787299980758], [-74.98399700014056, 40.05791999972931], [-74.9838940002084, 40.057938000188145], [-74.98386999991895, 40.05794800013543], [-74.9833100000523, 40.0581870000886], [-74.98301700014935, 40.058367000319876], [-74.98289999997348, 40.058367000319876], [-74.98237199989387, 40.05868299980488], [-74.98184399981427, 40.05908800031821], [-74.9815509999113, 40.059447999670304], [-74.98043700002577, 40.06030400016328], [-74.98048100040673, 40.06038299998886], [-74.98054800035388, 40.06045400019775], [-74.98076699973866, 40.06060599995087], [-74.98084200008174, 40.06068399974676], [-74.98088599956435, 40.0607920001101], [-74.98091700042482, 40.06087999989762], [-74.98092599974733, 40.06098300019989], [-74.98094300036408, 40.06109399979727], [-74.98093400014326, 40.06119699977604], [-74.98091700042482, 40.061304000343384], [-74.98090800020398, 40.0614099996988], [-74.98095300040984, 40.061589999666325], [-74.98100100009042, 40.061687999884164], [-74.98101500033411, 40.06177900025487], [-74.9810289996795, 40.06185900009506], [-74.98100699993819, 40.06196499996211], [-74.98098500019687, 40.06207800002785], [-74.98097400032624, 40.062092999724406], [-74.98091200040194, 40.06218000023661], [-74.98086800002102, 40.06229299994581], [-74.98082899966296, 40.062398999825135], [-74.98080699992164, 40.06250199989364], [-74.98080299972368, 40.062594999855115], [-74.98086399982306, 40.062694999989944], [-74.98090499983093, 40.06273699971401], [-74.98090499983093, 40.06300700007222], [-74.98114000000757, 40.063367999671264], [-74.98113900018267, 40.06368299970314], [-74.9810220000068, 40.063817999860206], [-74.98090499983093, 40.064269000141245], [-74.98090099963296, 40.064381000197955], [-74.98087300004389, 40.06446599991553], [-74.9809030001811, 40.06461599972459], [-74.98093900016612, 40.06471300009444], [-74.98101600015903, 40.06484699996709], [-74.98102299983171, 40.06493899986044], [-74.98098900039483, 40.065508000274065], [-74.98095300040984, 40.06556499994609], [-74.98091900007464, 40.065718000277194], [-74.98089200031046, 40.065906999726565], [-74.98087800006675, 40.066027999688], [-74.98083799988378, 40.06610199968916], [-74.98068999974578, 40.06620299977475], [-74.98057500011807, 40.06625000013787], [-74.98042100013227, 40.06633700015401], [-74.98019199980341, 40.06644499980612], [-74.97999000013705, 40.06656600018689], [-74.97991399996907, 40.06662599981311], [-74.97984399964886, 40.06671900033228], [-74.97983699997616, 40.066791999992994], [-74.9798040003642, 40.06685500024945], [-74.97978000007477, 40.06691099989377], [-74.9797120003027, 40.06697299976547], [-74.97960500017257, 40.06703500026818], [-74.97955499994387, 40.06708099978419], [-74.97941199982873, 40.06719800001229], [-74.97918099985004, 40.06730199997], [-74.9790920001616, 40.06736700029258], [-74.97888100027438, 40.06742199993538], [-74.97861599996051, 40.067518999747186], [-74.97837099973813, 40.067577000064745], [-74.97815900002603, 40.067637999752876], [-74.9780080004133, 40.06772500005873], [-74.97785699990224, 40.06780799989143], [-74.97762699974848, 40.06790600010203], [-74.97741599986126, 40.068028000209274], [-74.97729799986051, 40.06812100018933], [-74.97720999999696, 40.06816799991658], [-74.97712399978322, 40.0682500003285], [-74.97711600028562, 40.068322999723435], [-74.97710299986683, 40.06839699998142], [-74.97710299986683, 40.068444000205666], [-74.9769880002391, 40.068632000091085], [-74.97690100020047, 40.06871299969526], [-74.97688699995676, 40.068793999890595], [-74.97686000019259, 40.068874999989596], [-74.97678599967443, 40.0690089999249], [-74.97673299997098, 40.06906999970555], [-74.97669899963579, 40.069143999839476], [-74.97661800034327, 40.06920399994475], [-74.97628799973205, 40.06932800026981], [-74.97620200041663, 40.06943199972533], [-74.9761420001422, 40.06948199994905], [-74.9759949998291, 40.06960299974738], [-74.97548299964302, 40.069833000032666], [-74.97526599990805, 40.06992999984838], [-74.97523699959572, 40.069943000103784], [-74.97517300002161, 40.069985000171584], [-74.97509799967854, 40.07003399975966], [-74.97509600002873, 40.07006199999942], [-74.97512000031817, 40.07022399983516], [-74.975121999968, 40.07028799989324], [-74.97510000022669, 40.07039799991701], [-74.97507000008946, 40.07049400008006], [-74.97503999995224, 40.07059300008499], [-74.97497999967777, 40.07067800030077], [-74.974897999662, 40.070759999753335], [-74.97479999975272, 40.07082100002817], [-74.97460999978193, 40.07089299988785], [-74.97441599961316, 40.07097199980862], [-74.97432500027489, 40.07098799982493], [-74.97419700022837, 40.0710429999812], [-74.97413799977882, 40.0710679998501], [-74.9739889998159, 40.071131999802574], [-74.97390099995235, 40.07116999965992], [-74.97388800043188, 40.071175000037606], [-74.97386599979224, 40.071185000104364], [-74.97374399959351, 40.0712449997866], [-74.97363099961561, 40.07134500028533], [-74.97361600044532, 40.07139199985031], [-74.97360499967634, 40.07145799991597], [-74.97360200020161, 40.07152200018943], [-74.97356500039169, 40.07157399998064], [-74.97352799968344, 40.07163299980141], [-74.97347400015508, 40.07168900032968], [-74.97338000044377, 40.07174699984628], [-74.97321200021426, 40.07182600015133], [-74.97306200042645, 40.07187599999254], [-74.97293500020483, 40.071921000161936], [-74.97258500040047, 40.07213899985897], [-74.97244499976007, 40.07223500031783], [-74.97237799981292, 40.07234200004679], [-74.9723490003989, 40.07240799987935], [-74.9723340003303, 40.072559000265905], [-74.97228999994938, 40.072670000250085], [-74.97228199955345, 40.07268400017332], [-74.97226300018518, 40.07279900002299], [-74.97223800007082, 40.07293900023543], [-74.97223499969779, 40.07303800012355], [-74.97221200013158, 40.07314200010104], [-74.97215299968202, 40.0732009999383], [-74.97207999988709, 40.073248999779906], [-74.97194299961974, 40.07332200000399], [-74.97162600032564, 40.07337399979571], [-74.9713979998217, 40.073518000228], [-74.9712580000796, 40.073606000074925], [-74.97110300026891, 40.07369499998414], [-74.97106200026104, 40.07373100012291], [-74.97103600032176, 40.073823999877796], [-74.97103600032176, 40.07385700011509], [-74.97106300008593, 40.073965999702054], [-74.97126200027758, 40.074146999658744], [-74.97140500039269, 40.07425799980437], [-74.97143800000467, 40.07429499981273], [-74.97146599959376, 40.07435500019222], [-74.97148400003543, 40.07442900008343], [-74.97146599959376, 40.074517000128026], [-74.97139199997392, 40.074586999879195], [-74.97133599989742, 40.07464199987876], [-74.97130800030834, 40.0746929998761], [-74.97127999982092, 40.07482800021041], [-74.97127099960008, 40.07493899993348], [-74.97127999982092, 40.07506400028444], [-74.9713130003312, 40.07522599990845], [-74.97134500011825, 40.07532300029235], [-74.97135000014113, 40.07542899983102], [-74.97135500016398, 40.075541000098156], [-74.97135000014113, 40.075618999978985], [-74.97133099987455, 40.075720999846965], [-74.9712990000875, 40.0758410001026], [-74.97119699998024, 40.07593399972564], [-74.97113300040614, 40.075966000172656], [-74.97108599965216, 40.076006999821196], [-74.9709400000623, 40.076135000007], [-74.97083700013013, 40.07621299989487], [-74.97069200036518, 40.07625299994372], [-74.97050999989199, 40.07623799992815], [-74.97036699977684, 40.07622199977042], [-74.970249999601, 40.076219000041185], [-74.970109000034, 40.07626900009412], [-74.9700110001247, 40.07633299997087], [-74.96989999979662, 40.07638699979864], [-74.96982399962863, 40.076445000126014], [-74.9697490001839, 40.07647399992746], [-74.96962699998515, 40.07647399992746], [-74.96947999967206, 40.0764539999709], [-74.96929499972413, 40.07639900006003], [-74.96922899960188, 40.07635699982326], [-74.96904000035431, 40.076327999971944], [-74.96876199962165, 40.07630000024603], [-74.96844699997737, 40.07630000024603], [-74.96803000022587, 40.0763140001104], [-74.96776699956182, 40.076317999972936], [-74.96758599981186, 40.07633699983229], [-74.96740099986393, 40.07633699983229], [-74.96706299975513, 40.07637799994486], [-74.96688200000516, 40.076438999999624], [-74.96677099967707, 40.07663299992318], [-74.96673399986716, 40.07673500033447], [-74.9666739995927, 40.07688800032134], [-74.96652999965265, 40.077082000340475], [-74.96640099978121, 40.07718900001535], [-74.96621599983331, 40.07725800033323], [-74.96592399975525, 40.077280999736296], [-74.96561400013384, 40.07724399997555], [-74.96542400016305, 40.07723000030233], [-74.96496300003061, 40.07716999970633], [-74.96488699986261, 40.07715700014305], [-74.96484199965677, 40.0771479997037], [-74.96451399959372, 40.07710499980298], [-74.96448500017972, 40.07709800029615], [-74.96423400010954, 40.07705900018287], [-74.96398899988715, 40.07704099996439], [-74.96376399975625, 40.077063000001644], [-74.96360399992268, 40.07710499980298], [-74.96346599983042, 40.07715499989276], [-74.96333399958596, 40.0772120001291], [-74.9632659998139, 40.07724100029129], [-74.96314500033837, 40.077325999771205], [-74.9630919997366, 40.07741799999443], [-74.96306699962226, 40.07750400006075], [-74.9630209995915, 40.077570999821425], [-74.96293500027609, 40.077645999772756], [-74.96286099975794, 40.077691999683765], [-74.96276100019881, 40.07777400031463], [-74.96271400034317, 40.07785899981661], [-74.9626609997414, 40.077995000173786], [-74.96258000044887, 40.07807299999324], [-74.96252600002218, 40.078123000059634], [-74.96245200040235, 40.07820099973246], [-74.9624289999378, 40.07823100027017], [-74.96242999976272, 40.07825299992292], [-74.96247999999143, 40.07840499982907], [-74.96251699980137, 40.078459000075824], [-74.96253199986995, 40.07851900022341], [-74.96253400041812, 40.07857900031808], [-74.96250500010578, 40.078638999672556], [-74.96246800029586, 40.07868799990805], [-74.96237100021149, 40.07878500017206], [-74.96233199985343, 40.07882500008484], [-74.96226900010424, 40.07889400011964], [-74.96219899978402, 40.07900899979321], [-74.96215500030142, 40.07911800006959], [-74.96212900036215, 40.07932900013395], [-74.96213199983687, 40.07937599968786], [-74.96210599989762, 40.0794720002554], [-74.9620139998361, 40.07958400005904], [-74.96189300036059, 40.07966200012038], [-74.96172799960584, 40.07977400029885], [-74.9616339998945, 40.07983800031815], [-74.96152199974152, 40.079921999908535], [-74.96140499956566, 40.08003000001508], [-74.96127200039457, 40.080186999794485], [-74.96112099988352, 40.08038799989429], [-74.96107499985277, 40.08044099986616], [-74.96088200040724, 40.08058300032679], [-74.96081399973686, 40.08065099988103], [-74.96041100022904, 40.080966999789005], [-74.96029999990095, 40.08105300018435], [-74.96024299999954, 40.08110899983998], [-74.96003899978507, 40.081323000112356], [-74.96005999970146, 40.08145099992811], [-74.96007800014311, 40.08153500027783], [-74.96007700031821, 40.081672000224934], [-74.96007200029533, 40.0817849999036], [-74.9600489998308, 40.08192200003499], [-74.96001000037106, 40.08204900004601], [-74.95995299957133, 40.082136999866], [-74.9598580000351, 40.08224800004689], [-74.95974199968414, 40.0823040000942], [-74.95965200017076, 40.08231600000015], [-74.95924799993973, 40.08237300004013], [-74.95908499973311, 40.08234900024616], [-74.95904999957301, 40.0824089997152], [-74.95899900041769, 40.08250300003708], [-74.95903799987744, 40.08258200023645], [-74.95912999993895, 40.0827149999649], [-74.95915300040348, 40.08280599973791], [-74.959133000312, 40.08291900028372], [-74.95901699996104, 40.08308099977802], [-74.95894599981594, 40.083161000031], [-74.95895599986167, 40.083222000195065], [-74.9589430003412, 40.08332000022032], [-74.95898299962586, 40.08345199984903], [-74.9589640002576, 40.083584999939774], [-74.95890200033332, 40.08372299991435], [-74.95872099968503, 40.08390099997645], [-74.95865399973789, 40.083913000288234], [-74.9585909999887, 40.083923999884874], [-74.95842100010938, 40.08391999978187], [-74.95838199975131, 40.083957000038794], [-74.95837199970558, 40.08402300029853], [-74.95836400020796, 40.08411299967487], [-74.95842100010938, 40.08420699970599], [-74.95854699960776, 40.084257000079084], [-74.95862899962353, 40.08429400015286], [-74.95867800002732, 40.084381999820266], [-74.9586260001488, 40.084593000066796], [-74.95838500012437, 40.084897000099566], [-74.95834900013935, 40.08494199991218], [-74.95829700026081, 40.08505799968915], [-74.95825000040514, 40.08527399993208], [-74.95821400042016, 40.085641999734776], [-74.95820900039728, 40.08587000015343], [-74.95817300041226, 40.086015000272596], [-74.95809300004632, 40.086131000283025], [-74.95802799974898, 40.08623900016242], [-74.95802100007629, 40.08639100010972], [-74.95803500032, 40.0864709999095], [-74.95802799974898, 40.08655100030256], [-74.95800600000769, 40.08664499971638], [-74.95794800028136, 40.08674600026528], [-74.95791200029635, 40.086811999882975], [-74.95782500025771, 40.08687700014159], [-74.95775300028768, 40.086949000207575], [-74.95766600024906, 40.087029000038875], [-74.9576000001268, 40.08709400009029], [-74.9576000001268, 40.087181000284], [-74.95762199986812, 40.08731100003446], [-74.95768700016546, 40.087623000072135], [-74.95782500025771, 40.0878399997045], [-74.95794800028136, 40.088100999840826], [-74.95800600000769, 40.088275000292036], [-74.95802799974898, 40.08840500001502], [-74.95818000008495, 40.08881099970822], [-74.95817300041226, 40.08899899972429], [-74.95816500001634, 40.08915899997233], [-74.95815800034364, 40.089260000227334], [-74.95812200035863, 40.0893329997808], [-74.9580360001449, 40.08945100021142], [-74.95797800041859, 40.089528999964465], [-74.95785700004477, 40.08969400004621], [-74.95780699981604, 40.08976300006176], [-74.95774700043991, 40.08984399996088], [-74.9578240004328, 40.08999500016871], [-74.95791700031923, 40.09011599994335], [-74.95793599968748, 40.09023700019013], [-74.95794499990832, 40.09034800022161], [-74.95793599968748, 40.09042299984328], [-74.95789899987757, 40.09057099966969], [-74.95781500021198, 40.09072999973294], [-74.95770300005897, 40.09092500009434], [-74.95757300036263, 40.09111999989709], [-74.95739599991231, 40.09131599974554], [-74.95725699999515, 40.091530000232794], [-74.95721000013948, 40.091650000115294], [-74.95714499984214, 40.091761999814686], [-74.95708899976566, 40.0919020002106], [-74.95700599992497, 40.09198500012774], [-74.95688499955115, 40.09208800012425], [-74.95676400007564, 40.092274000216804], [-74.9566429997018, 40.09245000010974], [-74.95654999981541, 40.09259900023731], [-74.95644699988324, 40.09275699979027], [-74.95639199963165, 40.09289700020112], [-74.95634499977598, 40.09298999989268], [-74.95632600040771, 40.09312000023132], [-74.95630799996606, 40.09320399992693], [-74.95629899974523, 40.09363600025788], [-74.95632800005754, 40.09384500023547], [-74.95630600031625, 40.094037000287145], [-74.95604900039828, 40.094597999847], [-74.95591299995584, 40.094717999817625], [-74.95581300039674, 40.09485599990016], [-74.95576300016803, 40.09498199997019], [-74.95577700041173, 40.09510299981239], [-74.95583500013804, 40.09523499995712], [-74.95606299974368, 40.09557000019013], [-74.9561139997973, 40.095690999673984], [-74.95616400002602, 40.095744999953546], [-74.95627100015615, 40.095767000131474], [-74.95663600002914, 40.09594299992464], [-74.95682900037298, 40.09594299992464], [-74.9570789997199, 40.095915000019204], [-74.95741500017888, 40.09596999996977], [-74.95774400006687, 40.09609100011678], [-74.95815900016856, 40.096569000201036], [-74.95834499994139, 40.09672300011972], [-74.95848800005653, 40.09680999968768], [-74.95862299977576, 40.096871999825325], [-74.95874900017245, 40.09692900004611], [-74.95877099991375, 40.096937999931974], [-74.95915400022838, 40.097046999676365], [-74.95933900017631, 40.0971289996716], [-74.95994000005086, 40.09736999992366], [-74.960083000166, 40.097376000266905], [-74.96045499971164, 40.09746400020116], [-74.9610489999135, 40.09743099972377], [-74.96119200002863, 40.09744699970735], [-74.96134199981647, 40.09749600014906], [-74.96144300009878, 40.097599999875726], [-74.96161800000098, 40.09766199998077], [-74.96172199975805, 40.09770800011081], [-74.961766000139, 40.097751999877545], [-74.9617870000554, 40.0977730002715], [-74.96180700014688, 40.09785199992861], [-74.96181100034482, 40.09792800003408], [-74.96177299981167, 40.098016999760326], [-74.96165900000888, 40.098095000003816], [-74.96159500043477, 40.09816600006835], [-74.96157699999311, 40.09822999997601], [-74.96160499958219, 40.098290999692345], [-74.96172299958296, 40.098378000004224], [-74.96190699970597, 40.0984959998704], [-74.96206099969177, 40.09861000029214], [-74.96209300037715, 40.09866299982039], [-74.96206900008768, 40.09876699982496], [-74.96178399968234, 40.09903599977996], [-74.96172900032907, 40.09909199975946], [-74.96168499994813, 40.09915499968133], [-74.96167200042765, 40.09919599979543], [-74.96173799965159, 40.09925499973196], [-74.96181399981957, 40.09931800019007], [-74.96191599992682, 40.09940799995796], [-74.96198399969889, 40.09950200016869], [-74.96201899985898, 40.09958700002819], [-74.96201200018628, 40.09965099997356], [-74.96197600020126, 40.099707999927894], [-74.96193099999543, 40.0997879998797], [-74.96188800033771, 40.09990299998925], [-74.96185300017761, 40.100088000235644], [-74.9618449997817, 40.10016900021486], [-74.96179899975095, 40.100377000271294], [-74.9617669999639, 40.100520999937864], [-74.96174299967446, 40.10064800029271], [-74.96168699959796, 40.10073099985007], [-74.96170000001675, 40.100768999679886], [-74.96164200029044, 40.10089600025897], [-74.96147599971076, 40.101059999806644], [-74.96139299987009, 40.10115099979149], [-74.96122499964059, 40.101288999883664], [-74.96112400025658, 40.101396999760574], [-74.96105999978415, 40.10166799984209], [-74.96109999996713, 40.10179700033082], [-74.96117600013511, 40.101867999968086], [-74.96126800019661, 40.10194899988964], [-74.96129300031097, 40.102016000328724], [-74.96128900011301, 40.10212099977649], [-74.96123300003651, 40.10227599994128], [-74.96120100024946, 40.10241999971139], [-74.96119799987642, 40.10259699991315], [-74.96108800027156, 40.10277700027492], [-74.96105099956333, 40.1029179997447], [-74.96106499980704, 40.102949999876074], [-74.96090800034649, 40.10303300006077], [-74.96088599970689, 40.103103999782434], [-74.96100100023293, 40.103324000123735], [-74.961140999975, 40.10343099977959], [-74.96115600004362, 40.1034459999876], [-74.96122700018873, 40.10348899974106], [-74.96140100026602, 40.103574000116474], [-74.9615629997494, 40.10367399985635], [-74.961766000139, 40.10381000017368], [-74.96199100026988, 40.10401800009265], [-74.96209000000408, 40.104137000212894], [-74.96237700005926, 40.104344000093505], [-74.96253799971775, 40.10447600017643], [-74.96253799971775, 40.10454800017619], [-74.96246599974774, 40.10464799985855], [-74.96243200031084, 40.10475500018043], [-74.9624280001129, 40.10484800015654], [-74.96244599965623, 40.10488299990771], [-74.9624980004331, 40.104984999904474], [-74.96255399961127, 40.10507699985118], [-74.96269199970354, 40.105134999783566], [-74.96296299986518, 40.10520300023357], [-74.96318299997321, 40.10528400030703], [-74.96339800005838, 40.10538499999216], [-74.96359100040222, 40.105467999954456], [-74.96379600044163, 40.10553899988322], [-74.96392600013797, 40.10558899970153], [-74.96396200012298, 40.10563599967583], [-74.96396200012298, 40.10572899982168], [-74.96390600004649, 40.105802999965114], [-74.96378499967265, 40.10590200016116], [-74.96369099996133, 40.105969000142665], [-74.96362700038723, 40.10606300022081], [-74.9636049997476, 40.1061379997003], [-74.96366900022002, 40.10627899976205], [-74.96365800034937, 40.1063779999524], [-74.96359499970187, 40.10644000030361], [-74.96345900015775, 40.10648199984452], [-74.9633720001191, 40.1065129999798], [-74.96326800036204, 40.10656000000279], [-74.96319899986675, 40.106671000205964], [-74.96324800027054, 40.10677100020294], [-74.96333500030919, 40.10687199974147], [-74.96351600005913, 40.10698100006162], [-74.96368199974049, 40.10704699998152], [-74.9639570001001, 40.10709900012309], [-74.96419399992656, 40.10711900000844], [-74.96441999988238, 40.10713899988786], [-74.96472500037922, 40.107173000150375], [-74.96497700027429, 40.107190000275224], [-74.96505599991701, 40.107214999925745], [-74.96512200003926, 40.107303999871256], [-74.96521099972772, 40.10744300021706], [-74.9652939995684, 40.10762199975958], [-74.96536700026164, 40.107774000045325], [-74.96543099983575, 40.10788600000234], [-74.96550199998086, 40.10798099985202], [-74.96555999970717, 40.10803999972806], [-74.96560699956284, 40.108091000126976], [-74.96557399995088, 40.10815199993417], [-74.9653859996299, 40.10838700024575], [-74.96520499987993, 40.108653000279546], [-74.96511600019147, 40.10877300019714], [-74.96505799956682, 40.108820000032736], [-74.96493399971828, 40.108878000208996], [-74.96487599999196, 40.10892600031742], [-74.96480900004481, 40.108997000072286], [-74.96476300001406, 40.109083000092106], [-74.96473700007478, 40.10918099998222], [-74.96467799962525, 40.10931300029801], [-74.96460099963234, 40.10940099990825], [-74.96450799974595, 40.109469000216116], [-74.96440800018682, 40.109497999690205], [-74.96423300028464, 40.109426999771294], [-74.96407400027597, 40.109453000311454], [-74.9639770001916, 40.10950800031149], [-74.96389000015296, 40.109602000308534], [-74.96376999960404, 40.109752999958715], [-74.96370900040297, 40.109867000068604], [-74.96370900040297, 40.1099570003097], [-74.96374500038799, 40.11008600019561], [-74.96381099961194, 40.110220999734345], [-74.96383900009933, 40.11037000011018], [-74.96383800027442, 40.11045700009104], [-74.96390100002361, 40.110560000295685], [-74.96403900011587, 40.110705999658215], [-74.96412000030674, 40.11085799992261], [-74.96412000030674, 40.110950999799385], [-74.9641040004132, 40.11106100008048], [-74.96404499996365, 40.111211000302], [-74.96393399963557, 40.11137299978494], [-74.96385099979491, 40.11147299973966], [-74.96379499971839, 40.111544000270925], [-74.96377600035015, 40.11164500027965], [-74.96378300002284, 40.11173799976736], [-74.96384900014507, 40.111912999854745], [-74.96387900028229, 40.112003000136525], [-74.96388299958194, 40.11219400017976], [-74.96387699973415, 40.11243100016748], [-74.96391799974205, 40.11262999996278], [-74.9640209996742, 40.11301000022947], [-74.96413600020026, 40.11328100007905], [-74.9641549995685, 40.11337299979768], [-74.96413700002515, 40.11346199992972], [-74.9640900001695, 40.11355400009051], [-74.96399999975782, 40.113681999748714], [-74.96366900022002, 40.11399199994074], [-74.96345599978468, 40.11420000032785], [-74.96334600017983, 40.11433800005532], [-74.96320100041488, 40.11467599975805], [-74.9631679999046, 40.11481599972418], [-74.96323599967667, 40.11496099999869], [-74.9632599999661, 40.11502600016349], [-74.96334799982965, 40.11512600024291], [-74.96341300012699, 40.115208999997954], [-74.96339399986041, 40.11528999983502], [-74.96332899956309, 40.115473000333004], [-74.96331600004261, 40.11551700028919], [-74.96324800027054, 40.1156420003217], [-74.96319999969165, 40.11571199968992], [-74.96314600016329, 40.11579099981292], [-74.96311000017828, 40.115871000087445], [-74.96311400037624, 40.11599699971068], [-74.96313199991958, 40.11609600018324], [-74.96315500038413, 40.11619600006314], [-74.96314100014042, 40.11635800003745], [-74.96315000036125, 40.11649900020978], [-74.96317399975237, 40.11667499995627], [-74.96321899995823, 40.11675900011184], [-74.96329400030129, 40.1168880001487], [-74.96337700014197, 40.11696600005226], [-74.9634420004393, 40.117003999743865], [-74.96357499961037, 40.11703900010996], [-74.96373500034225, 40.11707999975039], [-74.9638290000536, 40.11712299981589], [-74.96399700028307, 40.11722300024646], [-74.96411500028387, 40.11729000006796], [-74.96414500042108, 40.1173250002868], [-74.96420599962215, 40.11739499998352], [-74.96426000004882, 40.11755800006775], [-74.96428000014029, 40.1176199998455], [-74.96433299984375, 40.11782200021395], [-74.96441700040765, 40.11798099979966], [-74.96448799965444, 40.11812200004145], [-74.96450699992103, 40.11823700007094], [-74.96449699987528, 40.11831600000836], [-74.96452600018759, 40.11837199991711], [-74.96461200040132, 40.118476000017786], [-74.96474000044785, 40.11856999998517], [-74.96499099961967, 40.11863500013508], [-74.96520499987993, 40.11861299979536], [-74.96546299962279, 40.118552999956876], [-74.96589799981598, 40.11830599999525], [-74.96607899956594, 40.118234000132375], [-74.96638400006277, 40.11811199999981], [-74.96653300002569, 40.11807799970996], [-74.96672100034667, 40.11804700003692], [-74.96694999977723, 40.11800299965689], [-74.96712200020467, 40.117942999967006], [-74.96735300018335, 40.11792800020802], [-74.96746100013839, 40.11787600010195], [-74.9674829998797, 40.117799000083245], [-74.96751600038996, 40.117678000073894], [-74.96755900004767, 40.11762699999414], [-74.96773200030003, 40.11752400018781], [-74.96788999958547, 40.11739999971378], [-74.96803500024875, 40.11729199982581], [-74.96812499976211, 40.11721600005623], [-74.9682159999987, 40.11716899983984], [-74.96831999975579, 40.117092999932844], [-74.9684400003047, 40.11702599991718], [-74.96868499962876, 40.11693499987233], [-74.96891599960745, 40.11687300015699], [-74.96908600038506, 40.11684099970561], [-74.9692019998377, 40.11681699970072], [-74.96932499986136, 40.11684699970554], [-74.96947899984714, 40.11691500012543], [-74.96959199982504, 40.11697300026824], [-74.96964600025173, 40.117000000211206], [-74.96973800031323, 40.11701699994085], [-74.96981299975798, 40.11701299972198], [-74.96986600035974, 40.11698100002346], [-74.96991599969014, 40.11695599984062], [-74.96998600001035, 40.11694699985501], [-74.97008200026981, 40.11696100029014], [-74.97017799963096, 40.117003999743865], [-74.97026800004264, 40.11708500019074], [-74.97034699968538, 40.11718999973593], [-74.97045100034076, 40.11738400030093], [-74.97061399964905, 40.11752400018781], [-74.9707500000915, 40.11764499978422], [-74.97084200015301, 40.117752000269824], [-74.9708839999858, 40.11785100024821], [-74.97095000010803, 40.11790900027957], [-74.97108599965216, 40.11807899992076], [-74.97117199986587, 40.118260000053496], [-74.97142200011115, 40.11857299990892], [-74.97187300019785, 40.119084000329636], [-74.97205200029799, 40.11926000025489], [-74.97264599960153, 40.11965499995081], [-74.97296100014411, 40.119803000080665], [-74.97311099993193, 40.119779999933094], [-74.97336600020006, 40.119796000156036], [-74.97360800004938, 40.11980599995001], [-74.97407500002963, 40.119786999859365], [-74.97428699974174, 40.11978500017489], [-74.97442700038212, 40.11979700034157], [-74.97453600016208, 40.11984899966552], [-74.97461200033007, 40.119911000102086], [-74.97468900032295, 40.11999899973828], [-74.97480499977559, 40.12007499983199], [-74.97497200018017, 40.12016400012301], [-74.97510000022669, 40.12021100033003], [-74.97522599972507, 40.120215999853194], [-74.9753899997566, 40.120188999813294], [-74.975566000382, 40.120172000189775], [-74.975670999964, 40.120189999993045], [-74.97572399966745, 40.12025200011867], [-74.97573200006337, 40.12031800021242], [-74.97573100023844, 40.12039200028299], [-74.97581400007913, 40.120434000138694], [-74.97593100025499, 40.12045700006504], [-74.9760299999892, 40.12043699998021], [-74.97606599997421, 40.12037699969035], [-74.97602900016427, 40.1202779999551], [-74.97607099999706, 40.120200999908675], [-74.9761360002944, 40.12014200027802], [-74.97639800023524, 40.1200409998367], [-74.97661099977225, 40.11996599988803], [-74.97679400007036, 40.119924999926894], [-74.97692899978955, 40.119919999695384], [-74.97704099994256, 40.11995899998019], [-74.97714200022489, 40.12002499967141], [-74.97724599998196, 40.120061000038014], [-74.97738200042441, 40.120062000219704], [-74.97751899979343, 40.12001799976964], [-74.97754800010576, 40.11982900008879], [-74.9775869995655, 40.119760000336065], [-74.97764600001504, 40.1196949998877], [-74.97773700025164, 40.11965399976319], [-74.97797499990301, 40.11959400015629], [-74.97824299969162, 40.119481000054506], [-74.9783670004385, 40.11945499991331], [-74.97847799986826, 40.119500000230616], [-74.97860300044005, 40.11954000025873], [-74.97868700010565, 40.11953399980948], [-74.97879900025863, 40.1194860003183], [-74.97889100032012, 40.119418999912796], [-74.9790079995977, 40.119371999845214], [-74.97913200034455, 40.11934299977275], [-74.97928299995729, 40.11934399996494], [-74.97946899973014, 40.1193789998135], [-74.9795990003248, 40.11942100029494], [-74.9797120003027, 40.11949900004071], [-74.9797619996331, 40.11956500017845], [-74.97984299982396, 40.11962499981094], [-74.97993999990832, 40.11974199973196], [-74.98004000036576, 40.119862000005476], [-74.9800579999091, 40.11988299975682], [-74.98007600035078, 40.11990300000461], [-74.98011200033578, 40.11993300002177], [-74.98021500026793, 40.12001499990969], [-74.98080899957147, 40.12007000029847], [-74.98132400013058, 40.120149000167025], [-74.9815070004287, 40.12008000005209], [-74.98158699989632, 40.12002199981172], [-74.98169700039949, 40.11996099965954], [-74.98183299994362, 40.11991900019861], [-74.98198100008163, 40.11990999991822], [-74.98216400037971, 40.11991500015046], [-74.98237100006897, 40.11994200029916], [-74.982515000009, 40.11998899997268], [-74.98261799994117, 40.120047000241215], [-74.98267300019276, 40.12010899981028], [-74.98271400020063, 40.12016999982967], [-74.98278799982049, 40.12022200024225], [-74.98292099988988, 40.1202819999819], [-74.98298299981414, 40.12034900022394], [-74.98303300004287, 40.12045599988921], [-74.98307800024871, 40.12064099988257], [-74.98308099972344, 40.120796999920195], [-74.98306800020296, 40.12089100011354], [-74.98300200008073, 40.12100799991688], [-74.98293099993562, 40.12109299969466], [-74.98277000027714, 40.12115000022963], [-74.98260500042069, 40.12118200002697], [-74.98254099994828, 40.121321000174], [-74.98244800006185, 40.12144199988287], [-74.98229099970303, 40.12173899975393], [-74.98225300006818, 40.12189500001992], [-74.98232599986311, 40.12190500019212], [-74.98244700023693, 40.12190000010623], [-74.98250499996327, 40.12195000026176], [-74.9826330000098, 40.12221499999142], [-74.98272199969823, 40.12235199979141], [-74.98275600003343, 40.12244900033525], [-74.98273799959178, 40.12253700012108], [-74.98260200004765, 40.12273700002262], [-74.98258399960598, 40.122789999987205], [-74.98258500032921, 40.122854000083805], [-74.98267800021563, 40.12300700012416], [-74.9829579996998, 40.12335299970441], [-74.98300100025581, 40.12337700014995], [-74.9832819995649, 40.123534999666276], [-74.98343200025103, 40.1236199997193], [-74.98354299968081, 40.12363199989603], [-74.98367699957511, 40.12360899966992], [-74.98397500039924, 40.12359600004642], [-74.98407900015633, 40.12356000017774], [-74.98421300005063, 40.12356100030795], [-74.98430599993704, 40.123592999657376], [-74.98435799981559, 40.123662999770296], [-74.98438600030299, 40.123758000249836], [-74.98441899991496, 40.123797999833556], [-74.98445999992283, 40.12380700028618], [-74.9847539996507, 40.12387399980216], [-74.98498299997956, 40.12389599981334], [-74.98513299976739, 40.123829999758385], [-74.98552799977759, 40.12360399970935], [-74.98567400026577, 40.12348299972686], [-74.98592000031307, 40.12333200033796], [-74.98603599976572, 40.12324900019436], [-74.98624300035327, 40.1231349998485], [-74.98642499992813, 40.1230480002875], [-74.98649100005039, 40.12303899973439], [-74.98654700012688, 40.12305800029006], [-74.9866690003256, 40.12316099995625], [-74.98669699991471, 40.123187000054095], [-74.9868440002278, 40.1233269996701], [-74.986906999977, 40.12337499988419], [-74.98704500006926, 40.123477999757036], [-74.98719499985707, 40.123512000094266], [-74.98731500040599, 40.123586000123], [-74.98738499982788, 40.12366500002762], [-74.98754300001164, 40.12379000019345], [-74.98770700004314, 40.12389699993856], [-74.9877799998381, 40.1239169996925], [-74.98845299968265, 40.124268000048666], [-74.9886319997828, 40.12441599975352], [-74.98860500001861, 40.124642999965005], [-74.98857999990425, 40.12485800014724], [-74.9886950004303, 40.12509600006713], [-74.98871299997364, 40.12515299999352], [-74.98879699963923, 40.12530799987709], [-74.98893899992945, 40.12541899970506], [-74.98901400027252, 40.1254799997685], [-74.98907199999884, 40.12556799975229], [-74.98906699997598, 40.12563500028026], [-74.98899099980798, 40.125725000260076], [-74.98897699956429, 40.12579699974606], [-74.98901199972437, 40.12590599995802], [-74.98904199986161, 40.126012999807024], [-74.98905799975513, 40.12610699965741], [-74.98915599966443, 40.12616199992606], [-74.98933800013762, 40.12619600029472], [-74.98955900007056, 40.12623499972691], [-74.99008100030237, 40.12623100005037], [-74.9902939998394, 40.12622999995948], [-74.99036400015959, 40.1262429997662], [-74.99042500025897, 40.126256999660924], [-74.99062000025263, 40.12629599974501], [-74.99078199973603, 40.126267999968675], [-74.99106600031647, 40.12620400033859], [-74.99145399975566, 40.12613500018689], [-74.9917020003511, 40.126070999744655], [-74.99204399975955, 40.125986000008666], [-74.99236400032501, 40.125932999788155], [-74.99263600031158, 40.12591099974929], [-74.99287599961278, 40.12590599995802], [-74.99314699977442, 40.125937000169124], [-74.99348099968526, 40.12599899986204], [-74.99392400027436, 40.12604799965689], [-74.9941669999486, 40.12609399982468], [-74.99427599972854, 40.12614200014572], [-74.99435000024671, 40.126219000332405], [-74.99442600041469, 40.126415000039316], [-74.99448099976797, 40.126520999687415], [-74.99454400041547, 40.12668199970509], [-74.9945259999738, 40.12695300001698], [-74.99447300027036, 40.12711100015141], [-74.99440700014813, 40.12727799991171], [-74.99423700026881, 40.12749999982151], [-74.99400499956691, 40.1276759999402], [-74.99389400013713, 40.127750000244276], [-74.9937519998469, 40.12791200016461], [-74.99366800018132, 40.12811400017739], [-74.9936870004479, 40.12820999999344], [-74.99365999978541, 40.12838300015674], [-74.99379500040294, 40.12846099992357], [-74.99381200012138, 40.128506999832155], [-74.99378299980906, 40.12861399970813], [-74.99369199957246, 40.12867599970682], [-74.99365999978541, 40.12875299977046], [-74.99350599979961, 40.12877300015634], [-74.99342200013403, 40.12900299970591], [-74.99341700011115, 40.12917599991143], [-74.9934489998982, 40.12942699970859], [-74.99350300032489, 40.12951400003493], [-74.99352400024128, 40.129630000067905], [-74.99348099968526, 40.12967199971129], [-74.99338899962375, 40.12970499965819], [-74.99327800019398, 40.12973400011863], [-74.99318600013248, 40.129761999840916], [-74.99313400025395, 40.12979599978256], [-74.99310099974366, 40.12989400004438], [-74.99311300033756, 40.13001699967546], [-74.99310400011672, 40.130093000246475], [-74.9930470002153, 40.13018799998211], [-74.99294099991009, 40.130197000275544], [-74.99286399991719, 40.13022599983922], [-74.99281399968848, 40.13030200017652], [-74.99277199985569, 40.13042399972689], [-74.99274400026661, 40.130504999982996], [-74.99275099993929, 40.130605999989044], [-74.99278000025163, 40.13072600031791], [-74.99284100035096, 40.130815999738736], [-74.99292199964353, 40.13094699993428], [-74.99299699998659, 40.13105100003028], [-74.99310099974366, 40.131184999826914], [-74.99321100024684, 40.131320000062196], [-74.99335500018688, 40.13146100011326], [-74.99343100035486, 40.131551999947035], [-74.99350800034777, 40.131616000036416], [-74.9936730002042, 40.131733999935925], [-74.99389400013713, 40.13188299987716], [-74.9941870000401, 40.13151600017077], [-74.99744800040412, 40.12824900033076], [-74.99757100042777, 40.128116999680024], [-74.99779999985832, 40.1279020001892], [-74.99788500024711, 40.1278159999277], [-74.99851799990871, 40.12819000012882], [-74.99856399993946, 40.12821699973863], [-74.99898099969099, 40.12845899980736], [-74.9994600002651, 40.12874800018823], [-74.99958400011366, 40.12881899985378], [-74.99974399994723, 40.12891099984209], [-75.00095699956694, 40.12960999993426], [-75.00152499982951, 40.12993600021148], [-75.00227300001715, 40.130376999712134], [-75.0032549996582, 40.131011999927075], [-75.00390900013448, 40.131338999676956], [-75.00399799982296, 40.13138999977337], [-75.00409599973224, 40.13144699991668], [-75.00569199966661, 40.132375999838914], [-75.00590199972888, 40.13249799978734], [-75.00594600010982, 40.13252399974803], [-75.00598799994262, 40.13254799970294], [-75.0069019998116, 40.13307999996097], [-75.00741200034786, 40.13337699981057], [-75.00768699980914, 40.133528000237696], [-75.00853000043134, 40.13399199993734], [-75.00866400032564, 40.13407500001289], [-75.00911700006218, 40.134355000123925], [-75.00946500021671, 40.13456999980637], [-75.0106269997828, 40.13527599978058], [-75.01104699990738, 40.13553000026323], [-75.01145399961315, 40.13578800028449], [-75.01189899985206, 40.13605800005634], [-75.01226999957284, 40.13628399990545], [-75.0123780004262, 40.13634900028808], [-75.01258699976525, 40.13647700029985], [-75.012744999949, 40.13657299997874], [-75.01388399994887, 40.137268999775614], [-75.01438799973903, 40.13757800032215], [-75.01457500023508, 40.13769299971776], [-75.0147030002816, 40.13777099978832], [-75.01506599960645, 40.13799199984528], [-75.01562899984616, 40.13733499983036], [-75.01632199978219, 40.136527000035066], [-75.0164900000117, 40.136353999997965], [-75.01702099956603, 40.13580600007371], [-75.01777700014956, 40.13502500029346], [-75.01795000040194, 40.13484800001017], [-75.01959800021483, 40.13322899969857], [-75.02057099963505, 40.13227399971394], [-75.02300799964345, 40.13054999985461], [-75.02370999980033, 40.13005300024571], [-75.02489099963302, 40.12921599974141], [-75.02513099983253, 40.12908200018393], [-75.02578699995865, 40.12857100004137], [-75.02623300002249, 40.12826000031616], [-75.03165199983734, 40.12450300031148], [-75.03180499999822, 40.12439700026427], [-75.03326299984033, 40.12338499983865], [-75.03363299973618, 40.12312999985307], [-75.03755400042428, 40.12041299987064], [-75.03784200030438, 40.12021300000193], [-75.03828900019313, 40.11990199982064], [-75.03833600004879, 40.11987000010777], [-75.0387090003177, 40.11959899972481], [-75.03904300022852, 40.11935600020946], [-75.0423070000673, 40.1170779999863], [-75.0438069997422, 40.11603099966718], [-75.043856000146, 40.11599699971068], [-75.04421599999611, 40.11574700003403], [-75.04426299985177, 40.11571299993558], [-75.04744899987273, 40.113492000040644], [-75.04854199984185, 40.11272899984085], [-75.04930000007523, 40.112199000292364], [-75.04939200013673, 40.11213499978486], [-75.04952600003104, 40.11204200015298], [-75.05065800035821, 40.11125200002103], [-75.05213399974367, 40.110220999734345], [-75.05292499958901, 40.10966900008091], [-75.05297499981772, 40.10963600002694], [-75.05432100040515, 40.108692000155784], [-75.05532800016056, 40.107990000337175], [-75.05717799963982, 40.10669399997779], [-75.05706700021005, 40.10663199985809], [-75.05751800029677, 40.106377000256586], [-75.0579529995916, 40.10616299973744], [-75.05834199975405, 40.1058919996968], [-75.05919600024689, 40.10501100008129], [-75.05954000020348, 40.10465599968938], [-75.06031799963002, 40.10385900015568], [-75.0614009995534, 40.10274099969097], [-75.06273200007222, 40.10136699981199], [-75.06279599964631, 40.10130000010802], [-75.06353700016125, 40.1005330000681], [-75.06360300028349, 40.10046600023], [-75.0637449996754, 40.10032099997508], [-75.06420300033312, 40.09984600019826], [-75.064456999878, 40.09958399995412], [-75.06493300007908, 40.09909199975946], [-75.06565100012946, 40.098353999668674], [-75.06717400026892, 40.096771999708395], [-75.06770300017341, 40.09622400025168], [-75.06945599956832, 40.094411000049426], [-75.07070800044441, 40.093114000200025], [-75.07100899984499, 40.092801999904665], [-75.07117100022667, 40.09263500000249], [-75.07126999996088, 40.09253200014652], [-75.07128099983153, 40.09251999997972], [-75.0713689996951, 40.09243000003549], [-75.07456099956383, 40.08912399969249], [-75.07458200037854, 40.08910300006573], [-75.07621000009996, 40.08741700015477], [-75.0762489995597, 40.08737699979164], [-75.07636300026084, 40.087264999749344], [-75.07636999993352, 40.087250000097896], [-75.07638500000213, 40.08723399977872], [-75.07639300039806, 40.087226999938586], [-75.07641599996428, 40.08720799968166], [-75.07643100003288, 40.0871930000176], [-75.07780500020941, 40.08576999967795], [-75.078810000315, 40.08527699994971], [-75.07890599967614, 40.085229999658154], [-75.08118899969878, 40.084115999743666], [-75.08164900000631, 40.08366699965958], [-75.08245599974518, 40.082884000232035], [-75.08341499982, 40.08195299967525], [-75.08445300043584, 40.08094799984688], [-75.08686100013195, 40.078625000286124], [-75.08690600033779, 40.07864799991484], [-75.08789800002457, 40.077605999854825], [-75.08908800007808, 40.07637400008584], [-75.08982799986978, 40.075599999919305], [-75.09019299974277, 40.07523799968702], [-75.09031699959132, 40.07511499996576], [-75.09154500017799, 40.07390199966301], [-75.0931240003939, 40.07233399985443], [-75.09365099975028, 40.07175299969863], [-75.09383999989618, 40.07182900007412], [-75.09518399993546, 40.070498999819876], [-75.09621400015538, 40.069492000264376], [-75.09673300001417, 40.06898899983842], [-75.09663400027996, 40.06893200028157], [-75.09645799965455, 40.0688290003101], [-75.09494799993392, 40.06794699979055], [-75.0932230001281, 40.06693500031649], [-75.09191900027177, 40.066188999894315], [-75.09178299982935, 40.06610999992601], [-75.09037000019309, 40.06528499985668], [-75.0897519997018, 40.06492200018094], [-75.08951800024839, 40.06478599984225], [-75.08937799960798, 40.064704999693525], [-75.08927200020108, 40.06464400012901], [-75.08891200035099, 40.06443200031623], [-75.08876000001501, 40.06434199967731], [-75.08806399970592, 40.063956000019296], [-75.08787499956003, 40.06384999981239], [-75.08742500019655, 40.06359900002037], [-75.0881959999504, 40.06282000012395], [-75.08867100032656, 40.06234200025427], [-75.08896599987933, 40.06204199991773], [-75.08970599967104, 40.0612980002582], [-75.09041600022384, 40.060580999680035], [-75.09046200025459, 40.06052800006564], [-75.09109400009126, 40.05986300011578], [-75.09113299955101, 40.05982199968725], [-75.0913850003444, 40.059562999864696], [-75.09146200033729, 40.05949099971788], [-75.0919689996022, 40.0590149999655], [-75.09203499972443, 40.05895200002209], [-75.09229099981746, 40.05870399987541], [-75.09269199967547, 40.058308999724275], [-75.09364400007759, 40.057428999971265], [-75.09350400033551, 40.05724100011034], [-75.09370099997899, 40.05707400030356], [-75.09405599980623, 40.0567710002515], [-75.0941930000736, 40.056679000329865], [-75.09431500027232, 40.05659500026307], [-75.0945660003425, 40.05643100016161], [-75.0946729995743, 40.05636200005966], [-75.0948409998038, 40.056254999982606], [-75.09507799963025, 40.05609099975049], [-75.09521400007269, 40.05600399971451], [-75.09535999966255, 40.05590799975933], [-75.09563300037233, 40.055758999783], [-75.09590000033604, 40.05559300022407], [-75.09616899994955, 40.055428999774016], [-75.09644000011122, 40.05526800026895], [-75.09671100027285, 40.0551089999061], [-75.09698499990925, 40.05495100031107], [-75.09726000026886, 40.05479299966216], [-75.09748399967653, 40.0546649999384], [-75.0975249996844, 40.05464199977455], [-75.09753899992812, 40.05463599979035], [-75.09771999967806, 40.054530999980784], [-75.09781000008977, 40.05448000001495], [-75.09808600027428, 40.054323999882456], [-75.09836400010863, 40.05416899985558], [-75.09864000029316, 40.05401400016374], [-75.09891599957935, 40.05385900011944], [-75.09919400031202, 40.05370299994064], [-75.09947200014636, 40.053550000132574], [-75.09974999998072, 40.05339600019455], [-75.09983000034666, 40.05335199995193], [-75.10002799981505, 40.05324100011992], [-75.10024999957292, 40.05311400002226], [-75.10030300017466, 40.0530849999018], [-75.1005729996131, 40.05292399967255], [-75.10080100011704, 40.05278199999178], [-75.10083999957678, 40.052758999880034], [-75.10089599965329, 40.05272299965968], [-75.10093500001133, 40.052698999731426], [-75.10110499989065, 40.05259100029352], [-75.10136699983147, 40.05242300029289], [-75.10163100032042, 40.05225499987815], [-75.10189900010904, 40.05209100033445], [-75.1021710000956, 40.051931000315484], [-75.10241299994495, 40.05179200005862], [-75.10244499973199, 40.051773000229005], [-75.1027259999394, 40.05162400015138], [-75.10300600032187, 40.051474999747974], [-75.10322999972954, 40.051354999887764], [-75.10324899999611, 40.051329999661064], [-75.10327900013334, 40.05131399984126], [-75.10355699996768, 40.051164000316305], [-75.10382899995426, 40.05100299967497], [-75.10410199976573, 40.05084200002863], [-75.10437399975228, 40.05068000017568], [-75.10456799992104, 40.05056299977506], [-75.10464499991394, 40.0505170001091], [-75.10480100044786, 40.05042199981881], [-75.10491400042578, 40.05035500017141], [-75.1051849996891, 40.05019200001527], [-75.10545300037603, 40.05002900015699], [-75.10572299981445, 40.04986599990886], [-75.1059939999761, 40.04970600016798], [-75.10627000016062, 40.0495479997372], [-75.10653100027653, 40.04937999980009], [-75.10677300012588, 40.04919400012356], [-75.10700199955642, 40.04899700020471], [-75.10703300041688, 40.04897000009817], [-75.10722599986241, 40.04879800000883], [-75.1074500001684, 40.04859899991967], [-75.1076750002993, 40.048399000077495], [-75.10789000038444, 40.04819500019787], [-75.1080920000508, 40.047982000228224], [-75.10827500034891, 40.0477590002151], [-75.1084429996801, 40.04753000023804], [-75.10860500006179, 40.04729799986418], [-75.1087599998725, 40.047062999750516], [-75.10890999966031, 40.04682599974891], [-75.10902199981331, 40.04664099986563], [-75.1093099996934, 40.046031000280564], [-75.10935300024943, 40.0459419999897], [-75.10940599995288, 40.04584000023202], [-75.10943100006723, 40.0458740001682], [-75.11073099972558, 40.04662199997555], [-75.11086999964276, 40.0467019997302], [-75.1109850001688, 40.04676900021753], [-75.1111409998044, 40.04685800011639], [-75.11205499967339, 40.04738500001095], [-75.11236299964496, 40.047563000147036], [-75.11287099963307, 40.04785800024928], [-75.11291199964096, 40.04788199981916], [-75.11450599992551, 40.048806000214526], [-75.11503599965494, 40.04911799993957], [-75.11710399959242, 40.05030399983119], [-75.11855300011199, 40.05113199990733], [-75.1186519998462, 40.05118599977218], [-75.11877099967188, 40.05125399979581], [-75.11946699998097, 40.05165300020586], [-75.11954499979878, 40.05169700017014], [-75.1200179996268, 40.05196400015678], [-75.12082699991379, 40.05242499989421], [-75.12164299987349, 40.05289100029608], [-75.12214699966364, 40.053176999862075], [-75.12331400015091, 40.05382200001234], [-75.1237560000168, 40.05405799997903], [-75.12445099960266, 40.05442800023967], [-75.12461899983215, 40.05451999976219], [-75.12491599993307, 40.05468400033698], [-75.12632000024682, 40.055481000160675], [-75.12709000017576, 40.05593100018345], [-75.12848799974341, 40.056771999988406], [-75.12855499969056, 40.0568119997655], [-75.12902099984589, 40.05709099987855], [-75.12981400023935, 40.0575899998715], [-75.13004600004294, 40.05773899996976], [-75.1301349997314, 40.057795999953505], [-75.13040199969508, 40.05796399977297], [-75.13168299998519, 40.058776999873686], [-75.132529999907, 40.05929899987122], [-75.13331599972949, 40.059818000231076], [-75.13408700038164, 40.06033700007548], [-75.13439199998017, 40.06053200016769], [-75.13488800027271, 40.06085200000882], [-75.13512400027427, 40.06098900031282], [-75.13519299987125, 40.0610309997135], [-75.1365279996897, 40.061728999877346], [-75.13671900038374, 40.061820999856124], [-75.13694799981427, 40.06193499982185], [-75.13821300021085, 40.0626590002058], [-75.13893200008616, 40.06307100003588], [-75.1390760000262, 40.063154000038864], [-75.13931299985266, 40.06329000019798], [-75.13935200021074, 40.06331300019297], [-75.1393649997312, 40.06331999974154], [-75.13942699965548, 40.06335799983193], [-75.14057900007415, 40.06405600021897], [-75.1407089997705, 40.06413299987395], [-75.1408510000607, 40.064212999700075], [-75.14089700009147, 40.06423900032805], [-75.14118999999444, 40.064405000137], [-75.14185000031851, 40.06477800013742], [-75.14187600025778, 40.06479299992699], [-75.14305600026553, 40.065457999883265], [-75.1431170003649, 40.06549299995443], [-75.14406600039399, 40.066049999845376], [-75.14409599963291, 40.0660669999309], [-75.14454699971961, 40.0663220000169], [-75.14485700023931, 40.06650299966321], [-75.14518699995222, 40.066691999684586], [-75.14545200026608, 40.066842000092166], [-75.14547700038041, 40.066855999838346], [-75.14668300032747, 40.06754700033337], [-75.14764400005211, 40.06809599992625], [-75.14833100014036, 40.06848500025782], [-75.14957399989731, 40.06918699995463], [-75.15000200041781, 40.069423999878616], [-75.15071899974498, 40.069828000243916], [-75.15159599980403, 40.07032799998494], [-75.15188600023227, 40.070488000116804], [-75.15218499998299, 40.07065600026318], [-75.15275599972031, 40.07098000016097], [-75.15333300020372, 40.07130900026019], [-75.15407600036846, 40.07173200021305], [-75.15469399996142, 40.072083999900315], [-75.15583399978624, 40.07273299988196], [-75.15841700028284, 40.07416899994348], [-75.16042900014381, 40.07530099969295], [-75.16128500028647, 40.07576399993421], [-75.16195700030612, 40.07612999999353], [-75.16339900025469, 40.07695000004741], [-75.1649700000747, 40.07786900027666], [-75.16764100043486, 40.07947900020556], [-75.1682430001343, 40.079833999975065], [-75.16991400041172, 40.08081800031745], [-75.1713479999644, 40.08166399975394], [-75.17160099968439, 40.081813000123425], [-75.17166099995885, 40.08184800003839], [-75.17171700003534, 40.08187999976813], [-75.17190600018122, 40.08198700015138], [-75.17295099957146, 40.08258100019101], [-75.17359199962897, 40.08295799978989], [-75.17415599969357, 40.08329400000296], [-75.17478199968248, 40.083664000258324], [-75.17507200011069, 40.08383500028575], [-75.17533099967847, 40.08398800012709], [-75.17587300000176, 40.08430899976834], [-75.17617000010269, 40.084489999725214], [-75.17643799989129, 40.084649000247175], [-75.17648100044731, 40.08460700028804], [-75.17769599971686, 40.08337800014074], [-75.17822299997155, 40.082854999723885], [-75.17871099986817, 40.08236699974876], [-75.17921399983342, 40.08186699972937], [-75.17975600015671, 40.081333000063644], [-75.18001899992247, 40.08107500030002], [-75.1802750000155, 40.080829999798006], [-75.18058299998707, 40.08052999977806], [-75.18079200022444, 40.08032499978321], [-75.18090100000438, 40.08021900030488], [-75.18147299956661, 40.0796700001392], [-75.18181900007133, 40.07932900013395], [-75.18205300042304, 40.07910199990117], [-75.18261699958936, 40.078552000247655], [-75.18289799979675, 40.07827599967728], [-75.1831129998819, 40.078063999674946], [-75.18339900011217, 40.07778899999185], [-75.18495200038883, 40.0762369997895], [-75.18503600005444, 40.07615299977758], [-75.18537900018609, 40.07582099996009], [-75.18583699994551, 40.07537799969745], [-75.18598799955824, 40.07522999983489], [-75.18609600041158, 40.07512299983144], [-75.18706499963383, 40.07417699992029], [-75.18846099955165, 40.07274999967441], [-75.18875000015497, 40.072907999928404], [-75.1888659996076, 40.07297100002756], [-75.1892029998915, 40.073173999797746], [-75.19083099961293, 40.07411400024938], [-75.19174000035734, 40.07465200012383], [-75.19499199960222, 40.0764960001479], [-75.19593800015657, 40.07703399976361], [-75.19641900038052, 40.0773049999419], [-75.1976010000381, 40.077990999722374], [-75.1977209996887, 40.07806100002681], [-75.1983340001571, 40.07841500020897], [-75.19849200034085, 40.07850700033558], [-75.20037799980513, 40.079589999908315], [-75.20092799962603, 40.0798990000228], [-75.20265199960693, 40.08089400019936], [-75.20414700015728, 40.08174100012398], [-75.20471600024476, 40.082070999839864], [-75.20486500020768, 40.08215700021533], [-75.20632200022487, 40.08299299980358], [-75.2067110003873, 40.083213999906256], [-75.2076489996474, 40.08366799968905], [-75.20784000034143, 40.08377800009521], [-75.20841199990365, 40.08417499969535], [-75.20873999996671, 40.08443500011961], [-75.20939600009282, 40.084926999748866], [-75.20977000018664, 40.08513300032841], [-75.21038799977961, 40.08539199983895], [-75.21044899987898, 40.08541899994612], [-75.21145599963438, 40.085883000115075], [-75.21152500012967, 40.08591500001017], [-75.21172000012334, 40.0860120002875], [-75.21186800026135, 40.08608599988178], [-75.21192799963748, 40.086006000316836], [-75.21200700017853, 40.08596799980327], [-75.21211099993559, 40.0859619998288], [-75.21219399977626, 40.08597099979031], [-75.21237500042454, 40.08599499968206], [-75.21246999996079, 40.086065999999384], [-75.21319800005693, 40.086864999664996], [-75.213301999814, 40.0869629999443], [-75.21338800002772, 40.087041999779196], [-75.21356999960261, 40.087154000188384], [-75.21434799992747, 40.08760499989734], [-75.21517200028308, 40.08807400011007], [-75.21669600024742, 40.08895499979631], [-75.21678199956284, 40.08900500011834], [-75.21679800035467, 40.089015000315804], [-75.21796400011873, 40.08968399994852], [-75.21800099992866, 40.089705000083235], [-75.21964999956647, 40.090653999835475], [-75.22005600034565, 40.090889000111964], [-75.22023399972257, 40.090989999861584], [-75.2203049998677, 40.09103000016328], [-75.2212220001097, 40.0915569999671], [-75.221572999739, 40.09175499975296], [-75.2224199996608, 40.09223200015169], [-75.22360999971431, 40.09290699982675], [-75.22518200025756, 40.09134699991881], [-75.22770700012953, 40.08881800007273], [-75.22777599972649, 40.08874499996694], [-75.22782900032826, 40.0886960000968], [-75.2278820000317, 40.088641999722185], [-75.22827700004191, 40.088250999829654], [-75.22868999959547, 40.087838999736256], [-75.22897400017592, 40.08755599989384], [-75.22906100021456, 40.087469000179404], [-75.22958099989823, 40.08695300013265], [-75.22961199986038, 40.086922000019946], [-75.22977199969394, 40.08675800007557], [-75.23049999979008, 40.086022000237364], [-75.23092900013549, 40.085627999726384], [-75.23172099980572, 40.08485200025716], [-75.23185100040038, 40.08472599999046], [-75.23259600021497, 40.08399799968696], [-75.2329080003845, 40.083665000287844], [-75.23295199986713, 40.083618000258014], [-75.23445599973998, 40.0821389999699], [-75.2357670001673, 40.08085199998573], [-75.23808799982477, 40.07857200027539], [-75.23819699960471, 40.078463999918284], [-75.2393490000234, 40.07730899974623], [-75.2396319998806, 40.07703499989056], [-75.23998400023311, 40.07671599989883], [-75.24012099960214, 40.076591999964144], [-75.24038199971805, 40.07633599969513], [-75.24065799990258, 40.07603999968807], [-75.24086899978977, 40.075829999887496], [-75.24094199958469, 40.075757999747864], [-75.24127700021877, 40.07544600032532], [-75.24313300044413, 40.07362799984705], [-75.24321399973668, 40.07355799979756], [-75.24328800025484, 40.07349400006251], [-75.24345800013414, 40.073334000118095], [-75.24585699960942, 40.071127000109186], [-75.25220899955983, 40.06527799982249], [-75.25434299961955, 40.06331300019297], [-75.25435600003834, 40.06317999969596], [-75.25442399981041, 40.06309400010481], [-75.25488599976777, 40.06264500028463], [-75.25588599985048, 40.061673000098494], [-75.256422000326, 40.06120000016695], [-75.25655899969503, 40.06115800018289], [-75.25668300044191, 40.06116299992044], [-75.25670699983303, 40.061141999920224], [-75.26055099962993, 40.05760299973152], [-75.26324000043174, 40.055128000180886], [-75.26349999982443, 40.05488800004836], [-75.263519000091, 40.05487099992382], [-75.26359600008388, 40.05480999980611], [-75.26381100016906, 40.05460200009892], [-75.26385999967454, 40.0545570001779], [-75.26443100031015, 40.05409400018177], [-75.26267700019204, 40.0523039998413], [-75.2610970001512, 40.05067099967595], [-75.25962099986744, 40.0492380002999], [-75.25765500003722, 40.0476110001737], [-75.25589300042147, 40.04649699969816], [-75.25509800037818, 40.04612200024151], [-75.25467800025363, 40.04592399980084], [-75.25431800040352, 40.04575499997348], [-75.254226000342, 40.04568899976438], [-75.25288200030272, 40.0447329997811], [-75.25136099981309, 40.043554000131415], [-75.25129800006393, 40.04350500006747], [-75.25122199989593, 40.04344699989017], [-75.25098599989437, 40.04326299971247], [-75.25033399996622, 40.04278899997243], [-75.2493489999521, 40.042072999923], [-75.24918099972263, 40.04195100010803], [-75.24903900033071, 40.04184799992522], [-75.24791899969911, 40.04076200008619], [-75.24732200002254, 40.040095999850756], [-75.24699999980726, 40.03973800003691], [-75.24667400029232, 40.03916799971268], [-75.24616999960386, 40.03828999974142], [-75.24590299964018, 40.03799600020277], [-75.24559800004164, 40.037654999975864], [-75.24523999984136, 40.03736299980587], [-75.24504800022073, 40.03726799975425], [-75.24493199986979, 40.03721699993978], [-75.2444120001861, 40.03700300003284], [-75.24421800001734, 40.03691599970507], [-75.24410500003944, 40.03686100019957], [-75.24366200034865, 40.03663300010062], [-75.2432580001176, 40.03642099980736], [-75.24297000023752, 40.036262000186554], [-75.24268800020522, 40.03609599991439], [-75.24241399967052, 40.03592300031529], [-75.24218000021709, 40.03576400022117], [-75.24198699987325, 40.03562199987136], [-75.24180199992533, 40.03547300025677], [-75.24165600033545, 40.03534500001869], [-75.24151999989303, 40.035211999962755], [-75.24141699996086, 40.035101000167444], [-75.24129499976212, 40.03495799975583], [-75.24120199987568, 40.03484099988382], [-75.24085999956893, 40.03439900008445], [-75.2407659998576, 40.034283000007996], [-75.24066799994831, 40.03416899987106], [-75.24056500001615, 40.03405799975373], [-75.2404849996502, 40.03397800029454], [-75.24040000015972, 40.03389900012608], [-75.24028299998386, 40.03379800030846], [-75.24009700021101, 40.03365199968808], [-75.23987000043029, 40.03348900017609], [-75.23970300002571, 40.03337500008759], [-75.23923100002261, 40.0330609996791], [-75.23839599979635, 40.032495000316345], [-75.23797800021991, 40.03220300006255], [-75.23767400044629, 40.03200300026975], [-75.23736499975149, 40.03179900016578], [-75.23658800014988, 40.03129000009845], [-75.23620800020826, 40.03105399972155], [-75.23530000018708, 40.03050400010444], [-75.23505900016265, 40.03035300006513], [-75.23476500043478, 40.030162000119724], [-75.23446099976285, 40.0299480000857], [-75.23433400043956, 40.02985300002262], [-75.23417999955545, 40.02973000022218], [-75.23409000004207, 40.0296499998135], [-75.23403099959253, 40.02960399979398], [-75.23388400017775, 40.02947600023437], [-75.2330709996928, 40.028749999928536], [-75.23291900025515, 40.028626000053066], [-75.23276299972125, 40.028505999870205], [-75.23260100023784, 40.028390000088955], [-75.23240100022129, 40.02825399976212], [-75.23222499959589, 40.02814100002272], [-75.23204200019609, 40.02803700014587], [-75.23198699994451, 40.02799499967447], [-75.23170200043747, 40.02783100023921], [-75.2311779996575, 40.02754999972409], [-75.23102600021988, 40.027488999922014], [-75.23092400011261, 40.027425000251434], [-75.23074500001248, 40.02731199982671], [-75.22967799998261, 40.026793000280676], [-75.22824899955451, 40.02608100017863], [-75.22821799959237, 40.02606600012359], [-75.22817999995753, 40.026047000003274], [-75.2281489999954, 40.02603099975306], [-75.22800400023044, 40.02596300002351], [-75.2279520003519, 40.025934000047464], [-75.22665199979522, 40.02526699994666], [-75.22651299987807, 40.02519699974361], [-75.22630799983864, 40.025091999992235], [-75.22519099958008, 40.02445900020978], [-75.2239450003484, 40.02380899975379], [-75.22369400027823, 40.02371200032841], [-75.2230170002357, 40.02322699975692], [-75.22215299969713, 40.0226139998124], [-75.22189300030445, 40.02252999973323], [-75.22171500002919, 40.02247200028971], [-75.22157600011204, 40.0224499998237], [-75.22144499969247, 40.02242500000473], [-75.22119000032266, 40.02236399974756], [-75.22059199992286, 40.022227999789905], [-75.22042200004356, 40.02218599986957], [-75.22025499963897, 40.02214000032026], [-75.2201309997904, 40.022103999754066], [-75.22000899959168, 40.02206499980715], [-75.21988899994108, 40.022022000227956], [-75.21981000029835, 40.02199199970554], [-75.21961699995451, 40.021908000236415], [-75.21950300015169, 40.02185399988432], [-75.21939699984648, 40.0217989999276], [-75.21924700005866, 40.021715999783986], [-75.21907999965407, 40.02161600006524], [-75.21888800003346, 40.02149299985938], [-75.2184689997338, 40.02120799972153], [-75.21819199972438, 40.02101199969385], [-75.21805600018024, 40.02094300020294], [-75.21781599998073, 40.020737999778376], [-75.21627600012286, 40.01956400014207], [-75.21600599978612, 40.01933499972452], [-75.21586299967099, 40.01920700015965], [-75.21574999969307, 40.01910000024242], [-75.21561499997387, 40.01896500026181], [-75.21548299972939, 40.01882800011538], [-75.21532899974359, 40.01866200006658], [-75.21505500010721, 40.018351999863995], [-75.21463099978469, 40.0178350001926], [-75.21402999991014, 40.0171519997619], [-75.21363700044809, 40.016718000075166], [-75.21348900031008, 40.01658500016236], [-75.21346199964758, 40.01656099989703], [-75.21221899989061, 40.01546099988973], [-75.2100070000131, 40.01410699993562], [-75.20864899973012, 40.013439000116534], [-75.20800799967262, 40.012996999931616], [-75.20772800018844, 40.01280499986237], [-75.20762799973102, 40.01273600032905], [-75.20759900031702, 40.01271900001453], [-75.20640500006556, 40.0120019996895], [-75.20628600023986, 40.01192300021594], [-75.20613800010186, 40.011825000010376], [-75.20607100015471, 40.01178299987918], [-75.20597800026829, 40.011723000138396], [-75.20655800022642, 40.01125199982508], [-75.2069859998486, 40.01097700021805], [-75.2070999996514, 40.0108869998683], [-75.20715699955282, 40.01080099966792], [-75.20723799974368, 40.0106859997826], [-75.20727899975155, 40.01058700013899], [-75.20728100029969, 40.010544999934055], [-75.20737599983595, 40.01047999977892], [-75.20752499979885, 40.010377999961094], [-75.20767399976177, 40.010286000048694], [-75.20801000022075, 40.01007700032522], [-75.20822100010794, 40.00994699974978], [-75.20840000020809, 40.009836000126285], [-75.20923999955889, 40.0093709997044], [-75.2106189997583, 40.00865199979169], [-75.21077000026935, 40.00858300018843], [-75.2115479996959, 40.00821300022867], [-75.21166599969666, 40.008155000313465], [-75.21374500040311, 40.007159999670215], [-75.21580499994467, 40.00622900000768], [-75.21601699965677, 40.006133999946094], [-75.21836099977875, 40.005069999720135], [-75.21873200039784, 40.00488800022076], [-75.21923100016512, 40.00464199983892], [-75.2206649997178, 40.003944000083656], [-75.22361800011024, 40.002582999837664], [-75.2264020004483, 40.00125500028239], [-75.2270510000034, 40.00093799970328], [-75.22746199990713, 40.00074600012174], [-75.22775999983297, 40.0005989997761], [-75.2283749999512, 40.00031700009502], [-75.22873800017437, 40.00014399991192], [-75.2288810002895, 40.00007900017533], [-75.22945299985172, 39.999811000163334], [-75.23044100023886, 39.999343999801376], [-75.23089599962522, 39.999130000140646], [-75.23205600043981, 39.99858899967651], [-75.23212400021185, 39.99856200025848], [-75.232147999603, 39.99855099995729], [-75.23321499963284, 39.998058000216105], [-75.23415199996637, 39.99761199986988], [-75.23418399975341, 39.997596999750556], [-75.23430199975418, 39.997541000285125], [-75.23441300008227, 39.997487999839386], [-75.23529799963893, 39.997069999842545], [-75.23612000034473, 39.996689000198], [-75.23733100031463, 39.996128000222654], [-75.2373430000102, 39.99612299984519], [-75.23799699958818, 39.995817000271195], [-75.23897699957939, 39.995357999715836], [-75.2390050000668, 39.99534399973887], [-75.24078500012418, 39.9945099997677], [-75.24164999958936, 39.99410499970251], [-75.24381600033445, 39.99308599981463], [-75.24390800039595, 39.99304299987134], [-75.24568900027823, 39.99219100010279], [-75.24794800001142, 39.99113800020299], [-75.24921400023291, 39.990547000162564], [-75.24976800025178, 39.990290000164926], [-75.25000000005537, 39.990180000266726], [-75.2501299997517, 39.99011600001925], [-75.25033599961604, 39.99001700014196], [-75.25078599987785, 39.989803000160286], [-75.251437999806, 39.98950400004401], [-75.25154599976102, 39.98945399966206], [-75.25160000018771, 39.989429000145584], [-75.25399899966295, 39.98830400004695], [-75.2556759997882, 39.98749899994698], [-75.2561190003773, 39.987301000034336], [-75.25628699970846, 39.98719000007211], [-75.25687400023762, 39.986771000294546], [-75.2569500004056, 39.98670999983336], [-75.25854499961673, 39.98552699983058], [-75.25870500034863, 39.985428000185536], [-75.25884199971766, 39.98534800015202], [-75.25928399958353, 39.98507300013968], [-75.25947600010248, 39.984954999977745], [-75.26068899972219, 39.98429500007368], [-75.26077999995879, 39.98424100024986], [-75.2625120003356, 39.98328000026243], [-75.26279400036789, 39.983123999714046], [-75.26294599980557, 39.98304499986527], [-75.2636870003205, 39.98265800033187], [-75.2643509999442, 39.98237199966299], [-75.2643860001043, 39.982356000187124], [-75.26474799960424, 39.98219299997823], [-75.26551099986048, 39.98185699968049], [-75.26556600011207, 39.98183200013718], [-75.2662509996522, 39.981524999713635], [-75.26724999990998, 39.981079000163085], [-75.26739800004799, 39.981014000178476], [-75.26797299998326, 39.980757000110195], [-75.2692569997481, 39.98018599972906], [-75.27130899979204, 39.97927500013726], [-75.27152999972498, 39.97917599969331], [-75.27225500034639, 39.97885499981207], [-75.27302600010023, 39.978512000316115], [-75.27315400014675, 39.97845500015081], [-75.2735519996317, 39.97827899975083], [-75.2752840000085, 39.97751199966968], [-75.27546800013153, 39.97742900005834], [-75.27587099963934, 39.97724500012099], [-75.27613099993033, 39.97712700020718], [-75.2764819995596, 39.97695900020002], [-75.27766900013837, 39.976311999678515], [-75.27818600034733, 39.97604100002107], [-75.27893799983461, 39.97565400005705], [-75.27913700002624, 39.97555199984566], [-75.27951000029513, 39.97534899989666], [-75.28026599998037, 39.97496399995124]]]}, "properties": {"AREALAND": "347900788", "AREAWATER": "20969565", "BASENAME": "Philadelphia", "CENTLAT": "+40.0075363", "CENTLON": "-075.1342838", "CNECTA": null, "COUNTY": "101", "COUSUB": "60000", "COUSUBCC": "C5", "COUSUBNS": "01215531", "FUNCSTAT": "F", "GEOID": "4210160000", "HU100": null, "INTPTLAT": "+40.0092973", "INTPTLON": "-075.1332708", "LSADC": "25", "MTFCC": "G4040", "NAME": "Philadelphia city", "NECTA": null, "NECTADIV": null, "OBJECTID": 34249, "OID": "27690510084503", "POP100": null, "STATE": "42", "UR": null}}]}