{"type": "FeatureCollection", "features": [{"type": "Feature", "id": 15, "geometry": {"type": "Polygon", "coordinates": [[[-87.7434597774481, 41.8221398375532], [-87.7436607782601, 41.82943983858], [-87.7533607810744, 41.8292398385612], [-87.7535607808551, 41.8273398381262], [-87.7534607813534, 41.8255398381354], [-87.7533607809232, 41.82453983775], [-87.7534607803925, 41.8237398372695], [-87.7535607809328, 41.8218398370376], [-87.7567977812111, 41.8218068372393], [-87.7633607834955, 41.8217398369534], [-87.7644607839793, 41.8217398364892], [-87.7657607845801, 41.8217398361095], [-87.7669607851557, 41.8217398366896], [-87.7682607851507, 41.8216398364943], [-87.7690607850426, 41.8217398358926], [-87.7704607853274, 41.821639836509], [-87.7718607863711, 41.8216398357001], [-87.7729607857585, 41.8215398363171], [-87.7731607864665, 41.8215398358537], [-87.7742607861374, 41.8215398360632], [-87.7755607865515, 41.8215398355014], [-87.7766617877161, 41.8215398355866], [-87.7778617872208, 41.8215398357112], [-87.7777617882887, 41.8234398355987], [-87.7777617875469, 41.8252398365014], [-87.7777617883836, 41.8271398362035], [-87.7777617889186, 41.82893983686], [-87.7780617891204, 41.8308398373309], [-87.7778617885925, 41.8324398373778], [-87.7778617891545, 41.8332398377084], [-87.777961789171, 41.8344398376118], [-87.7780617887861, 41.8349398382017], [-87.7780617888712, 41.8351398384339], [-87.7779617892684, 41.8354398378856], [-87.7779617890254, 41.8356398380984], [-87.7780617891521, 41.8359398383922], [-87.7780617892345, 41.8362398377852], [-87.7780617892759, 41.8364398379721], [-87.7780617893104, 41.836639838152], [-87.7781617888365, 41.8368398382224], [-87.778161789655, 41.837339838629], [-87.778161789534, 41.8380398382191], [-87.7780617891352, 41.8399388389284], [-87.7782617903551, 41.8417388389437], [-87.778261789808, 41.843638839534], [-87.7783617901928, 41.8453388393732], [-87.7783617902405, 41.8472388396863], [-87.7784617910397, 41.8490388400671], [-87.7786617909943, 41.8507388403496], [-87.7785617909271, 41.8526388412033], [-87.7786617907564, 41.8542388410743], [-87.7786617914978, 41.8545388413244], [-87.7787627913643, 41.8563388413165], [-87.7787627917601, 41.8581388419129], [-87.7788627921633, 41.859938842182], [-87.7788627918566, 41.8617388425571], [-87.7788627918065, 41.863638842896], [-87.7789627925459, 41.8653388426878], [-87.7777627921125, 41.8653388431627], [-87.7765627917057, 41.8653388437033], [-87.7752627907987, 41.8653388437168], [-87.7741627909875, 41.8653388431811], [-87.7728627911977, 41.8654388435231], [-87.7716627906328, 41.8655388437551], [-87.7704627902441, 41.8655388435743], [-87.7691617893312, 41.8655388434458], [-87.7678617893735, 41.8655388434105], [-87.7667617886879, 41.8655388440028], [-87.7654617887914, 41.8655388438098], [-87.7642617882391, 41.8656388441174], [-87.7629617875793, 41.8656388444286], [-87.7619617869985, 41.8656398439407], [-87.7593617869926, 41.8656398444059], [-87.7544617855272, 41.8657398446541], [-87.7531617854798, 41.86573984477], [-87.7520617840746, 41.865739845002], [-87.7508617840003, 41.8657398443771], [-87.749561784039, 41.8657398451564], [-87.748361783025, 41.8658398449396], [-87.7470617829262, 41.8657398449016], [-87.7458617828936, 41.8658398446711], [-87.7446617827522, 41.8659398453992], [-87.742261781183, 41.8658398448925], [-87.7398607806654, 41.8659398457127], [-87.7398607812428, 41.8656398453872], [-87.739860780544, 41.8651408453851], [-87.7398607811362, 41.8650398455835], [-87.7397187805156, 41.8641038449224], [-87.7395607812113, 41.8634398446756], [-87.7397607808354, 41.86323984491], [-87.739760780202, 41.8623438445917], [-87.7397607807043, 41.8620398447452], [-87.7397607809289, 41.8604398441405], [-87.7398607806281, 41.859939844291], [-87.7398317802648, 41.8595638441537], [-87.739760780321, 41.858639843827], [-87.7396637795877, 41.8550368435101], [-87.7396607795776, 41.8549398435682], [-87.7396607802842, 41.8544398432676], [-87.7396607799624, 41.8541398432427], [-87.7395607792248, 41.8532398429331], [-87.7394797789552, 41.8523488432754], [-87.7394607790669, 41.8521398429176], [-87.739360779382, 41.851539843208], [-87.7393607790699, 41.8504398431006], [-87.7392607789893, 41.8490398421038], [-87.7390607789383, 41.8460398418567], [-87.738960778198, 41.8453398422182], [-87.7388607787763, 41.843839841579], [-87.7388197786591, 41.8424308415809], [-87.7387617786187, 41.8404388413059], [-87.7386607781356, 41.8369398408818], [-87.738660777513, 41.8369188402291], [-87.7386607777648, 41.8364398408307], [-87.7386607780048, 41.8342398401025], [-87.7388607774501, 41.8329398400583], [-87.7389607779502, 41.832339839389], [-87.7392597766464, 41.8295398390278], [-87.7386597758085, 41.8226398379418], [-87.7385597766513, 41.8225398376411], [-87.7386597765542, 41.8221398375611], [-87.7412597765495, 41.8222398373983], [-87.7434597774481, 41.8221398375532]]]}, "properties": {"OBJECTID": 15, "STATEFP": "17", "PLACEFP": "14351", "PLACENS": " ", "PLCIDFP": "1714351", "NAME": "Cicero", "NAMELSAD": "Cicero town", "LSAD": "43", "CLASSFP": "C1", "CPI": "Y", "PCICBSA": "N", "PCINECTA": "N", "MTFCC": "G4110", "UR": "U", "FUNCSTAT": "A", "Area": 6747, "treecanopy": 0, "Shape__Area": 15130584.749389648, "Shape__Length": 17864.782987809605}}, {"type": "Feature", "id": 20, "geometry": {"type": "Polygon", "coordinates": [[[-87.7588068061838, 42.0649448784809], [-87.7586668064286, 42.0649438786402], [-87.757965805787, 42.0649478785955], [-87.7552668054502, 42.0648368782441], [-87.7549668053036, 42.0648368783988], [-87.7546668056527, 42.0649368783672], [-87.7541668049256, 42.0648368782785], [-87.7520668050443, 42.0647588782651], [-87.75146680463, 42.0647368789896], [-87.7502668036156, 42.0647368783818], [-87.7493668034694, 42.0647368786973], [-87.7490668038273, 42.0647368787365], [-87.7477668029847, 42.0647368785347], [-87.7464668033763, 42.0647368789176], [-87.7448668029772, 42.064736878836], [-87.7445668021526, 42.0647368788091], [-87.7438858022177, 42.064706878798], [-87.7422668011495, 42.0646368796093], [-87.7418828017817, 42.0646368792786], [-87.7357757999728, 42.0646368792241], [-87.7326657991732, 42.0646368793683], [-87.7323657987338, 42.0624368797704], [-87.7308657977395, 42.0623368798377], [-87.7299657979988, 42.0623368792923], [-87.7294657970723, 42.062336879335], [-87.7282657970452, 42.0623368792035], [-87.7278157971855, 42.0623368799713], [-87.7273657973379, 42.0623368798748], [-87.7273657974432, 42.0613368793097], [-87.7274657968518, 42.0606368789986], [-87.7274657963365, 42.0603368789356], [-87.7274657972919, 42.0595368793041], [-87.7274657971274, 42.0588368793054], [-87.7274657964419, 42.0579368787942], [-87.7274657968071, 42.0570368790488], [-87.7275657962511, 42.0560368787371], [-87.7275657960978, 42.0551368786915], [-87.7262657958998, 42.055136878246], [-87.7256657953085, 42.0552368782116], [-87.7248657952512, 42.0551368785392], [-87.7238657953267, 42.0551368789699], [-87.7233657952571, 42.0552368784216], [-87.7226657944713, 42.0552368787655], [-87.7215657946674, 42.0550368784158], [-87.7203657945522, 42.0552368791711], [-87.7191657943279, 42.0552368785794], [-87.7174657928649, 42.0550368794021], [-87.7158647925825, 42.0550368786353], [-87.7150647924397, 42.0549368790809], [-87.7132647919151, 42.0541368788701], [-87.7126647913142, 42.0539368789838], [-87.7112647914783, 42.0532368785931], [-87.7101647903979, 42.0527368793592], [-87.7092647909723, 42.052536879051], [-87.7088797906996, 42.0522158788477], [-87.7088587900664, 42.0520838791867], [-87.7088727908767, 42.0518438790647], [-87.7088947908335, 42.0517148791276], [-87.709166790641, 42.0500718783046], [-87.7091827902012, 42.0498408785817], [-87.709223790109, 42.0493728788246], [-87.7094027904903, 42.0487448779069], [-87.7094987908803, 42.0483568783163], [-87.7096717909404, 42.048125878215], [-87.7098997905377, 42.0440348776321], [-87.7100867892141, 42.0407648771826], [-87.7101057894093, 42.0390198764478], [-87.7101267895163, 42.0371828762731], [-87.7101477892452, 42.0353098762926], [-87.7101647888084, 42.0337378753961], [-87.7089647887964, 42.0337378757883], [-87.7090257886095, 42.0301348754437], [-87.709231787892, 42.0277628746578], [-87.7093007876721, 42.0263528744683], [-87.7094137881788, 42.0225378736461], [-87.7093917875502, 42.0217658736759], [-87.7094977870951, 42.0190378733726], [-87.709463787087, 42.0175788729469], [-87.7094617877094, 42.0174848730947], [-87.7094507875584, 42.017380873074], [-87.7094507875359, 42.0172348725529], [-87.7093497865097, 42.0136478720148], [-87.7094077865719, 42.0127348724246], [-87.7093787864622, 42.0117498719228], [-87.7099767873839, 42.0118088715928], [-87.7104637868558, 42.0118388724255], [-87.7115637875185, 42.0117388718734], [-87.7144637875944, 42.0116388713936], [-87.7161637883342, 42.0117518719544], [-87.7168257887616, 42.0117958718638], [-87.7174647886307, 42.01183887124], [-87.7179647896814, 42.0118388716712], [-87.7190727898095, 42.0117678710999], [-87.7204347896805, 42.0116798713745], [-87.7210647900967, 42.0116388710516], [-87.7223647904035, 42.0117388713384], [-87.7235647911771, 42.0117388716713], [-87.7236647908571, 42.0124388709996], [-87.723564790787, 42.0135388714789], [-87.723718791217, 42.0143508719929], [-87.723804791348, 42.0152458718742], [-87.7265647918754, 42.015337871992], [-87.7286647930436, 42.0152378719946], [-87.7299647928784, 42.0152378712667], [-87.7310647930741, 42.0151378711767], [-87.7322647940485, 42.0152378711753], [-87.7334647944326, 42.0152378716191], [-87.7347647943834, 42.0152378714443], [-87.7360647943698, 42.0152378709503], [-87.7370647949162, 42.0153378711158], [-87.738364795789, 42.0153378706874], [-87.7394647960847, 42.0153378707338], [-87.7406647961449, 42.0152378710008], [-87.741965797127, 42.01523787096], [-87.7431657974897, 42.0151378702804], [-87.7440657973145, 42.0152378705715], [-87.7449657969025, 42.0152378704732], [-87.7479657980487, 42.0152378708079], [-87.7503657995786, 42.0152378702608], [-87.7504657988818, 42.0143378698211], [-87.7503657993141, 42.0134378700493], [-87.7503337987948, 42.0129588702886], [-87.7503437993016, 42.0125448700958], [-87.7503007991648, 42.0117698694279], [-87.7502657985777, 42.0109388696023], [-87.7502657980262, 42.0104388691763], [-87.7502657986294, 42.0099388696133], [-87.7502657980076, 42.0096388694896], [-87.7502657978758, 42.0088388696915], [-87.7503657988064, 42.0078388694675], [-87.7507657986101, 42.0071388688245], [-87.7506657976893, 42.0062388690949], [-87.7506657979905, 42.0053388690053], [-87.7507657986225, 42.0043388687119], [-87.7519657985908, 42.004338868145], [-87.7532657985495, 42.0044388686682], [-87.7544657992466, 42.0044388680797], [-87.755665799962, 42.0044388684506], [-87.7568118003862, 42.0043818682901], [-87.7580658002732, 42.004438868463], [-87.7595658005568, 42.0045388679336], [-87.7608658005779, 42.0045388680763], [-87.7621658018674, 42.0046388677592], [-87.7620658019298, 42.0055388684104], [-87.761965801456, 42.0064388679279], [-87.7619658021279, 42.007338868041], [-87.7619658021292, 42.0078378685826], [-87.7618658014448, 42.0084378683003], [-87.7618558021915, 42.008534868845], [-87.762561802539, 42.0085228689533], [-87.7642298028928, 42.0085018686601], [-87.7675698032343, 42.0084368685268], [-87.767770802601, 42.0046568677623], [-87.7675858031216, 42.0045868679879], [-87.7670658034492, 42.0043388676016], [-87.7657688024698, 42.0036548675525], [-87.7660798029951, 42.0033248677464], [-87.7661658020825, 42.0032388669928], [-87.7679658036345, 42.0042388671722], [-87.7676928029225, 42.0084348682599], [-87.767651803263, 42.0090638687431], [-87.767524803379, 42.0090648678947], [-87.7673458032459, 42.0119328687069], [-87.7672318045246, 42.0155268696287], [-87.766983804755, 42.019137870505], [-87.7670668045769, 42.0191378703533], [-87.7681668045559, 42.0191378699963], [-87.7720878057609, 42.0190048700125], [-87.7732608057261, 42.0189688695771], [-87.7753668071403, 42.0188948695706], [-87.7760928075543, 42.0188698696698], [-87.7765828077166, 42.0188488696618], [-87.776769807497, 42.0188718695283], [-87.7769008078154, 42.0189058696666], [-87.7769668075252, 42.0189378692096], [-87.7783668073532, 42.0216378701065], [-87.7787668079103, 42.0224378697299], [-87.7793668079368, 42.0235378704074], [-87.7798918088839, 42.0245888699328], [-87.780766808784, 42.0263378702352], [-87.7803668087438, 42.0264378710008], [-87.776666808112, 42.0263378708335], [-87.7752328072416, 42.026467871214], [-87.7744668075581, 42.0265378704831], [-87.7718668062425, 42.0264378713247], [-87.7709668062695, 42.0263378711115], [-87.768666805609, 42.0264378715022], [-87.7670668053632, 42.0264378714456], [-87.767766804899, 42.0249378712299], [-87.7680238051606, 42.0244618709862], [-87.7675908050416, 42.0239688710524], [-87.7674858051547, 42.0238198707756], [-87.7674328048534, 42.023101871016], [-87.7669438050182, 42.0230288703492], [-87.7659668048752, 42.0229378710115], [-87.7646668042708, 42.0228378710396], [-87.7633658035607, 42.0228378707266], [-87.7622658028199, 42.0227378713714], [-87.7622658028936, 42.0235378712242], [-87.7621658029258, 42.0241378713512], [-87.7622658037352, 42.0245378708882], [-87.7621658030838, 42.0248378715082], [-87.7620668030471, 42.0262378713602], [-87.7620668039164, 42.0272378714536], [-87.762066803942, 42.028137871926], [-87.7621668041089, 42.0291378723725], [-87.7620668035718, 42.0299378724482], [-87.7620668037917, 42.0309378727981], [-87.7619668042039, 42.0318378728187], [-87.7619668040885, 42.0326378723062], [-87.7618668037755, 42.0335378728667], [-87.7641668047456, 42.0337378730962], [-87.7643668046841, 42.0345378726983], [-87.7644668058207, 42.0356378730126], [-87.7653668061173, 42.0356378726395], [-87.7653668059934, 42.0360378726086], [-87.7656668059594, 42.0360378730181], [-87.7660608053588, 42.03603587309], [-87.7660148060713, 42.036876872996], [-87.7655668063248, 42.0374368734481], [-87.7646668058262, 42.0384368735569], [-87.7642668051518, 42.0390368736234], [-87.7642668051409, 42.0394368733497], [-87.7642668056726, 42.0400368733401], [-87.7640668057477, 42.0408368738852], [-87.7640578061087, 42.0414958737414], [-87.7640668052894, 42.0417368740699], [-87.7640668063107, 42.0420368744063], [-87.764166806251, 42.0427368740862], [-87.7641668057009, 42.043636873976], [-87.7641668062586, 42.0446368746953], [-87.7639668057197, 42.0454368744077], [-87.7639668064534, 42.0464368748126], [-87.7639668058064, 42.0474368750375], [-87.7638668062586, 42.0482368750452], [-87.7639668061945, 42.0484368750944], [-87.7638668062012, 42.0499368756971], [-87.7637668062608, 42.0517368756437], [-87.7637668068556, 42.0533368762551], [-87.7638668072386, 42.0553368760966], [-87.7636668081956, 42.0625368776586], [-87.7659668088551, 42.0625368776308], [-87.7699678099229, 42.0624368770926], [-87.77066780975, 42.0639368772113], [-87.7678338091348, 42.0639368775922], [-87.7667678088176, 42.0639368778588], [-87.7659668082848, 42.0639368776481], [-87.7658678083335, 42.0650368775997], [-87.7654798090591, 42.0650298779847], [-87.7641788079636, 42.0650058781061], [-87.7630768072745, 42.0649858784168], [-87.7614738071006, 42.0649558786195], [-87.7604668069501, 42.0649368781945], [-87.7592668067994, 42.0649368780664], [-87.7588068061838, 42.0649448784809]]]}, "properties": {"OBJECTID": 20, "STATEFP": "17", "PLACEFP": "70122", "PLACENS": " ", "PLCIDFP": "1770122", "NAME": "Skokie", "NAMELSAD": "Skokie village", "LSAD": "47", "CLASSFP": "C1", "CPI": "Y", "PCICBSA": "Y", "PCINECTA": "N", "MTFCC": "G4110", "UR": "U", "FUNCSTAT": "A", "Area": 11629, "treecanopy": 0, "Shape__Area": 25924867.486816406, "Shape__Length": 29492.51851951598}}, {"type": "Feature", "id": 36, "geometry": {"type": "Polygon", "coordinates": [[[-87.6798663942279, 42.0717368836496], [-87.6803647839685, 42.0717368835752], [-87.6830647850479, 42.0717368837015], [-87.6831647849694, 42.0710368833812], [-87.6831647845325, 42.0700368833969], [-87.6831647849043, 42.0694368829669], [-87.6845647856386, 42.0694368831453], [-87.6857647856361, 42.0693368835929], [-87.6867647853354, 42.0693368832488], [-87.6889647866291, 42.0696368832432], [-87.6893647862415, 42.0696368830812], [-87.6892877870051, 42.0687148831583], [-87.6892647864971, 42.068436882544], [-87.6896647870281, 42.0684368831323], [-87.6901507861556, 42.0687308824007], [-87.690974787077, 42.0685848824306], [-87.6911757872974, 42.0687308828859], [-87.6921777870454, 42.0686698827897], [-87.6939647881698, 42.0687368827405], [-87.6959057888012, 42.0687728824791], [-87.6982647888929, 42.0688368824759], [-87.699964790188, 42.0690368824124], [-87.7015647896492, 42.0690368820664], [-87.7022107905674, 42.068891882185], [-87.7026267901683, 42.0689108825605], [-87.7031137906719, 42.068881882246], [-87.7051647906805, 42.0689368821324], [-87.7076647916464, 42.0691368820407], [-87.7083647926894, 42.0691368815623], [-87.7107657931468, 42.0690368820548], [-87.7127657937173, 42.069136881204], [-87.7141657935275, 42.0691368812551], [-87.7146657945043, 42.0691368813197], [-87.7155657939135, 42.0690368817869], [-87.7166657948568, 42.0690368818301], [-87.7180657950004, 42.0690368811161], [-87.7191657950656, 42.0691368810536], [-87.7208657953842, 42.0690368815664], [-87.7218657955909, 42.0691368810007], [-87.722565796822, 42.0691368812265], [-87.7236657972297, 42.0691368807914], [-87.7248587966164, 42.0691098808749], [-87.7280657981195, 42.0690368811684], [-87.7288657976851, 42.0690368805438], [-87.7290657981929, 42.0696368805409], [-87.7311657982996, 42.069036880553], [-87.7323657987583, 42.0687368805729], [-87.7326657991732, 42.0646368793683], [-87.7357757999728, 42.0646368792241], [-87.7418828017817, 42.0646368792786], [-87.7422668011495, 42.0646368796093], [-87.7438858022177, 42.064706878798], [-87.7445668021526, 42.0647368788091], [-87.7448668029772, 42.064736878836], [-87.7464668033763, 42.0647368789176], [-87.7477668029847, 42.0647368785347], [-87.7490668038273, 42.0647368787365], [-87.7493668034694, 42.0647368786973], [-87.7502668036156, 42.0647368783818], [-87.75146680463, 42.0647368789896], [-87.7520668050443, 42.0647588782651], [-87.7541668049256, 42.0648368782785], [-87.7546668056527, 42.0649368783672], [-87.7549668053036, 42.0648368783988], [-87.7552668054502, 42.0648368782441], [-87.757965805787, 42.0649478785955], [-87.7586668064286, 42.0649438786402], [-87.7588068061838, 42.0649448784809], [-87.7588048069059, 42.0650718784997], [-87.7586828072137, 42.0682368787013], [-87.7586668069764, 42.0685358791889], [-87.7586668066529, 42.0690358791623], [-87.7586668072956, 42.0708358794378], [-87.7589098076577, 42.0714028798477], [-87.7588998078408, 42.0722308793155], [-87.7592668073364, 42.0722358794093], [-87.7603668076346, 42.0722358792526], [-87.7615668075396, 42.07223587974], [-87.7623678084404, 42.0722358792738], [-87.7631578084189, 42.0748578801099], [-87.7645678091782, 42.0795358803565], [-87.7651678100664, 42.0796358809039], [-87.7660678107063, 42.0795358807914], [-87.7668678109822, 42.0795358800858], [-87.771267811774, 42.0796358804139], [-87.7721678113943, 42.0795358801594], [-87.7745678125594, 42.0796358799592], [-87.7766678128295, 42.0796358796929], [-87.7770678130593, 42.0796358800017], [-87.7776678140206, 42.0796358796541], [-87.7781678138122, 42.0819358797433], [-87.7774678139794, 42.0840358804999], [-87.7749678135578, 42.0846358808462], [-87.7729678129277, 42.0869358815296], [-87.7716678128054, 42.086935881483], [-87.7710678120195, 42.0869358809921], [-87.7681678115042, 42.0869358819745], [-87.7674678110335, 42.0869358815054], [-87.7662678107524, 42.0869358820871], [-87.7664678112679, 42.086435881367], [-87.7663678113618, 42.0858358810332], [-87.7654358102746, 42.0858118817432], [-87.7640678101945, 42.086735881306], [-87.7635268107207, 42.0867358819672], [-87.7600678088813, 42.0867358821918], [-87.7599678096135, 42.0862358820216], [-87.7599918095724, 42.086113881955], [-87.7600678087306, 42.0857358816353], [-87.7600678085573, 42.0848358820666], [-87.7586678080709, 42.084835881624], [-87.757367807647, 42.0848358816742], [-87.7563678073384, 42.0848358820793], [-87.7558678071961, 42.0848358817147], [-87.7540668071799, 42.0848358818063], [-87.7520048064238, 42.0847498818309], [-87.751666806362, 42.084735881679], [-87.7517408067684, 42.0869668822066], [-87.7516058066335, 42.0869668821763], [-87.7505008068348, 42.0869668825004], [-87.7505008057874, 42.0848938826249], [-87.7501668054375, 42.0849358824053], [-87.7481668059919, 42.0851358827088], [-87.7464898045352, 42.0852518825653], [-87.7452668050245, 42.0853358825634], [-87.7420668036178, 42.0850358823539], [-87.7419668033092, 42.0860358832995], [-87.7419668032574, 42.0865358825063], [-87.7418818040381, 42.0873028826476], [-87.7412418034031, 42.0872878827839], [-87.7407558030945, 42.0872768833851], [-87.7395608033186, 42.0872488829183], [-87.7382618031701, 42.08721888306], [-87.7373788023856, 42.087184883205], [-87.7370348023987, 42.0872378837135], [-87.7370348018749, 42.0874268831667], [-87.7332668012839, 42.0873358833724], [-87.7324668014049, 42.0873358837881], [-87.7320568009073, 42.0873088832189], [-87.7320568012778, 42.0879578835634], [-87.7307618005624, 42.0879738841163], [-87.7297668001562, 42.0879358838741], [-87.729386800157, 42.0879558836901], [-87.7271867995031, 42.0879578843599], [-87.7267887995058, 42.0886578846047], [-87.7263667996213, 42.0882358837906], [-87.7246657987816, 42.0878358840025], [-87.7238657989136, 42.086235884098], [-87.7238657987467, 42.0860358837574], [-87.7234657981708, 42.085435884153], [-87.723365797729, 42.0848358836307], [-87.7231657981679, 42.0839358836796], [-87.7227657977465, 42.083035883487], [-87.7225657977536, 42.082635883386], [-87.7205657966529, 42.0824358834414], [-87.7187657963189, 42.0824358831836], [-87.7179657965903, 42.0824358834111], [-87.7178657967194, 42.0830358841251], [-87.7178657967818, 42.0843358840326], [-87.7178367966407, 42.0844788841666], [-87.7178127963481, 42.0845998841114], [-87.7177657962035, 42.084835884274], [-87.716982795786, 42.0848358841663], [-87.7168747959823, 42.0848358838577], [-87.7166657966947, 42.0848358836405], [-87.716265796612, 42.0847358841351], [-87.7158657958455, 42.0848358844891], [-87.7147657960509, 42.084735884371], [-87.713165794534, 42.0847358846121], [-87.7131657952937, 42.0856358843053], [-87.7131657949033, 42.0860358849204], [-87.7031657924933, 42.0859358847886], [-87.7029657921425, 42.0865358854848], [-87.7029657923651, 42.0873358855071], [-87.7030657926684, 42.0876358850052], [-87.7031657929388, 42.0888358852162], [-87.7030808082524, 42.0896857265949], [-87.7023284927875, 42.0891992857211], [-87.7012847703606, 42.0887019098431], [-87.7002970807252, 42.0880250903491], [-87.7002972914942, 42.0879429859743], [-87.6995285615207, 42.0874984580548], [-87.6984767889688, 42.0867777253645], [-87.6984846903781, 42.086678885351], [-87.6980088892471, 42.0864570933422], [-87.6838301640302, 42.0767410427959], [-87.6843914862523, 42.0760804846424], [-87.6856609861686, 42.0748150843139], [-87.6852815862872, 42.0747515844511], [-87.6840898850458, 42.0758802844487], [-87.683462385581, 42.0755512846154], [-87.6828414075312, 42.0760634925947], [-87.6823648529148, 42.0757369304221], [-87.6823648487162, 42.0757368682768], [-87.6822178289953, 42.075431524658], [-87.6818704849647, 42.0743590841348], [-87.6814161332197, 42.0737664921069], [-87.6810648406072, 42.0730368975162], [-87.6798663942279, 42.0717368836496]]]}, "properties": {"OBJECTID": 36, "STATEFP": "17", "PLACEFP": "82075", "PLACENS": " ", "PLCIDFP": "1782075", "NAME": "Wilmette", "NAMELSAD": "Wilmette village", "LSAD": "47", "CLASSFP": "C1", "CPI": "N", "PCICBSA": "N", "PCINECTA": "N", "MTFCC": "G4110", "UR": "M", "FUNCSTAT": "A", "Area": 6263, "treecanopy": 0, "Shape__Area": 13704852.362060547, "Shape__Length": 23110.474805885253}}, {"type": "Feature", "id": 52, "geometry": {"type": "Polygon", "coordinates": [[[-87.6666005295346, 42.0231249526475], [-87.671155776252, 42.0230388762185], [-87.6724557765048, 42.0230388761606], [-87.67736277816, 42.0230378756613], [-87.6771627781492, 42.0226378757251], [-87.6732627771817, 42.0192388757525], [-87.6739627766793, 42.019138875188], [-87.6764627771538, 42.0191388752436], [-87.6770627777217, 42.0191388752954], [-87.6777627777908, 42.0191388752893], [-87.6781627779264, 42.0192388753753], [-87.6792627782426, 42.0194388751523], [-87.6794627787467, 42.0195388751747], [-87.6807627791693, 42.0195388745612], [-87.6819627794859, 42.0195388751916], [-87.6831627795129, 42.0194388746386], [-87.6849637800047, 42.0194388748968], [-87.686663780662, 42.0195388742781], [-87.6879637812679, 42.0195388749302], [-87.688844781007, 42.0195438745125], [-87.6892577812478, 42.0195248749262], [-87.6905637813803, 42.0194978746913], [-87.6934637825508, 42.0194388739528], [-87.6950637828533, 42.0194378741476], [-87.69660478348, 42.0192918739161], [-87.6975637841081, 42.0193378742846], [-87.6998637841912, 42.0194378740178], [-87.7020637846425, 42.0193378738994], [-87.7043637861987, 42.0193378740189], [-87.7068637863481, 42.0192378732203], [-87.7090637874761, 42.0190378735489], [-87.7093027868188, 42.0190378730778], [-87.7094977870951, 42.0190378733726], [-87.7093917875502, 42.0217658736759], [-87.7094137881788, 42.0225378736461], [-87.7093007876721, 42.0263528744683], [-87.709231787892, 42.0277628746578], [-87.7090257886095, 42.0301348754437], [-87.7089647887964, 42.0337378757883], [-87.7101647888084, 42.0337378753961], [-87.7101477892452, 42.0353098762926], [-87.7101267895163, 42.0371828762731], [-87.7101057894093, 42.0390198764478], [-87.7100867892141, 42.0407648771826], [-87.7098997905377, 42.0440348776321], [-87.7096717909404, 42.048125878215], [-87.7094987908803, 42.0483568783163], [-87.7094027904903, 42.0487448779069], [-87.709223790109, 42.0493728788246], [-87.7091827902012, 42.0498408785817], [-87.709166790641, 42.0500718783046], [-87.7088947908335, 42.0517148791276], [-87.7088727908767, 42.0518438790647], [-87.7088587900664, 42.0520838791867], [-87.7088797906996, 42.0522158788477], [-87.7092647909723, 42.052536879051], [-87.7101647903979, 42.0527368793592], [-87.7112647914783, 42.0532368785931], [-87.7126647913142, 42.0539368789838], [-87.7132647919151, 42.0541368788701], [-87.7150647924397, 42.0549368790809], [-87.7158647925825, 42.0550368786353], [-87.7174657928649, 42.0550368794021], [-87.7191657943279, 42.0552368785794], [-87.7203657945522, 42.0552368791711], [-87.7215657946674, 42.0550368784158], [-87.7226657944713, 42.0552368787655], [-87.7233657952571, 42.0552368784216], [-87.7238657953267, 42.0551368789699], [-87.7248657952512, 42.0551368785392], [-87.7256657953085, 42.0552368782116], [-87.7262657958998, 42.055136878246], [-87.7275657960978, 42.0551368786915], [-87.7275657962511, 42.0560368787371], [-87.7274657968071, 42.0570368790488], [-87.7274657964419, 42.0579368787942], [-87.7274657971274, 42.0588368793054], [-87.7274657972919, 42.0595368793041], [-87.7274657963365, 42.0603368789356], [-87.7274657968518, 42.0606368789986], [-87.7273657974432, 42.0613368793097], [-87.7273657973379, 42.0623368798748], [-87.7278157971855, 42.0623368799713], [-87.7282657970452, 42.0623368792035], [-87.7294657970723, 42.062336879335], [-87.7299657979988, 42.0623368792923], [-87.7308657977395, 42.0623368798377], [-87.7323657987338, 42.0624368797704], [-87.7326657991732, 42.0646368793683], [-87.7323657987583, 42.0687368805729], [-87.7311657982996, 42.069036880553], [-87.7290657981929, 42.0696368805409], [-87.7288657976851, 42.0690368805438], [-87.7280657981195, 42.0690368811684], [-87.7248587966164, 42.0691098808749], [-87.7236657972297, 42.0691368807914], [-87.722565796822, 42.0691368812265], [-87.7218657955909, 42.0691368810007], [-87.7208657953842, 42.0690368815664], [-87.7191657950656, 42.0691368810536], [-87.7180657950004, 42.0690368811161], [-87.7166657948568, 42.0690368818301], [-87.7155657939135, 42.0690368817869], [-87.7146657945043, 42.0691368813197], [-87.7141657935275, 42.0691368812551], [-87.7127657937173, 42.069136881204], [-87.7107657931468, 42.0690368820548], [-87.7083647926894, 42.0691368815623], [-87.7076647916464, 42.0691368820407], [-87.7051647906805, 42.0689368821324], [-87.7031137906719, 42.068881882246], [-87.7026267901683, 42.0689108825605], [-87.7022107905674, 42.068891882185], [-87.7015647896492, 42.0690368820664], [-87.699964790188, 42.0690368824124], [-87.6982647888929, 42.0688368824759], [-87.6959057888012, 42.0687728824791], [-87.6939647881698, 42.0687368827405], [-87.6921777870454, 42.0686698827897], [-87.6911757872974, 42.0687308828859], [-87.690974787077, 42.0685848824306], [-87.6901507861556, 42.0687308824007], [-87.6896647870281, 42.0684368831323], [-87.6892647864971, 42.068436882544], [-87.6892877870051, 42.0687148831583], [-87.6893647862415, 42.0696368830812], [-87.6889647866291, 42.0696368832432], [-87.6867647853354, 42.0693368832488], [-87.6857647856361, 42.0693368835929], [-87.6845647856386, 42.0694368831453], [-87.6831647849043, 42.0694368829669], [-87.6831647845325, 42.0700368833969], [-87.6831647849694, 42.0710368833812], [-87.6830647850479, 42.0717368837015], [-87.6803647839685, 42.0717368835752], [-87.6798663942279, 42.0717368836496], [-87.6798628603947, 42.0717330507071], [-87.6795637840204, 42.0711368840378], [-87.6794501687936, 42.0709476250062], [-87.6781207539379, 42.0686398921112], [-87.6775221389319, 42.0675436531101], [-87.6773017830368, 42.0670988835776], [-87.6772791861961, 42.0670987228924], [-87.6772437758507, 42.0670338744252], [-87.6769122572588, 42.0670329582342], [-87.6756817931499, 42.0650687583396], [-87.6756817822995, 42.065066882926], [-87.6747637816825, 42.0628368825009], [-87.6747637813478, 42.0623368828096], [-87.674736507632, 42.0623368829534], [-87.6747368346843, 42.0622818549894], [-87.6745377533237, 42.0622806250316], [-87.6744360818387, 42.0619732821483], [-87.6738153551726, 42.0619658201691], [-87.673763780827, 42.0618368825263], [-87.6740637814522, 42.0616368820864], [-87.6743637812034, 42.0613368821506], [-87.674363781441, 42.0608368823373], [-87.6743347054841, 42.060816114413], [-87.6743347834811, 42.0607788941051], [-87.6740078044391, 42.0605450656502], [-87.6740087814072, 42.0605365822077], [-87.6728020802322, 42.0596144820022], [-87.6722188940448, 42.0595408923703], [-87.6717111798893, 42.0587304239745], [-87.6732599805145, 42.0589571821394], [-87.6738454811529, 42.0593242820228], [-87.6743905808362, 42.059271781778], [-87.6744010810717, 42.0579187821782], [-87.6742349812993, 42.057632382095], [-87.6742732808983, 42.057310581367], [-87.6739782806033, 42.0570029818584], [-87.6740015802141, 42.056000181179], [-87.6734840809229, 42.0559923813398], [-87.6735592808074, 42.0556738818899], [-87.6742772806918, 42.0556514812971], [-87.67429648104, 42.0555567812673], [-87.6744188804237, 42.054926081076], [-87.6743972809588, 42.0542174807986], [-87.6741419801333, 42.0533978809646], [-87.6738133797441, 42.0528307810511], [-87.6736862136146, 42.0520314341987], [-87.6737637738502, 42.0520378909076], [-87.6737053606724, 42.0516581576067], [-87.6735638205322, 42.0507379028849], [-87.6735638150451, 42.050337827194], [-87.6737637726615, 42.0500378913503], [-87.6734637767754, 42.0491378775259], [-87.6734637627002, 42.0491378369308], [-87.6726398141186, 42.0483139160951], [-87.6725692929746, 42.0482358264047], [-87.6733470594879, 42.0479441059141], [-87.6733637799212, 42.0479378800486], [-87.672363897908, 42.0455381672677], [-87.6724637632161, 42.0449388205395], [-87.6724636579061, 42.0449386092592], [-87.6724637790052, 42.0449378798004], [-87.6720639862724, 42.0441382933452], [-87.6721637601659, 42.0437388595756], [-87.6721635784521, 42.0437386784656], [-87.672163778785, 42.0437378792387], [-87.6718837410924, 42.0434579663076], [-87.6718458783747, 42.0432408790653], [-87.6710610790028, 42.0424546789858], [-87.6710431930532, 42.0424408999751], [-87.669790084875, 42.0343378786849], [-87.6698627776064, 42.034337878463], [-87.6698543920578, 42.0343239020794], [-87.6698637296711, 42.0343239038378], [-87.6697616344368, 42.0341539035998], [-87.6689877761286, 42.0291498775859], [-87.6687847761339, 42.0281348774356], [-87.6687725243559, 42.0281132015601], [-87.6687557567427, 42.0280298142239], [-87.6683578356441, 42.0273348576816], [-87.6682611570933, 42.0273154160537], [-87.6666005295346, 42.0231249526475]]]}, "properties": {"OBJECTID": 52, "STATEFP": "17", "PLACEFP": "24582", "PLACENS": " ", "PLCIDFP": "1724582", "NAME": "Evanston", "NAMELSAD": "Evanston city", "LSAD": "25", "CLASSFP": "C1", "CPI": "Y", "PCICBSA": "Y", "PCINECTA": "N", "MTFCC": "G4110", "UR": "M", "FUNCSTAT": "A", "Area": 9043, "treecanopy": 0, "Shape__Area": 19748903.2623291, "Shape__Length": 22937.529657426145}}, {"type": "Feature", "id": 71, "geometry": {"type": "Polygon", "coordinates": [[[-87.8041648002089, 41.8649438419346], [-87.8040977998773, 41.8632368412988], [-87.8039637993194, 41.8614388412032], [-87.8039637988933, 41.8596388408007], [-87.8038627984888, 41.8577388408783], [-87.8050637998873, 41.8578388401918], [-87.8058867992582, 41.8577758403313], [-87.8063637997341, 41.8577388405047], [-87.8075637996043, 41.8577388399188], [-87.8083637999266, 41.8577388403671], [-87.8087638006965, 41.857738840305], [-87.8119438014614, 41.8575148400564], [-87.8119358013063, 41.8573628394949], [-87.8118638010908, 41.8559388398207], [-87.8082637996566, 41.8560388396308], [-87.8080408000913, 41.8539648394333], [-87.8076377999259, 41.8502038392059], [-87.8087607992247, 41.8502098389552], [-87.8105948000697, 41.8501418384988], [-87.812292800845, 41.8500788388528], [-87.8133638006967, 41.8500388388815], [-87.8146638011379, 41.8501388383972], [-87.8158638015519, 41.8500388383363], [-87.8170638021927, 41.8500388382652], [-87.8182638028582, 41.8500388382608], [-87.8194638023443, 41.8500388383177], [-87.8206638031439, 41.8499388385125], [-87.8219638039317, 41.8499388383061], [-87.8231638038432, 41.849838837577], [-87.8232638039407, 41.8518388381331], [-87.820763804112, 41.8558388395462], [-87.820163803738, 41.8558388388096], [-87.8134638015659, 41.8559388400107], [-87.8135598022257, 41.8574388394303], [-87.8199638031933, 41.8574388397562], [-87.8208638039226, 41.8574388390278], [-87.8235698054273, 41.8604838401467], [-87.8272638064894, 41.8646388406367], [-87.8284648066475, 41.8646388404906], [-87.8286368075728, 41.8646318399795], [-87.8313308073577, 41.8645268405018], [-87.8335648087052, 41.8644388400877], [-87.8336518090715, 41.8661008406305], [-87.8336648084754, 41.8663388398372], [-87.8336648090727, 41.8683388401641], [-87.8336658094566, 41.8698948404139], [-87.8336648095995, 41.8706388413023], [-87.8335648092052, 41.8709388407382], [-87.8334648090605, 41.8712388409718], [-87.8335648097024, 41.8716388414536], [-87.8296648080065, 41.8716388410995], [-87.8252648063593, 41.8723388415635], [-87.8253878075264, 41.8740438417443], [-87.8254368068014, 41.8747178424464], [-87.8254598065778, 41.8750388424007], [-87.825464806901, 41.8751388424128], [-87.8285648075968, 41.876038842267], [-87.8271648079663, 41.8792388423879], [-87.8259648073969, 41.8791388426205], [-87.8241648065175, 41.8791388433762], [-87.8225648066014, 41.8792388434064], [-87.821276806435, 41.8792388429409], [-87.821164806629, 41.8792388431972], [-87.8207778057785, 41.8792388434847], [-87.8202648060608, 41.8792388432437], [-87.8199648054735, 41.8792388431905], [-87.8193648053489, 41.879338842863], [-87.817764805382, 41.879338843203], [-87.816864805113, 41.8792388432923], [-87.8159638052387, 41.8793388432697], [-87.8143638041592, 41.8793388439368], [-87.8144638045304, 41.8812388440945], [-87.8144648044374, 41.8820388436132], [-87.8145648042224, 41.8831388444588], [-87.8143648041945, 41.8840388442475], [-87.814364805361, 41.8846388447234], [-87.8143648048854, 41.8851388449158], [-87.814364805393, 41.8862388444731], [-87.8145648045876, 41.8866388449337], [-87.814264804954, 41.8869388449182], [-87.8130648044349, 41.8869388446768], [-87.8097648034319, 41.8869388448549], [-87.8092298036819, 41.886938845302], [-87.8085208030576, 41.8869388450133], [-87.8075648024671, 41.8869388451066], [-87.8070638033555, 41.8869388452667], [-87.8049638019732, 41.8870388453177], [-87.8048638025025, 41.8866388454839], [-87.8048638023856, 41.8854388450967], [-87.8049638023546, 41.8844388449421], [-87.8048638016143, 41.8833388451665], [-87.8047638011227, 41.8814388448609], [-87.8046638019625, 41.8797388444413], [-87.8045638012852, 41.8781388437524], [-87.8045638010634, 41.8778388436881], [-87.8042638009549, 41.8758388435325], [-87.8042298006356, 41.8750388433355], [-87.8041638007128, 41.873438842797], [-87.8042638006424, 41.8729388432263], [-87.8044638001844, 41.8723388426756], [-87.8043638006957, 41.8705388424905], [-87.8043638006184, 41.8686388426319], [-87.8042197996724, 41.8668328420793], [-87.8041648002089, 41.8649438419346]]]}, "properties": {"OBJECTID": 71, "STATEFP": "17", "PLACEFP": "26935", "PLACENS": " ", "PLCIDFP": "1726935", "NAME": "Forest Park", "NAMELSAD": "Forest Park village", "LSAD": "47", "CLASSFP": "C1", "CPI": "N", "PCICBSA": "N", "PCINECTA": "N", "MTFCC": "G4110", "UR": "U", "FUNCSTAT": "A", "Area": 2796, "treecanopy": 0, "Shape__Area": 6265292.1884765625, "Shape__Length": 15080.080999022493}}, {"type": "Feature", "id": 72, "geometry": {"type": "Polygon", "coordinates": [[[-87.7741627909875, 41.8653388431811], [-87.7752627907987, 41.8653388437168], [-87.7765627917057, 41.8653388437033], [-87.7777627921125, 41.8653388431627], [-87.7789627925459, 41.8653388426878], [-87.7802627923353, 41.8653388431007], [-87.781462792825, 41.8653388426128], [-87.7826627933333, 41.8653388430908], [-87.7832567934975, 41.8653388427525], [-87.7838627938757, 41.8653388427344], [-87.7850627936371, 41.8652388428345], [-87.7863627951672, 41.8652388426269], [-87.787562795126, 41.8652388423178], [-87.7888627948068, 41.8651388420978], [-87.7900627955219, 41.8652388422934], [-87.7912627955621, 41.8652388420372], [-87.7924627965364, 41.8651388422303], [-87.7937627962182, 41.865138841975], [-87.7950627971305, 41.8651388423154], [-87.7962937970961, 41.8650768424108], [-87.7976627978805, 41.8650388424276], [-87.7989627980713, 41.8650388418306], [-87.8002647989141, 41.8650388421061], [-87.8004667982364, 41.8650268415326], [-87.8015767994302, 41.8649648420613], [-87.801860798942, 41.8649548419958], [-87.8028637988856, 41.864938841353], [-87.8033637998827, 41.8649388421092], [-87.8041648002089, 41.8649438419346], [-87.8042197996724, 41.8668328420793], [-87.8043638006184, 41.8686388426319], [-87.8043638006957, 41.8705388424905], [-87.8044638001844, 41.8723388426756], [-87.8042638006424, 41.8729388432263], [-87.8041638007128, 41.873438842797], [-87.8042298006356, 41.8750388433355], [-87.8042638009549, 41.8758388435325], [-87.8045638010634, 41.8778388436881], [-87.8045638012852, 41.8781388437524], [-87.8046638019625, 41.8797388444413], [-87.8047638011227, 41.8814388448609], [-87.8048638016143, 41.8833388451665], [-87.8049638023546, 41.8844388449421], [-87.8048638023856, 41.8854388450967], [-87.8048638025025, 41.8866388454839], [-87.8049638019732, 41.8870388453177], [-87.8049638024113, 41.8873388458074], [-87.8049638017754, 41.88773884553], [-87.8049638029527, 41.8886388459419], [-87.8050638027216, 41.8905388464203], [-87.8050638022617, 41.890838845824], [-87.8050638022138, 41.8918388458315], [-87.8050638031107, 41.8922388461503], [-87.8051648029719, 41.893038846693], [-87.8051648036381, 41.8942388464093], [-87.8052648029131, 41.8953388465647], [-87.805264803126, 41.8961388466851], [-87.8052648028619, 41.8963388466963], [-87.8052648036948, 41.8970388466894], [-87.8052648029214, 41.8979388474475], [-87.8052648034026, 41.8997388476517], [-87.8054648041851, 41.901538847588], [-87.8055648040186, 41.9033388480419], [-87.8055648037129, 41.9052388482201], [-87.805764804381, 41.9070388486478], [-87.8058648051645, 41.9088388489492], [-87.8042648044146, 41.9087388487375], [-87.8037648040373, 41.9087388488158], [-87.8026648035286, 41.9088388492128], [-87.8020648039356, 41.9089388494724], [-87.8012648035706, 41.9090388492072], [-87.800364803372, 41.9088388490174], [-87.7996648027229, 41.9089388497263], [-87.7985648026539, 41.9089388497737], [-87.7981648018658, 41.9089388499575], [-87.7971648017216, 41.9089388497311], [-87.7966648021566, 41.9088388497338], [-87.7959648020276, 41.9090388492587], [-87.7950648015781, 41.9088388498601], [-87.7946648008359, 41.9089388493247], [-87.7938648010743, 41.9090388497105], [-87.7934648009739, 41.9089388499655], [-87.7926648006868, 41.9089388494259], [-87.7922648004057, 41.9090388495284], [-87.791463800475, 41.9089388496538], [-87.7910638009393, 41.9089388503155], [-87.7901637996004, 41.9089388498494], [-87.7897638002525, 41.9090388502425], [-87.7886638002041, 41.9089388502159], [-87.7881637996988, 41.9090388505366], [-87.7871637993779, 41.9090388505402], [-87.7865637992008, 41.9091388498936], [-87.7859637992919, 41.9091388499631], [-87.7850637988384, 41.9091388500381], [-87.7846637981065, 41.9091388500053], [-87.7831637977929, 41.9091388505384], [-87.7820637982396, 41.9091388500628], [-87.7815637973469, 41.9091388506957], [-87.7806637969686, 41.9091388504956], [-87.779963796954, 41.9091388501659], [-87.7794637972872, 41.9091388506634], [-87.778863796253, 41.9091388505402], [-87.7780637960781, 41.9092388506394], [-87.7776637965439, 41.9093388511655], [-87.7768457961917, 41.9092518507359], [-87.776363796575, 41.9092388511441], [-87.7755637964037, 41.9092388511972], [-87.7754637955156, 41.9074388508285], [-87.7753717949899, 41.9059738500267], [-87.7752637953516, 41.9056388500572], [-87.7753637954957, 41.9039388495573], [-87.7752637951433, 41.9037388501539], [-87.7752637954569, 41.902038849334], [-87.7752637952875, 41.9001388491472], [-87.7752637951272, 41.8983388491519], [-87.7751977943525, 41.8972128487963], [-87.7751437939897, 41.896322848927], [-87.7751117948225, 41.8954528488806], [-87.7751107944243, 41.8947378481408], [-87.7750787941897, 41.8937518478867], [-87.775062794414, 41.893238848415], [-87.7750027942401, 41.8928238478096], [-87.7749627937796, 41.8918388481971], [-87.7749167940896, 41.8909488475889], [-87.7749167943551, 41.8905228473394], [-87.7748847938614, 41.8900788475721], [-87.77486379404, 41.8891698476835], [-87.7748847933495, 41.8888988469506], [-87.7748317935875, 41.8880478470491], [-87.7748317936862, 41.8877198470247], [-87.7748527937864, 41.8874488471335], [-87.7748317934979, 41.8870038472124], [-87.7747457936501, 41.885628846585], [-87.7747237930442, 41.8853588466125], [-87.7745627935003, 41.8840388462949], [-87.774562792782, 41.8820388463175], [-87.7745627925901, 41.8800388456503], [-87.7744627925129, 41.8782388453079], [-87.7743627925155, 41.8776388459109], [-87.7743627926731, 41.8764388452258], [-87.7743517923927, 41.8750388450403], [-87.7743627924398, 41.8746388450792], [-87.7743627918586, 41.8730528445313], [-87.7743627923364, 41.8726388445593], [-87.774262791269, 41.8711388447141], [-87.774262791185, 41.8706388445719], [-87.7742627913567, 41.8703388442868], [-87.7741627914512, 41.8691388441335], [-87.774062791647, 41.8672388441336], [-87.7741627909875, 41.8653388431811]]]}, "properties": {"OBJECTID": 72, "STATEFP": "17", "PLACEFP": "54885", "PLACENS": " ", "PLCIDFP": "1754885", "NAME": "Oak Park", "NAMELSAD": "Oak Park village", "LSAD": "47", "CLASSFP": "C1", "CPI": "Y", "PCICBSA": "N", "PCINECTA": "N", "MTFCC": "G4110", "UR": "U", "FUNCSTAT": "A", "Area": 5432, "treecanopy": 0, "Shape__Area": 12166808.135986328, "Shape__Length": 14802.29658925851}}, {"type": "Feature", "id": 100, "geometry": {"type": "MultiPolygon", "coordinates": [[[[-87.5746479206634, 41.7756991119453], [-87.5747051059846, 41.7756885205487], [-87.5747796003751, 41.775710413892], [-87.5746977239083, 41.7757169392396], [-87.5746479206634, 41.7756991119453]]], [[[-87.5726501229508, 41.7790359336189], [-87.5732807905339, 41.7783548881667], [-87.5732677228344, 41.7790080398328], [-87.5732336024527, 41.7790184463771], [-87.5726501229508, 41.7790359336189]]], [[[-87.9389948528476, 41.993436855597], [-87.9399092620703, 41.9934141833482], [-87.9399098532294, 41.9934708556157], [-87.9390718526059, 41.9934368562776], [-87.9389948528476, 41.993436855597]]], [[[-87.9389948528476, 41.993436855597], [-87.9377348526915, 41.9958438564808], [-87.9355718521462, 41.9997368570994], [-87.935871852519, 41.9997368572327], [-87.9373718520854, 41.9974368570166], [-87.9374718527042, 41.9983368565708], [-87.940071852818, 41.998136856829], [-87.940046852681, 41.9984518568825], [-87.9401728533616, 41.999536856691], [-87.9402728531112, 41.9997368574478], [-87.9401728534235, 42.0001368570697], [-87.9401728539212, 42.0009328576269], [-87.9370478526692, 42.0010388575237], [-87.9347738520591, 42.0011128577887], [-87.9348398523273, 42.0042328584527], [-87.9348718518962, 42.0057368579917], [-87.9349728525663, 42.0080368584382], [-87.9346728530362, 42.0080368586271], [-87.9332718516221, 42.0082368589684], [-87.9332618519693, 42.0080978588689], [-87.9331968520952, 42.0072288585931], [-87.9330718514032, 42.0055368582208], [-87.9330928523902, 42.005403858766], [-87.9311898515866, 42.0051028588794], [-87.930371850783, 42.0050038588986], [-87.929621851308, 42.0049178588861], [-87.929493851153, 42.0048908589368], [-87.9293408509885, 42.0048088581785], [-87.9292438507072, 42.0049228581643], [-87.9254548502313, 42.0072528588739], [-87.9228058489118, 42.006142859502], [-87.9207698476852, 42.0036678586008], [-87.9205718481694, 42.0036368589485], [-87.9203718477984, 42.0048368594161], [-87.9136718461848, 42.0050368597977], [-87.9134718460732, 42.0084368596848], [-87.912971845878, 42.0084368601348], [-87.9129718461078, 42.0061368599395], [-87.9125718458837, 42.0061368592839], [-87.9126718462732, 42.0051368594954], [-87.9112718456851, 42.0051368596176], [-87.9089678447241, 42.0051948596792], [-87.9072708442997, 42.0052368598659], [-87.9072718444924, 42.0086368606387], [-87.9052398444266, 42.0087008602034], [-87.9043128435439, 42.0088538605356], [-87.8952708405514, 42.0059368610262], [-87.8941708408174, 42.0054368604372], [-87.8941708397114, 42.0040368604117], [-87.8941708401535, 42.0031368605414], [-87.8933588404197, 42.0032288607079], [-87.8933708395151, 42.0037368606078], [-87.8927708400308, 42.0041368600667], [-87.8910708393669, 42.0040368601873], [-87.8900708395718, 42.0035368606071], [-87.8901708387546, 42.0023368602686], [-87.8940708405345, 42.002236859654], [-87.8943708404086, 42.0022368602197], [-87.8994768419345, 42.0023728595511], [-87.9031668429435, 42.0040638602387], [-87.9045658437503, 42.004009860036], [-87.9045588428515, 42.0036538594372], [-87.9045548429805, 42.0034238598394], [-87.9033718429837, 42.0034138601121], [-87.8993478410629, 42.0014468591802], [-87.896012840157, 42.0015018601515], [-87.8959708400845, 42.0004368600059], [-87.8959708402716, 42.000164859719], [-87.8959708409015, 41.9999368592717], [-87.8935708400411, 41.9997368597145], [-87.8844698365179, 41.998136860318], [-87.8842698369627, 41.9963368599236], [-87.8842698362551, 41.9954438590148], [-87.8840698368604, 41.995436859712], [-87.8806698358308, 41.9957368600468], [-87.8799788347788, 41.9956838598383], [-87.8784828341701, 41.99151085883], [-87.8781698344103, 41.9906378589823], [-87.8773698339617, 41.9883378589518], [-87.8763688327353, 41.9854358583062], [-87.8763388335574, 41.985358858046], [-87.8760458334895, 41.9853568584889], [-87.8758018324393, 41.9839698575534], [-87.8751698322695, 41.9823378581219], [-87.8748698328618, 41.9809378571386], [-87.8744698325148, 41.9801378570458], [-87.8734688312167, 41.9768378572037], [-87.873968831945, 41.9767378570106], [-87.8758688326227, 41.9767378567541], [-87.8758688318311, 41.9740378563316], [-87.8727688312626, 41.9740378565969], [-87.8718688312702, 41.9739388561161], [-87.8707688305175, 41.9739378568496], [-87.8699688306603, 41.973937856607], [-87.8692688298897, 41.973937856207], [-87.8685688291182, 41.9739378569405], [-87.8681688293095, 41.9738378569402], [-87.8682688296583, 41.9743378570314], [-87.8678978298307, 41.974337857079], [-87.8674688296539, 41.9743378564677], [-87.8675688299349, 41.973937856637], [-87.8666688286265, 41.9739378571006], [-87.8664628292375, 41.9739378568583], [-87.8650688290195, 41.97393785692], [-87.8647518282758, 41.9739378572659], [-87.8637688278562, 41.9739378572281], [-87.8623688281247, 41.974037857238], [-87.8618688275058, 41.9739378571737], [-87.8604688281419, 41.9765378579989], [-87.8601358271803, 41.97687185776], [-87.8582688276476, 41.9787378585118], [-87.8566688274217, 41.9803378581364], [-87.8566598272464, 41.9806078582146], [-87.8565688267451, 41.9834378588365], [-87.8565908268315, 41.9842578594431], [-87.8566688277009, 41.9848378587939], [-87.8564618275363, 41.9855508594048], [-87.8560938275481, 41.9868168596304], [-87.8557688276295, 41.9879378594304], [-87.8556688274992, 41.9889378595483], [-87.8564508275813, 41.9895858595824], [-87.8501118261606, 41.9884418605669], [-87.8483808250571, 41.988128860333], [-87.8467688241348, 41.9878378598654], [-87.8457688241479, 41.9877378600203], [-87.8419488228972, 41.98718586029], [-87.8412258230943, 41.9870818608469], [-87.8367678215932, 41.9864378609999], [-87.8360338215979, 41.9863328602419], [-87.8353678215371, 41.9862378607118], [-87.8349678212198, 41.9861378604515], [-87.8342678211406, 41.9861378607676], [-87.8337218211656, 41.9860538603225], [-87.8329678207426, 41.9859378607529], [-87.8318678200229, 41.985737860922], [-87.8305678196346, 41.9856378610409], [-87.829367819445, 41.985437861129], [-87.8288678191174, 41.9853378606383], [-87.8281678195441, 41.9852378612795], [-87.8268678180416, 41.985037860611], [-87.8256678186238, 41.9849378610461], [-87.82446781803, 41.9847378612336], [-87.8239678176018, 41.9846378610091], [-87.8233678176307, 41.9845378609898], [-87.823267817646, 41.985437861476], [-87.8231678171109, 41.9858378612292], [-87.8231678173722, 41.9866378616495], [-87.8230678182335, 41.9875378616309], [-87.8228828183243, 41.9885388620931], [-87.8225678180925, 41.9902378618157], [-87.8225678173795, 41.9908378621236], [-87.8223678183546, 41.9918378625892], [-87.8221678176957, 41.9926378621929], [-87.8220378173576, 41.9932228627776], [-87.821755818515, 41.9950378624941], [-87.8216678183204, 41.9959378629638], [-87.8217238179689, 41.996811863545], [-87.8218678179391, 41.997537863504], [-87.8219678184172, 41.9986378632228], [-87.8219678180902, 41.9990378634491], [-87.8219678181515, 42.0005378640563], [-87.821867818111, 42.0010378643183], [-87.8219678184437, 42.0013378642217], [-87.8219678187268, 42.0018378642692], [-87.8219678194081, 42.002237864278], [-87.8218678189878, 42.0027378643881], [-87.8219678190398, 42.0031378641878], [-87.8218288187426, 42.0039508648075], [-87.8215868186915, 42.0041078643217], [-87.8218678193587, 42.0046378647706], [-87.8217678190617, 42.0060378649373], [-87.8216678186836, 42.0073378647638], [-87.8216678195512, 42.0077378652902], [-87.8217678201585, 42.0114378659295], [-87.8209978190627, 42.0113948661301], [-87.8199678195479, 42.011337865459], [-87.819367819454, 42.0113378661787], [-87.8193798193264, 42.0117178654322], [-87.8198678189325, 42.0117378658771], [-87.8198678193705, 42.0120378662608], [-87.8198678194007, 42.0129378664119], [-87.8198678193047, 42.0138378664221], [-87.8198678190824, 42.0147378662912], [-87.8199678196584, 42.0152378667799], [-87.8205678201934, 42.0152378665657], [-87.8213678201948, 42.0155378661068], [-87.8216688204821, 42.0172378670281], [-87.8216688200691, 42.0186378667798], [-87.8209688199771, 42.0186378666499], [-87.8190678191986, 42.018637867176], [-87.8178678193141, 42.0185378670218], [-87.8166678184986, 42.0186378672373], [-87.8153678184426, 42.0187378673654], [-87.8141678180892, 42.0187378669449], [-87.8128678174205, 42.0187378678609], [-87.8116678171176, 42.0187378674125], [-87.8103678165068, 42.018737867923], [-87.8090678163725, 42.0189378674937], [-87.8077678165797, 42.0189378673655], [-87.8066678161825, 42.018837867636], [-87.8066678164879, 42.0178378680054], [-87.8066678163719, 42.017137867349], [-87.8067678151723, 42.0153378673257], [-87.8066678150225, 42.0135378666151], [-87.8066678157757, 42.0116378669542], [-87.8068678154569, 42.0107378668262], [-87.8068678153482, 42.0090378659455], [-87.8069678152675, 42.0082378655806], [-87.8066678143013, 42.0071378656726], [-87.8067678147132, 42.0063378652202], [-87.8068678149082, 42.0053378656322], [-87.8067678149847, 42.0045378649164], [-87.8069678145307, 42.002637864809], [-87.8067678140351, 42.0008378644217], [-87.8056678141263, 42.0007378650415], [-87.8054678140374, 42.001437864688], [-87.8042678139445, 42.001537864637], [-87.8030668127826, 42.0014378654605], [-87.8018668125998, 42.001537865513], [-87.8013668131577, 42.0013378651911], [-87.8012668121067, 42.0009378654632], [-87.7998668118366, 42.0009378654974], [-87.79956681255, 41.9999388649863], [-87.7982668110429, 41.9999378654434], [-87.7972668111021, 42.0000378653965], [-87.7972668110338, 42.0008378652939], [-87.7955668110476, 42.0009378655254], [-87.7940668107353, 42.0009378655978], [-87.7923668104169, 42.0010378652409], [-87.7912668093736, 42.0009378656219], [-87.7911668097989, 42.0004378652724], [-87.7904668099371, 42.0006378656561], [-87.7871668083342, 42.0023378660848], [-87.7829668076942, 42.0040378664795], [-87.7824668073107, 42.0044378670673], [-87.7825668074857, 42.0047378667096], [-87.7830668079182, 42.005537867021], [-87.7846668079571, 42.007337866914], [-87.7856668086796, 42.0082378673789], [-87.7859668091273, 42.0085378671881], [-87.7862668084771, 42.0087378672726], [-87.7867668088355, 42.0095378672056], [-87.7874668090563, 42.0099378670753], [-87.789066809783, 42.0120378677763], [-87.7869668091975, 42.0119378680735], [-87.784366809307, 42.0120378675146], [-87.7833668088688, 42.0120378677019], [-87.7819668075498, 42.011937868149], [-87.7806668072662, 42.0119378682348], [-87.7799668074962, 42.0119378684172], [-87.7790668073254, 42.0116378682459], [-87.7788668068433, 42.0147378682394], [-87.7789668073157, 42.0152378689836], [-87.7769668065093, 42.0151378684779], [-87.7768668070938, 42.0117378684269], [-87.7740668057379, 42.0116378681316], [-87.773566805025, 42.0118378685113], [-87.7722668045995, 42.0094378682049], [-87.771765804503, 42.0085378681352], [-87.7713658044159, 42.0076378677844], [-87.7707658039039, 42.0065378675969], [-87.7706268038264, 42.0062598677324], [-87.7702958043045, 42.0064248675487], [-87.7693658036056, 42.0046388677468], [-87.7679658036345, 42.0042388671722], [-87.7661658020825, 42.0032388669928], [-87.7660798029951, 42.0033248677464], [-87.7657688024698, 42.0036548675525], [-87.7670658034492, 42.0043388676016], [-87.7675858031216, 42.0045868679879], [-87.767770802601, 42.0046568677623], [-87.7675698032343, 42.0084368685268], [-87.7642298028928, 42.0085018686601], [-87.762561802539, 42.0085228689533], [-87.7618558021915, 42.008534868845], [-87.7618658014448, 42.0084378683003], [-87.7619658021292, 42.0078378685826], [-87.7619658021279, 42.007338868041], [-87.761965801456, 42.0064388679279], [-87.7620658019298, 42.0055388684104], [-87.7621658018674, 42.0046388677592], [-87.7621658015685, 42.0037388681243], [-87.7621658010188, 42.002638867679], [-87.7622658013186, 42.0015388675769], [-87.7606658001646, 42.0008388669899], [-87.7597658006874, 42.0003388675088], [-87.7585658002733, 41.9997388673336], [-87.7575657991752, 41.9993388674125], [-87.7565657997367, 41.9989388668778], [-87.7555657988656, 41.998438867569], [-87.7544657989082, 41.9979388675838], [-87.7535047986001, 41.9973268673807], [-87.7533657975441, 41.9972388670082], [-87.7520647972721, 41.9972388670671], [-87.7507647976005, 41.9972388673615], [-87.7499647972677, 41.9972388668704], [-87.7488647963659, 41.9969388671209], [-87.7480647961963, 41.9969388668977], [-87.7469647957163, 41.997038867682], [-87.7457647962949, 41.9972388673535], [-87.7445647959092, 41.9972388671739], [-87.7433647955421, 41.9972388679538], [-87.7422647943323, 41.9972388678472], [-87.741064794024, 41.9972388679905], [-87.739864793743, 41.9972388681931], [-87.7390867937072, 41.9972378675496], [-87.7387647938162, 41.9972388678635], [-87.7375647935859, 41.9972388683298], [-87.7359407928416, 41.9971788676714], [-87.7348647926244, 41.9971388679196], [-87.733764792452, 41.9972388682182], [-87.7324647920319, 41.9972388683228], [-87.7312647918972, 41.9971388687281], [-87.7298647912913, 41.997238868478], [-87.728964790974, 41.9972388684185], [-87.7272647906867, 41.9972388682609], [-87.7262647901179, 41.9972388682148], [-87.7252647895659, 41.9972388684599], [-87.7250177899313, 41.9972388688803], [-87.7241637893767, 41.997238868758], [-87.7229637894938, 41.9972388687339], [-87.7215687887635, 41.9972448684478], [-87.7203637880335, 41.99723886885], [-87.7191637882423, 41.9972388687132], [-87.7186637880313, 41.9972388691534], [-87.7180257882995, 41.9972158690842], [-87.7168517870276, 41.9972438689671], [-87.7155637866154, 41.9972388695449], [-87.7143977862961, 41.9972948694536], [-87.7128907868075, 41.9972488692124], [-87.7117637859273, 41.9972388694288], [-87.7114637863273, 41.997238869703], [-87.7110637852632, 41.9972388691403], [-87.7100167852816, 41.997327869516], [-87.7095057849414, 41.9973648699782], [-87.7094607855946, 41.9991268696257], [-87.7094017853512, 42.0010158705542], [-87.709263786244, 42.0046388711084], [-87.709263786697, 42.0067528708746], [-87.7092637864106, 42.0083388714437], [-87.7092637861581, 42.0093118720506], [-87.7092637859354, 42.0101388717949], [-87.7092637866005, 42.0117388723433], [-87.7093787864622, 42.0117498719228], [-87.7094077865719, 42.0127348724246], [-87.7093497865097, 42.0136478720148], [-87.7094507875359, 42.0172348725529], [-87.7094507875584, 42.017380873074], [-87.7094617877094, 42.0174848730947], [-87.709463787087, 42.0175788729469], [-87.7094977870951, 42.0190378733726], [-87.7093027868188, 42.0190378730778], [-87.7090637874761, 42.0190378735489], [-87.7068637863481, 42.0192378732203], [-87.7043637861987, 42.0193378740189], [-87.7020637846425, 42.0193378738994], [-87.6998637841912, 42.0194378740178], [-87.6975637841081, 42.0193378742846], [-87.69660478348, 42.0192918739161], [-87.6950637828533, 42.0194378741476], [-87.6934637825508, 42.0194388739528], [-87.6905637813803, 42.0194978746913], [-87.6892577812478, 42.0195248749262], [-87.688844781007, 42.0195438745125], [-87.6879637812679, 42.0195388749302], [-87.686663780662, 42.0195388742781], [-87.6849637800047, 42.0194388748968], [-87.6831627795129, 42.0194388746386], [-87.6819627794859, 42.0195388751916], [-87.6807627791693, 42.0195388745612], [-87.6794627787467, 42.0195388751747], [-87.6792627782426, 42.0194388751523], [-87.6781627779264, 42.0192388753753], [-87.6777627777908, 42.0191388752893], [-87.6770627777217, 42.0191388752954], [-87.6764627771538, 42.0191388752436], [-87.6739627766793, 42.019138875188], [-87.6732627771817, 42.0192388757525], [-87.6771627781492, 42.0226378757251], [-87.67736277816, 42.0230378756613], [-87.6724557765048, 42.0230388761606], [-87.671155776252, 42.0230388762185], [-87.6666005295346, 42.0231249526475], [-87.6546555029803, 41.9929658843175], [-87.6546418058965, 41.9926508926652], [-87.6547787925614, 41.9912568805125], [-87.6547006079811, 41.9909942332313], [-87.6545694735515, 41.990469693607], [-87.6547226880617, 41.9904425291446], [-87.6551777681141, 41.9904528712222], [-87.6551704405095, 41.9903631412641], [-87.6551777809842, 41.9903618395448], [-87.655167909292, 41.9903321497648], [-87.6550757680605, 41.9892038712047], [-87.6543677684911, 41.9881088710579], [-87.6519035264891, 41.9860181197773], [-87.6507340925446, 41.9830656983679], [-87.6508607666371, 41.9810388697653], [-87.6503607662864, 41.9800388695568], [-87.6507607664785, 41.9789388692865], [-87.6507186158604, 41.9788873523166], [-87.6507228319697, 41.9788758091022], [-87.6498267458815, 41.9777758820579], [-87.6494268222738, 41.978174873568], [-87.6491537228395, 41.9781549552572], [-87.6490489656493, 41.9779241698057], [-87.6486804462065, 41.977880951035], [-87.6423908836431, 41.9620020000835], [-87.6423917772123, 41.961145864512], [-87.6418933739857, 41.9607459595655], [-87.6418911429576, 41.9607403280803], [-87.6420937678019, 41.9586388833943], [-87.6410958465173, 41.9547268208215], [-87.6409279221727, 41.9543443558175], [-87.64075976015, 41.9538398656797], [-87.640159760104, 41.9522398660526], [-87.6387197597456, 41.9493598654581], [-87.6384199300091, 41.9487602112382], [-87.6381928178073, 41.948262876941], [-87.6381388675405, 41.9482035615488], [-87.6378994587755, 41.9476829650678], [-87.6367045080346, 41.9462319691453], [-87.6357020630995, 41.9446265469424], [-87.6352066816539, 41.9433674537933], [-87.6351139600099, 41.9432308778785], [-87.6356778093723, 41.9430208703188], [-87.6361605375351, 41.9430913066779], [-87.6370099591541, 41.9445767646018], [-87.6368869587663, 41.9448890644241], [-87.6374644582489, 41.9457744650529], [-87.6376829258477, 41.9458341970026], [-87.6377887126114, 41.9460548831906], [-87.6401088420316, 41.9464648212692], [-87.6403091866763, 41.9466460725364], [-87.6403091591907, 41.9466530643366], [-87.6410718602318, 41.9473868647811], [-87.6412502124959, 41.9475095917575], [-87.6413067594608, 41.9475658746319], [-87.6413975829256, 41.9476110000885], [-87.6417929600829, 41.9478830644635], [-87.6419346703065, 41.9478778497089], [-87.6422607726864, 41.9480398719594], [-87.6420579262093, 41.9477011412965], [-87.6419954597886, 41.9475002652122], [-87.6410534600917, 41.9467085646707], [-87.6402087076957, 41.9459514129225], [-87.6404617901864, 41.9449408239436], [-87.6403675062426, 41.944771318667], [-87.6403763592718, 41.9447384641119], [-87.6402302788272, 41.9445246118094], [-87.6399617617261, 41.9440418744443], [-87.6398228073289, 41.9439281030982], [-87.6395848589618, 41.9435797644794], [-87.6391647821519, 41.9433893353802], [-87.6391088170343, 41.9433435131805], [-87.6387920263376, 41.942808233995], [-87.6385637740193, 41.9417438330087], [-87.6384940863562, 41.9416510220067], [-87.6384709590238, 41.941385163697], [-87.6381139585618, 41.9408036637062], [-87.6374271578801, 41.940204663963], [-87.6368555586091, 41.9397093640681], [-87.6362973575572, 41.9394665640734], [-87.6356542580499, 41.9396275636488], [-87.6349299572674, 41.9401898637774], [-87.6347038578159, 41.9408975639075], [-87.6345454570409, 41.9415538641971], [-87.6342910224039, 41.941552673691], [-87.6342003428659, 41.9413237390643], [-87.6340597816314, 41.9403398042246], [-87.6338054688006, 41.9398162024504], [-87.6334082572601, 41.9387386635159], [-87.6328783086979, 41.9379072769871], [-87.6327091435954, 41.937558983317], [-87.6309594841644, 41.9331417038974], [-87.6309598233612, 41.9331398008692], [-87.6309666497553, 41.9331351257871], [-87.6314587552809, 41.9328398630562], [-87.6314371918848, 41.932812909436], [-87.6314577340134, 41.9327988421713], [-87.6313313334473, 41.9326530573818], [-87.6313600561718, 41.9325412631494], [-87.6318530562579, 41.932466162456], [-87.6313948557036, 41.9323488623801], [-87.6310709719145, 41.9321882360764], [-87.6312597904156, 41.9296398404217], [-87.6310597299812, 41.9287398271836], [-87.6298544322899, 41.9268141396456], [-87.6298473948761, 41.9260365479448], [-87.6299635546635, 41.9260119620103], [-87.6298525543346, 41.9256215618549], [-87.6298434857611, 41.925604442273], [-87.6298430838516, 41.9255600380646], [-87.629339105445, 41.9232179732625], [-87.6291459377277, 41.9226593164224], [-87.6294820543515, 41.9224542608712], [-87.6291697536445, 41.9217355613522], [-87.6286819737862, 41.9210282267633], [-87.6286589720664, 41.9208984275786], [-87.6290368543087, 41.9206612607524], [-87.6284934737243, 41.9199644863394], [-87.6283616584037, 41.9192206032482], [-87.628556253551, 41.9190854610806], [-87.6282758642983, 41.9187364276015], [-87.6282587535453, 41.9186398606946], [-87.628254718554, 41.9186375850813], [-87.6282517516213, 41.918620853953], [-87.6281255961135, 41.9185493696443], [-87.6275428531197, 41.9178239603125], [-87.6277746529087, 41.9175821603829], [-87.6275918525726, 41.9171190608418], [-87.6270006189723, 41.9165639946915], [-87.6268973800166, 41.9161316481207], [-87.6269381530155, 41.9160642604032], [-87.6268708975937, 41.9160207439986], [-87.6254255643745, 41.909967984075], [-87.6254462515242, 41.9099440591383], [-87.6250867515494, 41.9085299589646], [-87.6240574507544, 41.9039769584768], [-87.6237936736893, 41.9037126583472], [-87.6229497498168, 41.9020278576937], [-87.6226510324438, 41.9019671867112], [-87.6226521498054, 41.9018217576903], [-87.6223179105028, 41.9017840019515], [-87.6221295799852, 41.9013710350255], [-87.621396603299, 41.9002039497691], [-87.6206726071656, 41.8998495004268], [-87.619825068977, 41.8996734928821], [-87.6182536245409, 41.8991394713086], [-87.6181410816422, 41.8990154008018], [-87.6174387477714, 41.8980398574407], [-87.6169950157606, 41.8974137478553], [-87.6156751570734, 41.894379015993], [-87.6150571166725, 41.8933035019463], [-87.6140881366368, 41.8922275002355], [-87.6116647453519, 41.8914134565872], [-87.6116647462498, 41.8907158563685], [-87.6117168408541, 41.8906413629102], [-87.6142467808847, 41.8905428360245], [-87.6178527465375, 41.8905418643947], [-87.6178547751791, 41.8905398566742], [-87.6178577477869, 41.8905398562879], [-87.6179557064702, 41.8904418974975], [-87.6203577674724, 41.8904418114123], [-87.6204576992548, 41.890140898465], [-87.6204573991756, 41.8901409029045], [-87.6204577481969, 41.8901398561765], [-87.6198257474891, 41.8901498566377], [-87.6191308678377, 41.8901613883946], [-87.6142367404489, 41.8902368362971], [-87.6140330138951, 41.8902368334617], [-87.6140308460511, 41.8901992568555], [-87.6127476626242, 41.890179358247], [-87.6126577461526, 41.889639856686], [-87.6126577469486, 41.8892958939944], [-87.6126857463244, 41.8892558560778], [-87.6134945927749, 41.8888122777019], [-87.6139497460778, 41.8887342560554], [-87.6139564574653, 41.8885589877175], [-87.6141937466785, 41.8884288561042], [-87.6135806821146, 41.8846059367232], [-87.6139041458718, 41.8843947560044], [-87.6147774464011, 41.8842980558637], [-87.6166307460596, 41.8842412555764], [-87.6166185463511, 41.884017855598], [-87.6144849456942, 41.8840702553486], [-87.6144913798049, 41.8838379530876], [-87.6150487848267, 41.8834482751576], [-87.6165231466576, 41.8834650548277], [-87.6165596458327, 41.8821479549435], [-87.6165324574162, 41.8819195355626], [-87.6165023351913, 41.8805015667369], [-87.6166092456954, 41.88049205478], [-87.6164657629194, 41.8787800255317], [-87.6162567447626, 41.8689408525834], [-87.6130364517881, 41.857718839098], [-87.6130790429854, 41.8576458506494], [-87.6130004430477, 41.8564923505117], [-87.6129567102362, 41.8563568868861], [-87.6129567112984, 41.8560679062258], [-87.6131571421706, 41.8556292506817], [-87.6127305421288, 41.8551925505375], [-87.6124393421055, 41.8549233506305], [-87.6122434866253, 41.85495553018], [-87.6110979665305, 41.8509636469151], [-87.6110977448799, 41.8509225474898], [-87.6110983349698, 41.8509213672474], [-87.6114123412205, 41.8506126495784], [-87.6113448053569, 41.8504280073218], [-87.6114517704304, 41.8502138943408], [-87.6101985631202, 41.8478294233663], [-87.6094557400871, 41.8452408494131], [-87.6094433838377, 41.845215304364], [-87.6094447198687, 41.8452018913345], [-87.6092714534717, 41.8448400424221], [-87.6090226405878, 41.8440008487731], [-87.608708640176, 41.8432296487938], [-87.6085144394331, 41.8427882488494], [-87.6081198401875, 41.8423961486044], [-87.6080042395421, 41.841250348712], [-87.607562639527, 41.8406921482037], [-87.6071614394667, 41.8397458487392], [-87.6065434322976, 41.8391428790504], [-87.6062637762762, 41.838558850589], [-87.6061006682578, 41.8382037963328], [-87.606137238818, 41.8370752480628], [-87.6059078391186, 41.8364431475858], [-87.605373937823, 41.8356271479903], [-87.6045659384141, 41.8348592475285], [-87.6050304380509, 41.8341965474225], [-87.6049187386394, 41.8337096471503], [-87.6048444083664, 41.8335949126788], [-87.604857799195, 41.8335368306789], [-87.6047889510049, 41.833509309756], [-87.6045723383662, 41.8331749475785], [-87.6040217380677, 41.8329596470164], [-87.6034957402816, 41.8329204406044], [-87.6031901273092, 41.8322886828373], [-87.602949722367, 41.8313278369068], [-87.6025567660829, 41.8305428787341], [-87.602186262179, 41.8302135101246], [-87.6017412568703, 41.8292936013111], [-87.6017431372326, 41.829285246356], [-87.6015330367724, 41.8284935466191], [-87.6011720364857, 41.8278262463733], [-87.6008289110465, 41.8274076171122], [-87.6005619293057, 41.8268557168772], [-87.6005566857825, 41.8268418873912], [-87.6005545002803, 41.8268405760469], [-87.5985557023427, 41.8245462570213], [-87.5985556866087, 41.8244418318069], [-87.5982542779128, 41.8241908146979], [-87.5981227349309, 41.8240459458515], [-87.5981153572618, 41.8240408080582], [-87.5973883693236, 41.8232063353958], [-87.5970105344885, 41.8223028458828], [-87.5958829336309, 41.8211108456808], [-87.5954812339028, 41.8201920456729], [-87.5947364342254, 41.8196759452871], [-87.5945232333162, 41.8191322452742], [-87.5939781330032, 41.8191181453041], [-87.5938990185217, 41.8190393866925], [-87.592244825965, 41.8169318863664], [-87.5922178043115, 41.8168849469741], [-87.5922179323467, 41.8168382448719], [-87.592139161959, 41.8167483382176], [-87.5903467742542, 41.8136347792336], [-87.5895975081289, 41.8132096083143], [-87.5895569309869, 41.8131741445983], [-87.5894396993921, 41.8131024135675], [-87.5893686274815, 41.812999942722], [-87.5860805912222, 41.8087804576252], [-87.5855938570324, 41.8081823043732], [-87.5855889302914, 41.8081715437242], [-87.5850438301008, 41.8072476438851], [-87.5845738216755, 41.8069287714355], [-87.5817011172283, 41.8033984684178], [-87.5810831016592, 41.8023224933915], [-87.5807353533307, 41.8011816868593], [-87.5807682275663, 41.8003737429429], [-87.580333927059, 41.7993109423969], [-87.5800106289572, 41.7987724902601], [-87.5799696073972, 41.7986340127062], [-87.5798331070937, 41.7984768280251], [-87.5797357272505, 41.798314642668], [-87.5795580320303, 41.7981600712269], [-87.5793349012158, 41.7979031301748], [-87.5784767091906, 41.7944897621344], [-87.5789066270589, 41.7941469418657], [-87.5793826262849, 41.7934652415118], [-87.5793968264117, 41.7923076420549], [-87.5789031258549, 41.7912660416704], [-87.577910526152, 41.7896293409417], [-87.5771219027956, 41.7891011631747], [-87.5769587448322, 41.7884522198882], [-87.5773904248702, 41.7883501413183], [-87.5781827253788, 41.7883406413425], [-87.578787726139, 41.7884384407521], [-87.579393626148, 41.7882440412254], [-87.579816926331, 41.787997040629], [-87.5801260256512, 41.7874836403849], [-87.5804886266816, 41.7872964405314], [-87.5808166264605, 41.7871610407182], [-87.5811835261942, 41.7870813402497], [-87.5818363266703, 41.787444540338], [-87.582161127234, 41.7878135407622], [-87.5825839269659, 41.7882337409943], [-87.5825475275543, 41.7886108413291], [-87.5826220270755, 41.7891055412837], [-87.5819085265612, 41.7890667413473], [-87.581425126969, 41.7898806410524], [-87.5819732273611, 41.7899085412627], [-87.5825161273893, 41.7898564408808], [-87.5830562276508, 41.7897767409187], [-87.5834826268322, 41.7898083407886], [-87.5841231272339, 41.7898239407712], [-87.584491528108, 41.7894327406728], [-87.5845383272806, 41.789207440534], [-87.5839855277988, 41.7890856411486], [-87.5833566271505, 41.788918640651], [-87.5829240275732, 41.7885865410109], [-87.5829150270656, 41.788120441149], [-87.5830840276567, 41.7877426410137], [-87.5838672270239, 41.7880555409906], [-87.5842389277833, 41.7879345403625], [-87.5845781270174, 41.7877938403361], [-87.5845541272132, 41.7874708404361], [-87.5846010277545, 41.7871104409512], [-87.5845429269543, 41.7866905405432], [-87.5844669273334, 41.785724440648], [-87.5842139269587, 41.7852903402358], [-87.5841344273059, 41.7847129405411], [-87.5841426272027, 41.7841589402855], [-87.584149126591, 41.7836655398467], [-87.5841512271543, 41.7834615395311], [-87.5841568270344, 41.7831336399362], [-87.5839420270958, 41.7826505393688], [-87.5838141266039, 41.7822212397245], [-87.5835577270627, 41.7817788393987], [-87.5833752261196, 41.7815884395149], [-87.5829078269494, 41.7817051399129], [-87.5823714257944, 41.7817876393749], [-87.5816522256613, 41.7819527400081], [-87.5807930260484, 41.7822479396311], [-87.5805383259591, 41.7827925403072], [-87.5803250253214, 41.7831723398527], [-87.580042325626, 41.7832699405415], [-87.5794711261606, 41.7831506403924], [-87.5790362248918, 41.7831575401302], [-87.5792827251671, 41.7835583403752], [-87.579669525473, 41.7838181404367], [-87.580279025415, 41.7838884403861], [-87.5803556265379, 41.7843086399321], [-87.5804801266008, 41.7847241401364], [-87.5807119266827, 41.7851275401563], [-87.5805799262882, 41.7854976400882], [-87.5806960263765, 41.7862135402629], [-87.5805981264987, 41.7869397410192], [-87.579868326392, 41.7870881411457], [-87.5790227252871, 41.7872925409222], [-87.5785435254002, 41.7878253406714], [-87.578048526174, 41.7881345406177], [-87.57701732526, 41.7881264407986], [-87.5772796250334, 41.7873173413062], [-87.5770842246311, 41.786280440324], [-87.5763455247013, 41.7845291404841], [-87.5759192244474, 41.7838415401796], [-87.5753806240062, 41.7833505406081], [-87.5751139201541, 41.7831996063568], [-87.5748881170888, 41.7826270165702], [-87.5737975158347, 41.781642936586], [-87.572261002728, 41.7808297882977], [-87.5720394072899, 41.7805475201578], [-87.5729421228249, 41.7802324403201], [-87.5729222230344, 41.7798930396397], [-87.5745763242087, 41.7790977400737], [-87.575059223306, 41.7783031391917], [-87.5752386232989, 41.7776884397664], [-87.5751861233222, 41.7770728392], [-87.5747986236216, 41.776449138829], [-87.5745615232106, 41.7759767394673], [-87.5751607240303, 41.7758869387301], [-87.5757906524705, 41.7763589530744], [-87.575460038575, 41.7791104348944], [-87.5759410244892, 41.7792854783784], [-87.5767880244854, 41.779190509488], [-87.5771042411601, 41.7783167233975], [-87.5772080239344, 41.7783785397224], [-87.5767514242081, 41.7795484395449], [-87.5764250242779, 41.7797583392813], [-87.576646824807, 41.7801202394614], [-87.5780205249964, 41.779863539583], [-87.57848202534, 41.7802182397721], [-87.5788627255002, 41.7801718396226], [-87.5787027245271, 41.7795738399344], [-87.5789892251763, 41.7790821397215], [-87.5785190247376, 41.7785150392052], [-87.5785195250226, 41.777845139551], [-87.578328725075, 41.7772962393112], [-87.5782135247459, 41.7770738390026], [-87.5775886527599, 41.7768899732292], [-87.5775151485264, 41.7766734304984], [-87.5775008247325, 41.7764864386938], [-87.5779578248777, 41.7763447393209], [-87.5774900239065, 41.7762188387307], [-87.5773481717976, 41.7761815202063], [-87.5771161475664, 41.7754979855867], [-87.576872124836, 41.7752270169952], [-87.5746976328502, 41.7740674629429], [-87.573003628205, 41.7737164429239], [-87.5725230945705, 41.7737200179228], [-87.5719280373274, 41.7741739560503], [-87.5719355971256, 41.7746199504665], [-87.5720576175083, 41.7748909827953], [-87.5724064957929, 41.7756606148194], [-87.5719930222972, 41.7757677395206], [-87.5718980224302, 41.7767835389951], [-87.5720425226942, 41.7770119398626], [-87.5720565717273, 41.7770299311201], [-87.5713630191578, 41.777957997505], [-87.5711219849876, 41.7781402654667], [-87.5707572220456, 41.7777882396573], [-87.570211922115, 41.7774074393093], [-87.5700311154205, 41.7773202452296], [-87.5696527221282, 41.7769418394507], [-87.568667233908, 41.7762520335277], [-87.5660166479125, 41.7728757063345], [-87.5655345897942, 41.7719534250442], [-87.5646806243156, 41.7708739817896], [-87.5641822412088, 41.7705390316344], [-87.5622889828652, 41.7681273923779], [-87.5623685103348, 41.7679144705079], [-87.5622460697254, 41.7672845013541], [-87.5617580270243, 41.7666590135835], [-87.5610711149863, 41.7665760672734], [-87.560652623863, 41.766042992073], [-87.5606527230383, 41.7660428450815], [-87.5606522353578, 41.7660424960646], [-87.5606517189147, 41.7660418380321], [-87.5604053159332, 41.7658494472358], [-87.5603680183953, 41.7654814384317], [-87.5599800177541, 41.7648825381761], [-87.5596313180592, 41.7649734376759], [-87.5594064180961, 41.7647244382343], [-87.5593544179139, 41.7643514383599], [-87.5593366541843, 41.764340866446], [-87.5605300452114, 41.7639619986807], [-87.5604075475375, 41.7635999784404], [-87.5573711010048, 41.7605514787924], [-87.5559215395662, 41.7594799824438], [-87.5554410470732, 41.7596589481157], [-87.5537546357518, 41.7596705180503], [-87.5531520519878, 41.7594034783164], [-87.5525495244939, 41.7590450126033], [-87.5509776374778, 41.7584229893783], [-87.5508463988926, 41.7583858580391], [-87.5434982577854, 41.7526484392483], [-87.5440655603157, 41.7518809836978], [-87.5440654994924, 41.7514304502384], [-87.5436990533775, 41.7508929240346], [-87.5434551159629, 41.7506219932489], [-87.5405636379541, 41.7500039559043], [-87.5315151046817, 41.7466244788283], [-87.5306158129537, 41.745885491002], [-87.5305388069256, 41.7452973363792], [-87.5305275767352, 41.7452144572926], [-87.5304165055832, 41.7442859421181], [-87.5302287003514, 41.7429300759106], [-87.5301007985656, 41.7415318761102], [-87.5369366643054, 41.7410407829586], [-87.5395508043301, 41.7410448441049], [-87.5395079100147, 41.7408707665868], [-87.539869810045, 41.7408634353236], [-87.5398603091188, 41.7404248349707], [-87.5354173087481, 41.7404247353804], [-87.5299055378497, 41.74048638089], [-87.5298837641021, 41.740339469091], [-87.5296386226111, 41.7374459873695], [-87.5292645425574, 41.7358284118281], [-87.5290269555913, 41.7336291748404], [-87.5317638062897, 41.7324666339273], [-87.5338250068653, 41.7315709338119], [-87.535799907155, 41.7307316335988], [-87.5368290082393, 41.7302741331525], [-87.5371493084228, 41.7303978333882], [-87.5371700084476, 41.7304450333138], [-87.5375185085498, 41.7312502332131], [-87.5381562082831, 41.7326252339206], [-87.5385382088828, 41.7335440339689], [-87.5388021090101, 41.7334573338044], [-87.5388405085936, 41.7327631336784], [-87.5381117076505, 41.731102633768], [-87.538360508817, 41.7306407331752], [-87.5380001082873, 41.7298657334233], [-87.5387960084825, 41.7294512326748], [-87.5396300079367, 41.7289904327355], [-87.5403339084191, 41.7292113328069], [-87.5406872084153, 41.7292143332597], [-87.5408760089181, 41.7290464332233], [-87.5406490087649, 41.7287505328652], [-87.5411999093983, 41.7282796324157], [-87.5416295095771, 41.7279309325342], [-87.5419154092547, 41.7274586327488], [-87.5421075095843, 41.7273073326188], [-87.541363009039, 41.7270885323965], [-87.540387208417, 41.7276159325314], [-87.5393700088249, 41.7283687328677], [-87.5388918082682, 41.7283595329419], [-87.5298119064939, 41.7320586344667], [-87.5286590058117, 41.7302450333793], [-87.5283855320599, 41.7297736073705], [-87.528372011302, 41.7297059423298], [-87.5271778569828, 41.7276917621442], [-87.5251432042345, 41.7241843325166], [-87.5249094033458, 41.7236788325532], [-87.524788803435, 41.7225712325418], [-87.5248123789867, 41.7218110369325], [-87.5250007450053, 41.7214478666092], [-87.525012768897, 41.7211931746883], [-87.5253723034861, 41.7210436320412], [-87.5257875036894, 41.7206203325446], [-87.5260096031049, 41.7201938319297], [-87.5259321032757, 41.7196315321198], [-87.5256609036117, 41.7190825323923], [-87.5253861037342, 41.7186603318034], [-87.5250497037094, 41.7183971317353], [-87.5248449031815, 41.7181635323392], [-87.5248645807878, 41.7177607862072], [-87.5249080448151, 41.7175599580744], [-87.5248762942381, 41.7175210532904], [-87.5248766029877, 41.7175147322121], [-87.5248963029157, 41.7170877313009], [-87.5256438034435, 41.7170709316751], [-87.526325702853, 41.7170324314184], [-87.5271748040974, 41.716809132013], [-87.5279567038067, 41.7163669316668], [-87.5283865036239, 41.7157563311157], [-87.5282353034421, 41.7151335311817], [-87.5279950039207, 41.7144100311487], [-87.5277765053561, 41.7140349566961], [-87.5278756126187, 41.7137604075061], [-87.5282265346282, 41.7124979769452], [-87.5281050375395, 41.7121394190917], [-87.5272797923313, 41.7115283410265], [-87.5279847037027, 41.7109496304976], [-87.5274522748166, 41.7105489568841], [-87.5271135022451, 41.7101254819607], [-87.5278450195063, 41.7093470022373], [-87.5283185523467, 41.7090759506368], [-87.5280745970463, 41.7085344853866], [-87.5267464948174, 41.7074584719911], [-87.5245805228874, 41.7066174950761], [-87.5245695823116, 41.7062749417866], [-87.5250497023595, 41.7058428295487], [-87.5249497013091, 41.7038428293219], [-87.5250497021824, 41.7028428288618], [-87.5249497010831, 41.7026428295439], [-87.525025701645, 41.7010418289394], [-87.5250497014154, 41.7005428286682], [-87.5249497006398, 41.6988428286228], [-87.5249497007735, 41.697457828665], [-87.5249497009523, 41.6970428282279], [-87.5249497014101, 41.6956088280972], [-87.5249497008636, 41.6956028280506], [-87.5249497004254, 41.6955848279192], [-87.5249497009432, 41.6951428280575], [-87.5249497002166, 41.693827828037], [-87.5249497008119, 41.6933428274199], [-87.5248496999894, 41.6916428270187], [-87.5248497004673, 41.6892428267202], [-87.5248380860276, 41.6883822474876], [-87.5248121619795, 41.6811057545786], [-87.5248266991942, 41.6809598251337], [-87.5248486991558, 41.6807428253472], [-87.5248486985179, 41.67624282514], [-87.5248486993022, 41.6754438245571], [-87.5248486991936, 41.6750428242053], [-87.5248486991543, 41.6741428244642], [-87.5248204420349, 41.6739469744063], [-87.5248230986474, 41.6735441243742], [-87.5248257965108, 41.6732886282589], [-87.5248486989162, 41.673242824583], [-87.5248486994643, 41.6711199624258], [-87.524892109469, 41.6670087162317], [-87.5249486974429, 41.6664428232171], [-87.5249088182314, 41.6654259579847], [-87.5249769974172, 41.6589664218011], [-87.5250647955367, 41.644891919587], [-87.5250681705988, 41.6446436776865], [-87.5255486960095, 41.6446428194492], [-87.5257486963989, 41.6445428192595], [-87.5261486959923, 41.644642818989], [-87.5380486994833, 41.6445428186716], [-87.5390486994701, 41.6445428184403], [-87.5396486997584, 41.644342818369], [-87.5404486999442, 41.6443428185436], [-87.5409487005347, 41.6444428182136], [-87.541548701322, 41.6444428183883], [-87.5418487005227, 41.6444428181932], [-87.5420487004064, 41.6446428179011], [-87.5424487015524, 41.64454281831], [-87.5429487008009, 41.6446428182782], [-87.5476227025506, 41.6445928176063], [-87.5523497039179, 41.6445428176801], [-87.5578497057879, 41.6444428173857], [-87.5583497054989, 41.6445428170245], [-87.5589497057733, 41.6444428171046], [-87.5597497063787, 41.6446428174557], [-87.5604497058373, 41.6446428174817], [-87.5620497067235, 41.6447428172977], [-87.5630597068082, 41.6446888174929], [-87.564077707653, 41.6446428171707], [-87.5652647077417, 41.644650817188], [-87.5664497083813, 41.6446588168165], [-87.5675947088069, 41.6446668168723], [-87.5686947083379, 41.6446748167978], [-87.5700247091538, 41.6446838169967], [-87.5712487096281, 41.6446928166573], [-87.5725097101641, 41.6447018168011], [-87.5738147100517, 41.6447108165411], [-87.5750817107552, 41.6447198164085], [-87.5782497116261, 41.6447418166142], [-87.5794497116218, 41.6447418160151], [-87.5838507130074, 41.6447418163926], [-87.5863507137125, 41.6447418161037], [-87.5881387144825, 41.6446638155999], [-87.5909507150853, 41.6445418152041], [-87.5976507175755, 41.6446418149725], [-87.6032507193265, 41.6446418145761], [-87.60575071986, 41.6446418145523], [-87.606150719525, 41.6446418148654], [-87.6073527195465, 41.6446418146881], [-87.6084507210089, 41.644641814206], [-87.6097507204644, 41.6445418141661], [-87.6111517213902, 41.6445418149082], [-87.6121517209724, 41.6445418142566], [-87.6142517218484, 41.6444418143167], [-87.61675172257, 41.6444418144808], [-87.6167517224443, 41.6456418139437], [-87.6165517232621, 41.6465418149566], [-87.6168517232387, 41.6469418146863], [-87.6167517227692, 41.6478418151709], [-87.6165517228669, 41.64864181466], [-87.6166517229664, 41.649741815308], [-87.6205517248209, 41.650041814682], [-87.6204307246111, 41.6502228150479], [-87.6203517248387, 41.6503418148244], [-87.6203107242645, 41.6504228149115], [-87.6202517249303, 41.6505418153315], [-87.6197677244174, 41.6517178149624], [-87.6195517250507, 41.6522418150692], [-87.6176197248267, 41.6590258163376], [-87.6183277244508, 41.6590318165403], [-87.6189517254009, 41.6590418165078], [-87.6193517254756, 41.6591418161418], [-87.6198517254689, 41.6611418172122], [-87.6217517258582, 41.6617418167985], [-87.6246517272714, 41.6613418167584], [-87.624998727053, 41.6611098161532], [-87.6250517272466, 41.6610738162703], [-87.6279517276488, 41.659341815918], [-87.6308517288716, 41.657541815528], [-87.6313517286219, 41.6574418152315], [-87.6315807282591, 41.6574418153327], [-87.6351367294242, 41.6574418156347], [-87.6366687300838, 41.6574418152661], [-87.6412527312934, 41.6574418147477], [-87.6468527329514, 41.6570418148072], [-87.6467527331353, 41.6577418149126], [-87.646852733675, 41.658241815292], [-87.6467527328214, 41.660541815002], [-87.6468527340053, 41.6631418157344], [-87.6463527333694, 41.6631418157142], [-87.6451527330698, 41.6631418156211], [-87.6438527326771, 41.6631418163111], [-87.6426527324519, 41.6631418162247], [-87.6413527321535, 41.6631418156465], [-87.6415527317216, 41.6651418161907], [-87.6415527321138, 41.6668418167585], [-87.6416527320908, 41.6680418172627], [-87.6415527324329, 41.6686418168171], [-87.6416527326634, 41.6704418176286], [-87.6429527333648, 41.6704418168524], [-87.6441527334889, 41.6704418167241], [-87.6453527336479, 41.6704418166707], [-87.6466527344539, 41.6704418172574], [-87.6477527340703, 41.6704418167885], [-87.6489527343335, 41.6704418169598], [-87.6501527358321, 41.6704418172131], [-87.6514527356034, 41.6704418166166], [-87.6526527359748, 41.6704418168687], [-87.6539537368426, 41.6703418164304], [-87.6545857371017, 41.6703418166747], [-87.6551537366309, 41.6703418166713], [-87.6563537376637, 41.6703418160938], [-87.657653738011, 41.6703418164797], [-87.6582017377274, 41.6703418161871], [-87.6586537381282, 41.6703418161187], [-87.6595537377719, 41.6703418160043], [-87.661353738314, 41.6703418162467], [-87.6612537381181, 41.6721418166135], [-87.6613537391795, 41.6738418163404], [-87.661453738833, 41.6757418171151], [-87.661353739244, 41.6776418175728], [-87.6619537396961, 41.6775418173144], [-87.6626537395651, 41.677541817564], [-87.6638537400172, 41.6774418173183], [-87.6649537398507, 41.6773418172634], [-87.6661537403067, 41.6775418169868], [-87.6664537404539, 41.677541816814], [-87.667047740702, 41.676098816617], [-87.6671537413955, 41.6758418163734], [-87.6685537416189, 41.6761408170994], [-87.6678537408156, 41.6774408174418], [-87.6686537415931, 41.677440817212], [-87.6703537421909, 41.6773408170015], [-87.6710537424319, 41.6773408165034], [-87.6715537427804, 41.6773408163679], [-87.6718537424525, 41.6774408164104], [-87.6721537424803, 41.6773408167508], [-87.6732537425639, 41.6773408163732], [-87.6736537423746, 41.6773408170619], [-87.6750537435453, 41.6774408165398], [-87.6768537434594, 41.6773408165812], [-87.6788547443576, 41.6773408166809], [-87.6807547443809, 41.6773408162444], [-87.6819547452611, 41.6773408159474], [-87.6832547454873, 41.6772408160228], [-87.6843547459102, 41.6773408164711], [-87.6856547460978, 41.6772408164021], [-87.6864547471409, 41.6772408155991], [-87.6860547464792, 41.6781408156952], [-87.6855547468916, 41.679140816006], [-87.6856547464887, 41.6799408161094], [-87.6857547465457, 41.6809408166898], [-87.6856547472249, 41.6818408165867], [-87.6857547472275, 41.6827408169935], [-87.6857547467246, 41.6836408173813], [-87.6857547472636, 41.6845408176354], [-87.6860547476311, 41.6845408176639], [-87.6870547472756, 41.684540817196], [-87.6883547473207, 41.6845408173568], [-87.6895447486786, 41.6845638169455], [-87.6908347486991, 41.6845468168416], [-87.6955547504579, 41.684340816515], [-87.695654750888, 41.6881408169045], [-87.6960547509985, 41.6882408169342], [-87.6965547507523, 41.6882408170871], [-87.6971547511815, 41.6882408176442], [-87.698354750876, 41.688240817457], [-87.6994547514175, 41.6881408170725], [-87.6993547515535, 41.6874408170322], [-87.6992547507301, 41.6866408170044], [-87.6993547517806, 41.6862408165935], [-87.7005547515974, 41.6862408167885], [-87.7005547512627, 41.6856408169073], [-87.7004547518586, 41.6843408166004], [-87.7017407522476, 41.6842898162298], [-87.7029547520946, 41.6842408159576], [-87.7053557526047, 41.6842408159251], [-87.7053437525574, 41.683258815745], [-87.7053077521238, 41.6829628159935], [-87.7053437524518, 41.6823708159605], [-87.7052547523483, 41.6813408153791], [-87.7053547521029, 41.6807408157534], [-87.7076557537556, 41.6805408154033], [-87.7101557542174, 41.6805408153199], [-87.7113067543822, 41.6805038147041], [-87.711255754269, 41.6814408153694], [-87.7117557543952, 41.6814408150351], [-87.7118557544849, 41.6819408152504], [-87.7112557548176, 41.6820408158306], [-87.7112557538698, 41.6823408155812], [-87.7112497541691, 41.6832318154673], [-87.7112547545777, 41.6841378155413], [-87.7127407552469, 41.6841378153533], [-87.7151557560683, 41.6841408158536], [-87.7175557566096, 41.684140815744], [-87.71915575664, 41.6841408157345], [-87.7201557568415, 41.684140815334], [-87.7212557574494, 41.6841408148388], [-87.7223557580727, 41.6841408155192], [-87.7237557586959, 41.6841408153163], [-87.7245227589114, 41.6841378148239], [-87.7248507581746, 41.6841158153547], [-87.726240759288, 41.6840468146893], [-87.7283557598063, 41.6839408145876], [-87.7296687596913, 41.6838878150998], [-87.7308557605314, 41.6838408146236], [-87.7374567623471, 41.6838408141334], [-87.7379677619045, 41.6838168140836], [-87.7395567631964, 41.6837408137773], [-87.7397537639096, 41.6910258157274], [-87.7386467634106, 41.6910068149946], [-87.7373467633395, 41.6911068152754], [-87.7349567621094, 41.6911058155143], [-87.7299507610722, 41.6911068158296], [-87.7258927592261, 41.6912958158592], [-87.7256557597898, 41.6913058157808], [-87.7247527590235, 41.6913058166565], [-87.7247527598561, 41.6914408166022], [-87.7242557596946, 41.691440816346], [-87.7203557585446, 41.6915408161492], [-87.7203557584426, 41.6932408166149], [-87.7203557585199, 41.6950408172007], [-87.7204557588896, 41.6961408170087], [-87.7205557592913, 41.6986408181698], [-87.7205557582866, 41.699540817692], [-87.7204557586914, 41.7005408182595], [-87.7205557591186, 41.701440818641], [-87.720656759372, 41.7023408187278], [-87.7206567591478, 41.7032408185817], [-87.7206567587731, 41.704140818295], [-87.7206567599576, 41.7059408191131], [-87.7208567600068, 41.7078408189511], [-87.7208067600485, 41.7087378197368], [-87.7207567604733, 41.7096408195194], [-87.7209567602488, 41.7114408203551], [-87.720956760275, 41.7123408197027], [-87.7209567601422, 41.71324081981], [-87.7197567593932, 41.7133408206632], [-87.7185567597784, 41.7133408203915], [-87.7173567595252, 41.7134408204832], [-87.7160567591932, 41.7134408207497], [-87.7148567590162, 41.713440820547], [-87.7135567575575, 41.7134408204341], [-87.7123557576771, 41.7134408211335], [-87.7121557571622, 41.7115408203671], [-87.7110557571444, 41.7115408204267], [-87.7110557570061, 41.7098408202749], [-87.7110557574388, 41.7077968201787], [-87.711055757134, 41.7061408199704], [-87.709955756671, 41.7060408200293], [-87.7086557562759, 41.7062408195078], [-87.7073557550838, 41.7061408201798], [-87.7061557552719, 41.7062408197347], [-87.7049557546951, 41.7062408198628], [-87.7037557541353, 41.7061408196761], [-87.702555753636, 41.7062408203391], [-87.7012557543673, 41.7063408203131], [-87.7011557535364, 41.707140820641], [-87.6983557531961, 41.7072408203718], [-87.6971557522503, 41.7072408209462], [-87.6962557527739, 41.7072408203627], [-87.6936557521002, 41.7072408206839], [-87.6913557505625, 41.7071408210997], [-87.6915557510492, 41.7081408206198], [-87.6914557509089, 41.7091408208071], [-87.6914557507187, 41.71004082172], [-87.6915557513694, 41.7109408218949], [-87.6916557510487, 41.7118408218417], [-87.6916557519826, 41.7127408214455], [-87.6915557521838, 41.7135408222571], [-87.6903557515366, 41.7136408221043], [-87.6891557508041, 41.7137408220166], [-87.6878557508003, 41.7136408217193], [-87.6866557500574, 41.7136408223076], [-87.6858557495871, 41.7136408220401], [-87.684355749039, 41.7136408221713], [-87.6830547494817, 41.7136408224606], [-87.6817547485257, 41.713640822685], [-87.6818547487622, 41.7155408225018], [-87.681855748945, 41.7174408231209], [-87.6819557489635, 41.7191408231911], [-87.6820557498054, 41.7209408236741], [-87.6821067498465, 41.7213958237956], [-87.6821557495966, 41.7218408238622], [-87.6821557499768, 41.7224558243468], [-87.682155749572, 41.7227408244142], [-87.6821557500481, 41.724518824665], [-87.6821557499463, 41.7253408243265], [-87.6823557510306, 41.7284408252457], [-87.6823557504244, 41.7301408251418], [-87.6824557512383, 41.7309408255633], [-87.6824557511755, 41.7315328252693], [-87.6824557516154, 41.7356408258709], [-87.6873557529821, 41.7355408259127], [-87.6875557531292, 41.7355408255667], [-87.688155752359, 41.7355408260345], [-87.6888557534791, 41.7355408260827], [-87.6896557528887, 41.7355408256641], [-87.6899557528353, 41.7354408259085], [-87.6911557534671, 41.7355408255183], [-87.6923557544479, 41.7355408253501], [-87.6935557550011, 41.7354408253914], [-87.6949557552501, 41.7354408256362], [-87.6960557551371, 41.7354408254352], [-87.6973557561313, 41.7354408252133], [-87.6983557558488, 41.735140825171], [-87.6998567559596, 41.7353408256382], [-87.700956756666, 41.7353408253353], [-87.702156757171, 41.7354408253142], [-87.7070977579931, 41.7352868250061], [-87.711756759842, 41.7351408244818], [-87.7120567601627, 41.7351408244919], [-87.7142567601701, 41.7351408246276], [-87.7166567617231, 41.7351408243769], [-87.7190567618366, 41.7350408244826], [-87.721056762431, 41.735040824324], [-87.721556762293, 41.7350408242452], [-87.7224567628818, 41.7351408243172], [-87.722856762919, 41.7349408236533], [-87.7238567635383, 41.734940823663], [-87.7250567638252, 41.7349408240683], [-87.7256417637687, 41.7349408239748], [-87.7263567639809, 41.7349408234184], [-87.7267567642078, 41.734840823503], [-87.7274567643344, 41.7348408233487], [-87.7286577649799, 41.7349408237761], [-87.7298577651051, 41.7348408236074], [-87.7311577656791, 41.7349408235095], [-87.7315577657162, 41.7348408230749], [-87.732357765596, 41.734840823334], [-87.733657766339, 41.734840822909], [-87.7347577670483, 41.7347408231502], [-87.7358577664105, 41.7347398233111], [-87.7364577672437, 41.7347398227344], [-87.7372577676449, 41.7345398231509], [-87.7383577678514, 41.7346398230646], [-87.7395577674298, 41.7347398232397], [-87.7411577685792, 41.7347398229321], [-87.7410327685169, 41.7354478228559], [-87.7408577678445, 41.7364398235109], [-87.7408577686532, 41.7373398229599], [-87.7409577688896, 41.7383398236588], [-87.7409577689495, 41.7387398232991], [-87.7410577693392, 41.7391398234065], [-87.7410577684221, 41.7401398241146], [-87.7410577689559, 41.7420398242754], [-87.7411037690025, 41.7437578245583], [-87.7411577696048, 41.7457398251589], [-87.7413577693266, 41.749339825031], [-87.7414577698489, 41.749739824984], [-87.7414527699058, 41.7509168256571], [-87.7414577705878, 41.7513398256492], [-87.7414527703156, 41.751729825319], [-87.7414527704611, 41.7521168255031], [-87.7414857701285, 41.7525998257405], [-87.7414637699693, 41.7528908257318], [-87.7414577707172, 41.7531398260902], [-87.7414577704043, 41.7535398256102], [-87.7415577707859, 41.7543398264626], [-87.741657770125, 41.7546398262695], [-87.7415587709199, 41.7570398266187], [-87.7415587706801, 41.7593398266709], [-87.7415587704131, 41.7600398270915], [-87.7419587709268, 41.7620398278955], [-87.7419587712101, 41.7625398272061], [-87.7419937715237, 41.7641108274032], [-87.7420587720423, 41.7670398286325], [-87.7420587714457, 41.7673398286819], [-87.7421587721576, 41.7676398283162], [-87.7421587718155, 41.7682398283427], [-87.7421587718764, 41.7687398289193], [-87.7421587727275, 41.7712398293561], [-87.7422587719845, 41.7726398294681], [-87.7422587728251, 41.7730398294535], [-87.7421587721584, 41.7748398299512], [-87.7434587735779, 41.7748398295549], [-87.7446587730315, 41.7749398298868], [-87.7459587736203, 41.7748398298169], [-87.7470587741664, 41.7748398293017], [-87.7474587744802, 41.7747398294165], [-87.7490587750269, 41.7747398293351], [-87.7519587750393, 41.7746398290101], [-87.7529587762793, 41.7747398288508], [-87.7544587761701, 41.7746398288615], [-87.7556597767942, 41.7746398289717], [-87.7568597767398, 41.7746398286116], [-87.7592597771834, 41.7745398287799], [-87.761659778355, 41.7745398285513], [-87.7637597789729, 41.7744398279498], [-87.7641597785683, 41.7744398286263], [-87.7662597801373, 41.7744398284784], [-87.7665597799006, 41.774539828006], [-87.7689597800507, 41.7744398280787], [-87.7714597810386, 41.7743398277362], [-87.7739597815922, 41.7742398278968], [-87.7763597830999, 41.7742398275713], [-87.7788597831324, 41.7742398275918], [-87.7812597836335, 41.7741398272592], [-87.7836597841524, 41.7741398274774], [-87.7840597848826, 41.7740398270123], [-87.7861607857416, 41.7740398270765], [-87.7885607858142, 41.7739398272478], [-87.7910607864364, 41.7740398267419], [-87.7934607872861, 41.7740398265818], [-87.7946607877508, 41.7740398266072], [-87.7959607887646, 41.7739398268917], [-87.7985607888533, 41.7738398259301], [-87.7998767898595, 41.7736678266344], [-87.8008607895024, 41.7735398259355], [-87.8009607895695, 41.7748408264301], [-87.8010607896357, 41.775639826337], [-87.80106079052, 41.775939826294], [-87.8012607902866, 41.7765398270096], [-87.8012607907504, 41.7774398266866], [-87.8010607898398, 41.7783398271534], [-87.8011607900089, 41.779240827322], [-87.8012607904001, 41.7800398273589], [-87.8011607911063, 41.7809398269985], [-87.8012607901648, 41.7818398272771], [-87.8012607910463, 41.7827398279308], [-87.8013607904306, 41.7836398278483], [-87.8012607908806, 41.7846398280404], [-87.801360790528, 41.7855398285669], [-87.8013607908512, 41.7865398287427], [-87.8014607910412, 41.7873398288094], [-87.801460791425, 41.7883398286755], [-87.8015607910491, 41.7901398288628], [-87.8015617912064, 41.791939829373], [-87.8015617923331, 41.793539829247], [-87.801561792242, 41.7939398300448], [-87.8016617917517, 41.7943398299819], [-87.8016617920279, 41.7956398302727], [-87.801761792328, 41.7965398296659], [-87.8017637927625, 41.7975218300666], [-87.7972407917073, 41.7994058310213], [-87.7968617910105, 41.799539830945], [-87.7965617907903, 41.7995398305157], [-87.7955617908552, 41.7995398309326], [-87.7943607905865, 41.7994398306927], [-87.7930607901022, 41.7994398311881], [-87.7918607892086, 41.799539830839], [-87.7906607896323, 41.7995398316062], [-87.7894607888869, 41.7995398315365], [-87.7882607890306, 41.7996398313883], [-87.7869607882675, 41.7996398312691], [-87.7857607881459, 41.7996398312625], [-87.784560788051, 41.7996398313249], [-87.7832607876818, 41.7997398314875], [-87.7827917867673, 41.7997398320654], [-87.7826387865345, 41.7997398316058], [-87.7820607869814, 41.7997398315381], [-87.7808607863079, 41.7997398316578], [-87.7796607856613, 41.7997398318464], [-87.7783607854969, 41.7997398316371], [-87.7776607850662, 41.7998398320408], [-87.7771607853543, 41.7998398316453], [-87.7759607853331, 41.7998398318969], [-87.7748607843116, 41.799939832032], [-87.7735607838293, 41.7999398324145], [-87.7723607844382, 41.7999398319729], [-87.7711607838634, 41.7999398324947], [-87.7706607834324, 41.7999398326127], [-87.7699607833238, 41.7999398321851], [-87.7689607824903, 41.799939832403], [-87.7686607829619, 41.7999398329351], [-87.7673607822885, 41.8000398322776], [-87.766360781862, 41.7999398325702], [-87.7652607824572, 41.800039832595], [-87.7650607812722, 41.8000398328893], [-87.7636597814415, 41.8001398326791], [-87.762459780511, 41.8000398325421], [-87.7612597804916, 41.8001398329587], [-87.7601597809197, 41.8000398331663], [-87.7588597796532, 41.8001398335138], [-87.75765977928, 41.8001398334445], [-87.7564597789348, 41.800139833444], [-87.7551597784149, 41.8002398333253], [-87.7539597786703, 41.8002398333186], [-87.7527597787532, 41.8003398331469], [-87.75275977864, 41.802039833426], [-87.7527597789504, 41.8038398338147], [-87.7528597787891, 41.8057398344746], [-87.752859779333, 41.8069398349328], [-87.7528597795139, 41.8075398346178], [-87.7528597794542, 41.8094398347072], [-87.7529897788761, 41.8111528357117], [-87.7531597791551, 41.812839835124], [-87.7531597790891, 41.813439836], [-87.7488597782818, 41.8147398360839], [-87.7486047789541, 41.8148178360183], [-87.7449597769567, 41.8159398366971], [-87.7449597770569, 41.816539836253], [-87.7449597776805, 41.8168398364608], [-87.7450597771561, 41.8171398365177], [-87.744959778268, 41.8175398371808], [-87.7449597780529, 41.8187398367968], [-87.7449597778449, 41.8193398369611], [-87.7450597775885, 41.8203398372744], [-87.7449597784283, 41.8221398372133], [-87.7434597774481, 41.8221398375532], [-87.7412597765495, 41.8222398373983], [-87.7386597765542, 41.8221398375611], [-87.7385597766513, 41.8225398376411], [-87.7386597758085, 41.8226398379418], [-87.7392597766464, 41.8295398390278], [-87.7389607779502, 41.832339839389], [-87.7388607774501, 41.8329398400583], [-87.7386607780048, 41.8342398401025], [-87.7386607777648, 41.8364398408307], [-87.738660777513, 41.8369188402291], [-87.7386607781356, 41.8369398408818], [-87.7387617786187, 41.8404388413059], [-87.7388197786591, 41.8424308415809], [-87.7388607787763, 41.843839841579], [-87.738960778198, 41.8453398422182], [-87.7390607789383, 41.8460398418567], [-87.7392607789893, 41.8490398421038], [-87.7393607790699, 41.8504398431006], [-87.739360779382, 41.851539843208], [-87.7394607790669, 41.8521398429176], [-87.7394797789552, 41.8523488432754], [-87.7395607792248, 41.8532398429331], [-87.7396607799624, 41.8541398432427], [-87.7396607802842, 41.8544398432676], [-87.7396607795776, 41.8549398435682], [-87.7396637795877, 41.8550368435101], [-87.739760780321, 41.858639843827], [-87.7398317802648, 41.8595638441537], [-87.7398607806281, 41.859939844291], [-87.7397607809289, 41.8604398441405], [-87.7397607807043, 41.8620398447452], [-87.739760780202, 41.8623438445917], [-87.7397607808354, 41.86323984491], [-87.7395607812113, 41.8634398446756], [-87.7397187805156, 41.8641038449224], [-87.7398607811362, 41.8650398455835], [-87.739860780544, 41.8651408453851], [-87.7398607812428, 41.8656398453872], [-87.7398607806654, 41.8659398457127], [-87.742261781183, 41.8658398448925], [-87.7446617827522, 41.8659398453992], [-87.7458617828936, 41.8658398446711], [-87.7470617829262, 41.8657398449016], [-87.748361783025, 41.8658398449396], [-87.749561784039, 41.8657398451564], [-87.7508617840003, 41.8657398443771], [-87.7520617840746, 41.865739845002], [-87.7531617854798, 41.86573984477], [-87.7544617855272, 41.8657398446541], [-87.7593617869926, 41.8656398444059], [-87.7619617869985, 41.8656398439407], [-87.7629617875793, 41.8656388444286], [-87.7642617882391, 41.8656388441174], [-87.7654617887914, 41.8655388438098], [-87.7667617886879, 41.8655388440028], [-87.7678617893735, 41.8655388434105], [-87.7691617893312, 41.8655388434458], [-87.7704627902441, 41.8655388435743], [-87.7716627906328, 41.8655388437551], [-87.7728627911977, 41.8654388435231], [-87.7741627909875, 41.8653388431811], [-87.774062791647, 41.8672388441336], [-87.7741627914512, 41.8691388441335], [-87.7742627913567, 41.8703388442868], [-87.774262791185, 41.8706388445719], [-87.774262791269, 41.8711388447141], [-87.7743627923364, 41.8726388445593], [-87.7743627918586, 41.8730528445313], [-87.7743627924398, 41.8746388450792], [-87.7743517923927, 41.8750388450403], [-87.7743627926731, 41.8764388452258], [-87.7743627925155, 41.8776388459109], [-87.7744627925129, 41.8782388453079], [-87.7745627925901, 41.8800388456503], [-87.774562792782, 41.8820388463175], [-87.7745627935003, 41.8840388462949], [-87.7747237930442, 41.8853588466125], [-87.7747457936501, 41.885628846585], [-87.7748317934979, 41.8870038472124], [-87.7748527937864, 41.8874488471335], [-87.7748317936862, 41.8877198470247], [-87.7748317935875, 41.8880478470491], [-87.7748847933495, 41.8888988469506], [-87.77486379404, 41.8891698476835], [-87.7748847938614, 41.8900788475721], [-87.7749167943551, 41.8905228473394], [-87.7749167940896, 41.8909488475889], [-87.7749627937796, 41.8918388481971], [-87.7750027942401, 41.8928238478096], [-87.775062794414, 41.893238848415], [-87.7750787941897, 41.8937518478867], [-87.7751107944243, 41.8947378481408], [-87.7751117948225, 41.8954528488806], [-87.7751437939897, 41.896322848927], [-87.7751977943525, 41.8972128487963], [-87.7752637951272, 41.8983388491519], [-87.7752637952875, 41.9001388491472], [-87.7752637954569, 41.902038849334], [-87.7752637951433, 41.9037388501539], [-87.7753637954957, 41.9039388495573], [-87.7752637953516, 41.9056388500572], [-87.7753717949899, 41.9059738500267], [-87.7754637955156, 41.9074388508285], [-87.7755637964037, 41.9092388511972], [-87.776363796575, 41.9092388511441], [-87.7768457961917, 41.9092518507359], [-87.7776637965439, 41.9093388511655], [-87.7780637960781, 41.9092388506394], [-87.778863796253, 41.9091388505402], [-87.7794637972872, 41.9091388506634], [-87.779963796954, 41.9091388501659], [-87.7806637969686, 41.9091388504956], [-87.7815637973469, 41.9091388506957], [-87.7820637982396, 41.9091388500628], [-87.7831637977929, 41.9091388505384], [-87.7846637981065, 41.9091388500053], [-87.7850637988384, 41.9091388500381], [-87.7859637992919, 41.9091388499631], [-87.7865637992008, 41.9091388498936], [-87.7871637993779, 41.9090388505402], [-87.7881637996988, 41.9090388505366], [-87.7886638002041, 41.9089388502159], [-87.7897638002525, 41.9090388502425], [-87.7901637996004, 41.9089388498494], [-87.7910638009393, 41.9089388503155], [-87.791463800475, 41.9089388496538], [-87.7922648004057, 41.9090388495284], [-87.7926648006868, 41.9089388494259], [-87.7934648009739, 41.9089388499655], [-87.7938648010743, 41.9090388497105], [-87.7946648008359, 41.9089388493247], [-87.7950648015781, 41.9088388498601], [-87.7959648020276, 41.9090388492587], [-87.7966648021566, 41.9088388497338], [-87.7971648017216, 41.9089388497311], [-87.7981648018658, 41.9089388499575], [-87.7985648026539, 41.9089388497737], [-87.7996648027229, 41.9089388497263], [-87.800364803372, 41.9088388490174], [-87.8012648035706, 41.9090388492072], [-87.8020648039356, 41.9089388494724], [-87.8026648035286, 41.9088388492128], [-87.8037648040373, 41.9087388488158], [-87.8042648044146, 41.9087388487375], [-87.8058648051645, 41.9088388489492], [-87.805764804522, 41.9107388498055], [-87.8058648051858, 41.9125388498591], [-87.8059648049172, 41.9143388501665], [-87.8060648049218, 41.9161388507332], [-87.8060648057132, 41.9179388506894], [-87.8059648060384, 41.9199388510175], [-87.8061648058947, 41.9210388510203], [-87.8062648059653, 41.9220388511086], [-87.8061648065993, 41.9222388512379], [-87.8062648059406, 41.923238851117], [-87.8061648058679, 41.9234388511993], [-87.8062648068837, 41.9244388517805], [-87.8063648069155, 41.9251388517853], [-87.8063648071656, 41.9261388521757], [-87.8063658069693, 41.9269388517288], [-87.8064658069008, 41.9276388522479], [-87.8064658071421, 41.9288388528978], [-87.8064658065744, 41.9293388527917], [-87.8064648068132, 41.9306868529242], [-87.8064658075957, 41.9326388530077], [-87.8065658068933, 41.9343388535287], [-87.8078658080909, 41.934438853031], [-87.8090658086781, 41.934438853681], [-87.8102658080914, 41.9344388534877], [-87.8114658088422, 41.9343388531067], [-87.812765809362, 41.9344388529531], [-87.8140658096763, 41.9343388528675], [-87.8152658097305, 41.9343388526351], [-87.8164658105368, 41.9342388531024], [-87.8164658103637, 41.9360388531339], [-87.8165658113328, 41.9378388534601], [-87.8177658107349, 41.9378388532767], [-87.8189658118686, 41.9377388529532], [-87.8202658121545, 41.9377388532258], [-87.8214658117269, 41.937737852811], [-87.8227658126358, 41.9376378533712], [-87.8239658132191, 41.9376378532109], [-87.8250658136786, 41.9376378525495], [-87.8262668139467, 41.9376378525719], [-87.8274668138734, 41.9375378525021], [-87.8287668142243, 41.9376378530803], [-87.8300668151235, 41.9375378528859], [-87.8312668151829, 41.9375378529401], [-87.8324668152729, 41.9375378521566], [-87.8337668153871, 41.9375378526099], [-87.8348668157436, 41.9376378519187], [-87.8361668168886, 41.9375378519712], [-87.8441668191648, 41.9373378516171], [-87.8466668193201, 41.9373378512885], [-87.8495668205838, 41.9372378517699], [-87.8515668208243, 41.9387378512324], [-87.8533868225094, 41.9431008522076], [-87.8545678230049, 41.9459378525254], [-87.8549678230955, 41.9470378527633], [-87.8552678230913, 41.9488378534172], [-87.8540678228069, 41.9513378532714], [-87.8477678211338, 41.9516378538886], [-87.8476678219405, 41.9526378541729], [-87.847867822098, 41.9556378547332], [-87.8517678233962, 41.955537854469], [-87.8522358232982, 41.9555378546745], [-87.8522678228537, 41.9555218547962], [-87.8525678232445, 41.9555378543715], [-87.8527678229064, 41.9555378543752], [-87.8528998237173, 41.9555138547412], [-87.8530488236169, 41.955527854386], [-87.8580278249194, 41.9553458541048], [-87.8582678246064, 41.9553378539995], [-87.8591678252698, 41.9572378543545], [-87.8586758254197, 41.9580578546318], [-87.8577588254559, 41.9595868548719], [-87.8564678248959, 41.9617378553681], [-87.8557678250344, 41.9645378553704], [-87.8549678251806, 41.9661378563059], [-87.8543688248118, 41.9715378571067], [-87.8558688253019, 41.9725378573758], [-87.8593688263364, 41.9713378571116], [-87.8603358267124, 41.9721368567192], [-87.8616688276855, 41.9732378573517], [-87.8621688282256, 41.973137857162], [-87.863568827797, 41.9731378565249], [-87.865053828311, 41.9731378569393], [-87.8652688280851, 41.9731378567885], [-87.8664628284926, 41.9731378568213], [-87.866668828923, 41.9731378570652], [-87.8672688294213, 41.9730378566552], [-87.868268829, 41.9730378568589], [-87.8687688294025, 41.9730378563976], [-87.8693688304419, 41.9731388563387], [-87.8707898304909, 41.9730918561691], [-87.8724698302538, 41.9730378564706], [-87.8751318312583, 41.9730878562267], [-87.8763278322641, 41.9731118562787], [-87.8770738322677, 41.9731278557666], [-87.8776678324049, 41.9731378560321], [-87.8781698329775, 41.9730378561847], [-87.8808698331697, 41.9730378556834], [-87.8808698334799, 41.9723378559624], [-87.8808128330568, 41.9655738548007], [-87.8823168324532, 41.9655618546576], [-87.8854418343901, 41.9654578539613], [-87.8854418339593, 41.9653168539198], [-87.8808068326156, 41.9653798547112], [-87.8808048320198, 41.9653098541469], [-87.8807688313712, 41.960237853982], [-87.8806688318495, 41.9584378534737], [-87.880568831589, 41.9572378530758], [-87.8833688322842, 41.9568378526441], [-87.8849688330725, 41.9574378529388], [-87.8870128332751, 41.9577058530163], [-87.8889168339385, 41.9579418523545], [-87.8896688337109, 41.9580378524988], [-87.8907688350626, 41.9580378529131], [-87.8929698353713, 41.9580378529592], [-87.8928688350892, 41.9545378515681], [-87.8926688351247, 41.9521378516418], [-87.8927688339339, 41.9504378511922], [-87.895168835438, 41.9504378511069], [-87.897368836321, 41.9505378511077], [-87.9016698368047, 41.9502378506701], [-87.903869837997, 41.9506378507168], [-87.9085698397354, 41.9516368504824], [-87.9117698402309, 41.9527368504627], [-87.9121698408181, 41.9518368508968], [-87.9144698408817, 41.9526368502481], [-87.9145698414335, 41.9539368506433], [-87.914469841478, 41.9571368511733], [-87.9150698412943, 41.9573368508037], [-87.9159698423207, 41.9572368514974], [-87.9172088427546, 41.9575028515567], [-87.9202868430763, 41.9581598509723], [-87.9203891543333, 41.9581689567383], [-87.9206758475654, 41.9940388571711], [-87.9389948528476, 41.993436855597]]], [[[-87.8417678218826, 41.9745378585232], [-87.8417678217778, 41.9736378583563], [-87.8410678219111, 41.9737378584894], [-87.8385678214132, 41.973737858767], [-87.8381678205262, 41.9737378583292], [-87.8380678210322, 41.9714378575437], [-87.8368678200977, 41.9713378580213], [-87.8368678203343, 41.9708378579093], [-87.836767820521, 41.9701378580718], [-87.8379678197867, 41.9700378574674], [-87.8385678207812, 41.9700378572588], [-87.8392678207382, 41.9700378575485], [-87.8404678215489, 41.9700378575075], [-87.8412678216049, 41.9699378574231], [-87.841667821176, 41.9700378575224], [-87.8415678220611, 41.9715378574098], [-87.8415678216563, 41.9719248579788], [-87.8455678221712, 41.9719378573454], [-87.8466678232153, 41.9719438572016], [-87.8466678226836, 41.9714378572598], [-87.8465678225668, 41.9699378575862], [-87.8465678229912, 41.969137857247], [-87.8465678221772, 41.9681378573364], [-87.8466678229402, 41.9663378564168], [-87.8454678221697, 41.9664378562723], [-87.8441678218937, 41.9664378571538], [-87.842867821654, 41.966437856819], [-87.8417678210993, 41.9665378571139], [-87.8409678204212, 41.9664378567859], [-87.8405678208061, 41.9665378573089], [-87.8397678200355, 41.9666378571156], [-87.8392678198172, 41.9665378567172], [-87.8385648205007, 41.9665378570463], [-87.8380678195727, 41.9665378568896], [-87.836767819839, 41.9665378568036], [-87.8367678200057, 41.9652378573204], [-87.8367968197123, 41.9646948571469], [-87.8368678193213, 41.9633378564063], [-87.8368678188565, 41.9630378570057], [-87.8367678186255, 41.961537856763], [-87.8368678194675, 41.9610378561169], [-87.8367678192428, 41.9608378561265], [-87.8368328184058, 41.9598638558287], [-87.8368678189011, 41.9593378559365], [-87.8326668178157, 41.9594378561521], [-87.8326468181093, 41.9593338562338], [-87.8319668174353, 41.9557378558652], [-87.8317668170093, 41.9539378549846], [-87.831766816287, 41.9522378546527], [-87.8306668167713, 41.95223785533], [-87.8293668160969, 41.9521378554908], [-87.8280668161315, 41.9521378553196], [-87.8269668157125, 41.9522378556304], [-87.8268798149947, 41.9522398550718], [-87.822766813814, 41.952337855116], [-87.8220668135717, 41.9523378552524], [-87.8207668129841, 41.9524378561034], [-87.8195668132895, 41.9523378558849], [-87.8183668132922, 41.952337855687], [-87.8171668121892, 41.9524378554997], [-87.8159668115628, 41.9524378563204], [-87.8147668121155, 41.9525378562559], [-87.8134658117036, 41.9525378563849], [-87.8122658104905, 41.9525378563299], [-87.8109658102854, 41.9525388563456], [-87.8097658103114, 41.9525388562745], [-87.808457809755, 41.9525998561924], [-87.8071898093881, 41.9526408561699], [-87.8071658095591, 41.9537388564394], [-87.8012658084288, 41.9565398572218], [-87.8001668075956, 41.9571398574004], [-87.7988658074812, 41.9577388581755], [-87.7976498077789, 41.9583938578245], [-87.796565806571, 41.9589388577936], [-87.7951958069152, 41.959605858049], [-87.7941208065748, 41.9600778583027], [-87.7919698061862, 41.9600988583655], [-87.7911888050732, 41.9601088589426], [-87.7903978049918, 41.9601198585077], [-87.7891848044672, 41.9601198589701], [-87.7879718047231, 41.9601398591779], [-87.7867308041351, 41.9601398591598], [-87.786765804174, 41.9618388592429], [-87.7869658044731, 41.9630388589896], [-87.7866658047887, 41.9644388600825], [-87.7866658043994, 41.9663388602158], [-87.7867658049082, 41.9672388605301], [-87.7867658048228, 41.9683388601052], [-87.787965805238, 41.9684388601657], [-87.7879658051961, 41.9688388604519], [-87.7891658053799, 41.9688388600566], [-87.7903658055812, 41.9688388606225], [-87.7916658067, 41.9687388599134], [-87.7928658074908, 41.9687388604563], [-87.7939658066346, 41.9687388603558], [-87.7951658074796, 41.9687388602651], [-87.7964658076231, 41.9687388597378], [-87.7975658080455, 41.9687388593602], [-87.7988658082376, 41.968738859565], [-87.8000658091852, 41.9687388595727], [-87.8013668095619, 41.9687388595097], [-87.8025668092142, 41.9687378592109], [-87.8025668096746, 41.9682378591633], [-87.8036668100317, 41.9682378597372], [-87.8040068100279, 41.9682148596529], [-87.8048968107127, 41.9682148595742], [-87.8059798109028, 41.9682258590021], [-87.8070668112467, 41.9681378590511], [-87.8070668113163, 41.9689378590064], [-87.8071668116528, 41.9700378596429], [-87.8070668113671, 41.970837859243], [-87.806966811585, 41.9717378600471], [-87.8070668111903, 41.9726378601682], [-87.8069668119606, 41.9735378597907], [-87.8071668112302, 41.9745378601844], [-87.8082668124215, 41.974437860464], [-87.8094668119582, 41.9744378604481], [-87.8106668123108, 41.9743378600346], [-87.8120668128577, 41.9743378599907], [-87.8131668133992, 41.9743378596832], [-87.8144668143908, 41.9743378598098], [-87.8156668135911, 41.974237859331], [-87.8168668150844, 41.9741378598177], [-87.8168668146534, 41.9735378596251], [-87.8168668148994, 41.9733378595488], [-87.8169668143828, 41.9724378592229], [-87.8168668144107, 41.9715378594381], [-87.8169668140694, 41.9709378586334], [-87.8169668137591, 41.9705378591895], [-87.8183668147716, 41.9703378585671], [-87.8185578146153, 41.9703378589409], [-87.8185218145738, 41.970719858745], [-87.8187668148535, 41.9707058585925], [-87.8187668149436, 41.9728378591481], [-87.8187648147525, 41.9732308593199], [-87.8193668157513, 41.9732308595237], [-87.8193668153123, 41.9734378596728], [-87.8193668146462, 41.9741378594776], [-87.8218668155158, 41.9741378596191], [-87.8237668169756, 41.9741378591147], [-87.8247678168263, 41.9740378595828], [-87.8257678168181, 41.9741378586876], [-87.8268678173555, 41.9740378589442], [-87.8268678175893, 41.9735378591485], [-87.8268678177917, 41.9730378584089], [-87.8320678185819, 41.9729378587708], [-87.831867818418, 41.9738378587906], [-87.832467819572, 41.9739378585974], [-87.8332678189542, 41.9739378590798], [-87.8331678189492, 41.9747378587129], [-87.83376781937, 41.9747378584263], [-87.83366781969, 41.975037858668], [-87.8336678192518, 41.9754378588078], [-87.8367678204484, 41.9753378588304], [-87.8366678202007, 41.9749378582381], [-87.8367678198938, 41.9745378584626], [-87.8417678218826, 41.9745378585232]]], [[[-87.6958547514664, 41.6926408182188], [-87.695754750826, 41.6917408179982], [-87.6909637497108, 41.6917458178813], [-87.6910457491731, 41.6936108182359], [-87.6910857492245, 41.695443819061], [-87.6911677502401, 41.6973388193944], [-87.6911547501242, 41.699040819757], [-87.6960557515607, 41.6990408192696], [-87.695998751618, 41.6972288188968], [-87.6959387514209, 41.6953238182248], [-87.6958547514664, 41.6926408182188]]], [[[-87.8242588172295, 41.9784748598915], [-87.8242378171911, 41.9788228599585], [-87.8242158170918, 41.979442860145], [-87.8241408178146, 41.98052686066], [-87.8240228177661, 41.9813588600418], [-87.8239258172393, 41.9821918607942], [-87.8237208178838, 41.9831408610061], [-87.8251678178498, 41.9831378606099], [-87.8255288183463, 41.9831338606887], [-87.8254918174792, 41.9820438606277], [-87.8260678174186, 41.9820378604223], [-87.8282678186273, 41.9820378603277], [-87.8282678186394, 41.983737860774], [-87.8292678197108, 41.9837378605737], [-87.8302678197047, 41.9837338605031], [-87.8312678197973, 41.983713860095], [-87.8321678195315, 41.9837378600532], [-87.8331678206649, 41.9837378600911], [-87.8331678199097, 41.9833378605254], [-87.8337678199994, 41.9832378599755], [-87.8337678207882, 41.9825378602087], [-87.8344678200379, 41.982537860196], [-87.8351678205003, 41.9825378604216], [-87.8352678207872, 41.9811378596336], [-87.8349678200919, 41.9811378595539], [-87.8344678206883, 41.9812378598707], [-87.8344678203217, 41.9808118595371], [-87.8348678207483, 41.9808378599942], [-87.8352678202052, 41.9808378593661], [-87.8352678206099, 41.9804378595904], [-87.8344678206835, 41.9804378594537], [-87.8332678198266, 41.9804178596959], [-87.8294678186571, 41.9804378596714], [-87.8287718185389, 41.9804578601976], [-87.8287678189577, 41.98023785995], [-87.8285318179644, 41.9802378596282], [-87.8285678182329, 41.979437859887], [-87.8281678179357, 41.9794378596826], [-87.8281678180178, 41.9791378602647], [-87.8285678188578, 41.9791378595692], [-87.8285838182029, 41.9788448594092], [-87.8285738187971, 41.9785698595388], [-87.8294678192262, 41.9785378600824], [-87.82996781891, 41.9785378593991], [-87.8299678181639, 41.9780378599638], [-87.8299678181946, 41.9774378591477], [-87.8296678192025, 41.9774378596479], [-87.8295678189945, 41.9771378598087], [-87.8318678197854, 41.977137859275], [-87.8337678199165, 41.977037859438], [-87.8337678195015, 41.9765378589426], [-87.8337678197112, 41.9762378593467], [-87.8318678195826, 41.9761878589754], [-87.8268678171504, 41.9760838591147], [-87.8246438174974, 41.9760348590969], [-87.8245678164508, 41.9763378593928], [-87.8245608168311, 41.9765578597929], [-87.8245388175592, 41.9767318598215], [-87.8243678167234, 41.977337859634], [-87.8243348171971, 41.9777388593675], [-87.824267816716, 41.9780378595019], [-87.8242588172295, 41.9784748598915]]], [[[-87.8364278207416, 41.9801018599316], [-87.8364118210497, 41.9803898598311], [-87.8363678203774, 41.9804378594528], [-87.836767820952, 41.9804378599024], [-87.836767821457, 41.9799378596815], [-87.8363678203919, 41.979937859233], [-87.8364278207416, 41.9801018599316]]]]}, "properties": {"OBJECTID": 100, "STATEFP": "17", "PLACEFP": "14000", "PLACENS": " ", "PLCIDFP": "1714000", "NAME": "Chicago", "NAMELSAD": "Chicago city", "LSAD": "25", "CLASSFP": "C5", "CPI": "Y", "PCICBSA": "Y", "PCINECTA": "N", "MTFCC": "G4110", "UR": "M", "FUNCSTAT": "A", "Area": 270203, "treecanopy": 0, "Shape__Area": 587418123.095581, "Shape__Length": 242181.81110939055}}, {"type": "Feature", "id": 107, "geometry": {"type": "MultiPolygon", "coordinates": [[[[-87.8844698365179, 41.998136860318], [-87.8826698363125, 41.9977368594991], [-87.8810698359659, 41.9973368596002], [-87.879469835155, 41.9969368598967], [-87.8781698349499, 41.9967368604271], [-87.8759698345273, 41.9961378603193], [-87.8744248338169, 41.9955628598174], [-87.873269833118, 41.9956378598343], [-87.8721698332751, 41.995437860012], [-87.8706698320799, 41.9956378604636], [-87.8658698309026, 41.9956378605884], [-87.8655858305944, 41.995643860438], [-87.8614688300422, 41.9957378604343], [-87.8601188291665, 41.9920738602672], [-87.859298829042, 41.9922428600556], [-87.8592688286649, 41.9917378606208], [-87.8583688278502, 41.9907378599198], [-87.8564508275813, 41.9895858595824], [-87.8556688274992, 41.9889378595483], [-87.8557688276295, 41.9879378594304], [-87.8560938275481, 41.9868168596304], [-87.8564618275363, 41.9855508594048], [-87.8566688277009, 41.9848378587939], [-87.8565908268315, 41.9842578594431], [-87.8565688267451, 41.9834378588365], [-87.8566598272464, 41.9806078582146], [-87.8566688274217, 41.9803378581364], [-87.8582688276476, 41.9787378585118], [-87.8601358271803, 41.97687185776], [-87.8627688283831, 41.9769378570695], [-87.8623688281247, 41.974037857238], [-87.8637688278562, 41.9739378572281], [-87.8647518282758, 41.9739378572659], [-87.8650688290195, 41.97393785692], [-87.8664628292375, 41.9739378568583], [-87.8666688286265, 41.9739378571006], [-87.8675688299349, 41.973937856637], [-87.8674688296539, 41.9743378564677], [-87.8678978298307, 41.974337857079], [-87.8682688296583, 41.9743378570314], [-87.8681688293095, 41.9738378569402], [-87.8685688291182, 41.9739378569405], [-87.8692688298897, 41.973937856207], [-87.8699688306603, 41.973937856607], [-87.8707688305175, 41.9739378568496], [-87.8718688312702, 41.9739388561161], [-87.8727688312626, 41.9740378565969], [-87.8758688318311, 41.9740378563316], [-87.8758688326227, 41.9767378567541], [-87.873968831945, 41.9767378570106], [-87.8734688312167, 41.9768378572037], [-87.8744698325148, 41.9801378570458], [-87.8748698328618, 41.9809378571386], [-87.8751698322695, 41.9823378581219], [-87.8758018324393, 41.9839698575534], [-87.8760458334895, 41.9853568584889], [-87.8763388335574, 41.985358858046], [-87.8763688327353, 41.9854358583062], [-87.8773698339617, 41.9883378589518], [-87.8774698335672, 41.9894378589348], [-87.8774698333104, 41.9895378592403], [-87.8774698343124, 41.9905378586126], [-87.8774698340403, 41.9906378588989], [-87.8778698335584, 41.9906378593379], [-87.8781698344103, 41.9906378589823], [-87.8784828341701, 41.99151085883], [-87.8799788347788, 41.9956838598383], [-87.8806698358308, 41.9957368600468], [-87.8840698368604, 41.995436859712], [-87.8842698362551, 41.9954438590148], [-87.8842698369627, 41.9963368599236], [-87.8844698365179, 41.998136860318]]], [[[-87.8844698365179, 41.998136860318], [-87.8935708400411, 41.9997368597145], [-87.8959708409015, 41.9999368592717], [-87.8959708402716, 42.000164859719], [-87.8959708400845, 42.0004368600059], [-87.8942708403877, 42.0004368599676], [-87.894470839767, 42.0017368602616], [-87.8943708404086, 42.0022368602197], [-87.8940708405345, 42.002236859654], [-87.8901708387546, 42.0023368602686], [-87.8900708395718, 42.0035368606071], [-87.8910708393669, 42.0040368601873], [-87.8922708401848, 42.0045368606885], [-87.8927588404882, 42.0046048609059], [-87.8929748394718, 42.004576860389], [-87.8929708398585, 42.0041368604002], [-87.8929428399332, 42.0040248605062], [-87.8933588402722, 42.0039808605133], [-87.8933708395151, 42.0037368606078], [-87.8933588404197, 42.0032288607079], [-87.8941708401535, 42.0031368605414], [-87.8941708397114, 42.0040368604117], [-87.8941708408174, 42.0054368604372], [-87.8942708401736, 42.0065368608146], [-87.8942708408352, 42.006936860942], [-87.8942708409341, 42.0070358607078], [-87.8936888400567, 42.0070378610639], [-87.8925708406304, 42.0070358605395], [-87.8925708396129, 42.007536860893], [-87.892070840576, 42.0075368612425], [-87.892070839671, 42.0093368612125], [-87.8914498404934, 42.0093368618127], [-87.8908708395559, 42.0093368615879], [-87.8893708388398, 42.0093368617444], [-87.8860708386303, 42.0095368618246], [-87.8850708378371, 42.0071368615346], [-87.8846708374193, 42.0057368614629], [-87.8845708376197, 42.0036368610993], [-87.8845708378156, 42.0022368608343], [-87.8846708366977, 42.001036860607], [-87.8845698373408, 41.9990368601815], [-87.8844698365179, 41.998136860318]]]]}, "properties": {"OBJECTID": 107, "STATEFP": "17", "PLACEFP": "65819", "PLACENS": " ", "PLCIDFP": "1765819", "NAME": "Rosemont", "NAMELSAD": "Rosemont village", "LSAD": "47", "CLASSFP": "C1", "CPI": "N", "PCICBSA": "N", "PCINECTA": "N", "MTFCC": "G4110", "UR": "U", "FUNCSTAT": "A", "Area": 2021, "treecanopy": 0, "Shape__Area": 4511005.719360352, "Shape__Length": 14583.554384638364}}]}