{"type": "FeatureCollection", "features": [{"type": "Feature", "geometry": {"type": "MultiPolygon", "coordinates": [[[[-71.06171159319393, 42.38499567777307], [-71.06221459314365, 42.38504167795399], [-71.06333059350324, 42.38527367844528], [-71.06362059344198, 42.38529567792995], [-71.06480259395208, 42.3853866776963], [-71.06601359480031, 42.38552267820436], [-71.06743659553398, 42.38560467813955], [-71.06764359495183, 42.38562067819885], [-71.06767159554072, 42.385623677830964], [-71.06991359629951, 42.38646967810956], [-71.07074259588438, 42.3869146784997], [-71.0714155963518, 42.38734367808786], [-71.07213359706687, 42.38768567820824], [-71.0721745962428, 42.38770367789324], [-71.07227959672066, 42.38774767802582], [-71.07242059643569, 42.387806678235386], [-71.07257159687462, 42.38806067822278], [-71.07263259730222, 42.38816867870435], [-71.07271459649763, 42.3883146779908], [-71.07299459659188, 42.38874167864622], [-71.07323559722317, 42.3891246784023], [-71.07344759718741, 42.389490678082225], [-71.0736355977848, 42.3898566784337], [-71.0736955975841, 42.38992267815997], [-71.074227597485, 42.390579678866764], [-71.07427359810156, 42.39059567875413], [-71.07462259770979, 42.39009967813896], [-71.07566959763189, 42.38861167782692], [-71.07601859837652, 42.38811567823557], [-71.07609659846936, 42.38800467794677], [-71.07614859806715, 42.38792667806124], [-71.07653059857745, 42.387352678088675], [-71.07662859789056, 42.38720567755354], [-71.07662759803881, 42.387153677975256], [-71.07662759839674, 42.38713167773761], [-71.0766265975617, 42.387065677838805], [-71.07662659850955, 42.387044677818416], [-71.07666059870631, 42.386976677532225], [-71.07676259763716, 42.38677267750282], [-71.07679659874968, 42.38670467807687], [-71.07683659848618, 42.38667867824621], [-71.07695259842282, 42.386600677470256], [-71.07699059847754, 42.38657567765129], [-71.07701459798709, 42.386559677806574], [-71.07708459811494, 42.38651267741443], [-71.07709659784739, 42.38650467748277], [-71.07710259838558, 42.386492678044945], [-71.0771435977794, 42.386410677810154], [-71.0771965980803, 42.38630467777272], [-71.07729159875177, 42.386178677360796], [-71.07734659797543, 42.38610567730669], [-71.07737659832227, 42.38606667736323], [-71.07746459840462, 42.38594867802319], [-71.077493597934, 42.38590967797407], [-71.07750859832862, 42.385889677426434], [-71.07751859837693, 42.38587667803166], [-71.07754859850904, 42.3858376780413], [-71.07755859854682, 42.38582467774258], [-71.07778659810958, 42.38551967729221], [-71.07846859870624, 42.384607677280364], [-71.07869559857986, 42.38430467714615], [-71.07885659926644, 42.384114677268364], [-71.0793395985762, 42.383545677360914], [-71.07950059845895, 42.383356676776074], [-71.07955759906028, 42.3832726769713], [-71.07972859881018, 42.38302267690566], [-71.07978559887226, 42.382940677414226], [-71.08001259930191, 42.382819677066145], [-71.0800835994796, 42.3827816768281], [-71.08044859885358, 42.38261167705575], [-71.08071459919951, 42.382494677056044], [-71.08080759923807, 42.382453676670536], [-71.08094759877984, 42.38238667703108], [-71.0809345992253, 42.382338676916106], [-71.08089759957443, 42.38219667707131], [-71.08088459953954, 42.38214967716294], [-71.08084459965288, 42.38202267681294], [-71.08072659926826, 42.38164467638687], [-71.08068659945178, 42.381518677081914], [-71.0806435985866, 42.38127667680777], [-71.08059559919897, 42.38100567630564], [-71.08013959885673, 42.38094067710956], [-71.07989659888304, 42.380905676435994], [-71.07960359895432, 42.38087667661191], [-71.07889659805726, 42.38080567651374], [-71.07873059787815, 42.38076967678038], [-71.07844459793296, 42.38070667695341], [-71.07835459818958, 42.38068667681053], [-71.07808559805488, 42.38062567670395], [-71.07799659791237, 42.38060567634452], [-71.07797059844182, 42.38060567640339], [-71.07789259760155, 42.3806056765358], [-71.07786759871726, 42.38060567664139], [-71.07784759790745, 42.38060567707578], [-71.07779059846331, 42.38060567677485], [-71.07777159824585, 42.38060567636669], [-71.07774059826622, 42.380605676927324], [-71.07764859771154, 42.380605676826356], [-71.07761859832426, 42.38060567652602], [-71.07759659755608, 42.380605676776455], [-71.07759659821231, 42.38055067655141], [-71.07759659764311, 42.38050567669006], [-71.07747659784927, 42.380505676278815], [-71.07742259781485, 42.380505676907724], [-71.0773665978313, 42.38050567646634], [-71.07729659814937, 42.38050567677766], [-71.07720059735551, 42.38048667640369], [-71.07714659803617, 42.38047567631944], [-71.07705759837405, 42.38045767656708], [-71.07678959789429, 42.380403676812406], [-71.0767025978288, 42.3803826762867], [-71.07668859821831, 42.38037867702506], [-71.07664459762607, 42.38036767658219], [-71.07663059740399, 42.380364676627934], [-71.0766175977656, 42.3803616767531], [-71.07658059821944, 42.380351677058954], [-71.07656859796012, 42.38034867635523], [-71.07651359710505, 42.38033567635382], [-71.07651059719385, 42.380334676797766], [-71.07649659761218, 42.380330676612466], [-71.0763965975359, 42.380305676646024], [-71.07618859794646, 42.38027667674959], [-71.0761275972874, 42.38026767693573], [-71.07588159789037, 42.38023267651401], [-71.07569659749215, 42.380205676317445], [-71.07567659760596, 42.38016067650955], [-71.07529859693399, 42.37932967667498], [-71.07514759735805, 42.3789976762666], [-71.0746975967819, 42.37800667593491], [-71.07461659745341, 42.37781767651836], [-71.07452759705264, 42.37760967661637], [-71.07439759653161, 42.37730667621647], [-71.07439759647032, 42.37726067609728], [-71.0743055969589, 42.377045675974415], [-71.07392859682835, 42.37616567562698], [-71.07388659614759, 42.37607767551754], [-71.07382459657806, 42.37592367603036], [-71.07377959686298, 42.37581967567814], [-71.0737515962046, 42.37575567590085], [-71.07370759648944, 42.37566367553829], [-71.073420596177, 42.3749916757892], [-71.0732555964053, 42.37459167593784], [-71.07309159674054, 42.374200675183005], [-71.07293259622695, 42.37384767581588], [-71.07287359645873, 42.3737026753226], [-71.07277059650325, 42.37344967591406], [-71.07272859618342, 42.373330675733364], [-71.07285959654848, 42.37334067556831], [-71.07296859627624, 42.37335067551072], [-71.0729155961809, 42.37324467522001], [-71.07267559626517, 42.372764675445055], [-71.0725955956049, 42.372605675610615], [-71.07223459530601, 42.372567674947774], [-71.07169459573008, 42.37251067516323], [-71.07115359493481, 42.372452675189635], [-71.0707935955816, 42.37241467552895], [-71.07074059554961, 42.37240967563093], [-71.07069459558737, 42.37240567504386], [-71.07058159573042, 42.37239267535272], [-71.07052859524063, 42.37238667513592], [-71.07050259522457, 42.37238367553566], [-71.07042459569475, 42.372375675120054], [-71.07039959493008, 42.37237267562693], [-71.0703515948222, 42.37236767531606], [-71.07030159574285, 42.372361675401386], [-71.07020659552855, 42.37235067549385], [-71.07015859545255, 42.372345675102416], [-71.07012759512857, 42.372341675419186], [-71.07008559464828, 42.37233767512957], [-71.07007259551355, 42.37233667494274], [-71.0700565945212, 42.372334675019204], [-71.07003359470093, 42.3723316757228], [-71.07000259488244, 42.37232867532664], [-71.06979559495402, 42.37230567506458], [-71.06965259472983, 42.372276675786296], [-71.06879559435708, 42.37210567537795], [-71.06861259422622, 42.372074675661715], [-71.06826459474944, 42.3720166753711], [-71.06824959434562, 42.3720146753498], [-71.0682085944846, 42.37200767567002], [-71.06819559499127, 42.372005675049884], [-71.06811859437067, 42.3719926757196], [-71.06802959399485, 42.371978675170844], [-71.06800959499472, 42.37197667525317], [-71.06799659429377, 42.371974675506195], [-71.06797359424961, 42.37197067557651], [-71.0678985941711, 42.37195667528996], [-71.06786659403748, 42.371950675302585], [-71.06783059408455, 42.37194367536451], [-71.06779359396667, 42.371942675674994], [-71.06775059479696, 42.37194167503814], [-71.06773259442579, 42.37194267513821], [-71.0676825946643, 42.37194467493544], [-71.06766159415123, 42.371945675452814], [-71.0676455946823, 42.371946674956945], [-71.06745359426489, 42.371913675135715], [-71.06738459431071, 42.3719016750069], [-71.06733059395573, 42.371892675196385], [-71.0672385940843, 42.37187667491698], [-71.06709159351935, 42.37185167537795], [-71.06696859347491, 42.37172267564597], [-71.06695359433793, 42.37170667508662], [-71.06627359394618, 42.370995674893784], [-71.06603659334515, 42.37074767540793], [-71.0657315936664, 42.370427674766475], [-71.06567959384608, 42.370373675428006], [-71.06567559411965, 42.370369674750954], [-71.06551059291766, 42.37019667527261], [-71.06545559340366, 42.370139674641386], [-71.06543359402644, 42.370116674698934], [-71.06538659402807, 42.37006767540508], [-71.06536859317937, 42.37004867523245], [-71.06534759348753, 42.37002667476876], [-71.06533059395103, 42.37001567473232], [-71.06529559325716, 42.3699936753679], [-71.0652785933506, 42.36998467486207], [-71.065261593033, 42.36997467503234], [-71.06519659309298, 42.3699376750892], [-71.06501659312481, 42.36983367478193], [-71.06500359334682, 42.36982667539716], [-71.06493459325768, 42.369786674820695], [-71.06491659303218, 42.36977467521833], [-71.06490459329449, 42.369766674883216], [-71.06486759326931, 42.36974167526577], [-71.0648505926789, 42.36973067515309], [-71.06483459291132, 42.3697206754431], [-71.06478559365354, 42.3696766748355], [-71.06476959351025, 42.369662675134435], [-71.06472559317014, 42.36961967472894], [-71.06459359289556, 42.369491675431235], [-71.06454959279415, 42.36944867495673], [-71.06445859277025, 42.36935967453993], [-71.06432159320266, 42.36922667469358], [-71.06418559340135, 42.36909367486465], [-71.0640955927663, 42.369005674555396], [-71.06411359353972, 42.369007674789], [-71.06416759265429, 42.36901167502018], [-71.06418459263622, 42.369012674831495], [-71.06420559341551, 42.369014674713505], [-71.06426759335, 42.369018674600056], [-71.06428759251057, 42.36902067517422], [-71.0643215924837, 42.36902267475885], [-71.0643705932446, 42.36902667486848], [-71.06442059320082, 42.36903067513977], [-71.0644535927803, 42.36903267449818], [-71.06459059270733, 42.369042675005446], [-71.06479459308919, 42.369058674508246], [-71.06499859356818, 42.36907467454952], [-71.06513459367596, 42.36908567444837], [-71.06518759372535, 42.36908967492451], [-71.0652285933662, 42.369092674812066], [-71.0653335930973, 42.36910067457378], [-71.06534359392137, 42.3691016747732], [-71.06539559359302, 42.36910567497431], [-71.06545259364286, 42.36910567515572], [-71.06548159326596, 42.369105674872365], [-71.06556859334317, 42.36910567488337], [-71.0655975929663, 42.3691056745708], [-71.06564359341192, 42.36910567452959], [-71.06569559386169, 42.369105674617224], [-71.06578159352843, 42.369105675191264], [-71.06582759397398, 42.3691056750765], [-71.06574559347837, 42.36898967488844], [-71.0657315940204, 42.36896967524863], [-71.065916593988, 42.36893367509925], [-71.06603959331096, 42.36890967477497], [-71.06609559334926, 42.36897967458013], [-71.06618359356395, 42.36909067443645], [-71.06619559388419, 42.369105675282654], [-71.06643059327774, 42.369105674527226], [-71.0674105936597, 42.369105674908354], [-71.06746759370324, 42.36910567499152], [-71.06763859383393, 42.369105675071566], [-71.06769559387759, 42.369105675041745], [-71.06808259416786, 42.369105674897924], [-71.06924159417497, 42.369105674466034], [-71.06962759523817, 42.36910567438496], [-71.0697955953453, 42.36910567443826], [-71.07014559540809, 42.36875567432742], [-71.07026259453568, 42.36863867431925], [-71.07030959501441, 42.36859167480837], [-71.07044959492735, 42.36845167443964], [-71.07049559522731, 42.368405674937996], [-71.07050859483307, 42.368384674741414], [-71.07054759552727, 42.368320674829555], [-71.0705595952001, 42.3683006747149], [-71.07056759554693, 42.368287674713216], [-71.07058959555988, 42.368250674877004], [-71.07059659478362, 42.3682386749571], [-71.07061359533907, 42.36821167485895], [-71.07066159453761, 42.368130674145206], [-71.07067759464171, 42.36810367480428], [-71.07068559493936, 42.36809067479383], [-71.07069459463077, 42.36807567447129], [-71.07070359553195, 42.36806067415255], [-71.07072659455963, 42.36802367441623], [-71.07073859533348, 42.36800367428608], [-71.07079759483588, 42.36790567480973], [-71.07089659512742, 42.36781767458804], [-71.07141159499437, 42.3673606745418], [-71.07145059496487, 42.36733167392034], [-71.07157159512454, 42.367242674731806], [-71.07162859585935, 42.36716667402287], [-71.07245159560222, 42.36606767419961], [-71.07368759643889, 42.364417673747134], [-71.07438659551718, 42.36348367308777], [-71.07492359573965, 42.36276967358014], [-71.07574659619469, 42.36167067292766], [-71.07576959641354, 42.3616406728028], [-71.07579559579516, 42.36160567272532], [-71.07582259675704, 42.36154567350284], [-71.07583759652476, 42.36151267290242], [-71.07584559688719, 42.36149467321477], [-71.07586959616202, 42.361439673019916], [-71.07587759587571, 42.36142267264853], [-71.07612159684297, 42.360878672974195], [-71.07648659679755, 42.36006467320365], [-71.07685259612646, 42.35924867269371], [-71.0770955964489, 42.35870567269239], [-71.07752459667907, 42.35856967254153], [-71.07881059755319, 42.35816267256783], [-71.07923859742594, 42.35802667227347], [-71.08005259725277, 42.357768672414004], [-71.08249459862814, 42.35699567186281], [-71.0833075982507, 42.3567376723795], [-71.08372659837354, 42.356604672082014], [-71.08498159935128, 42.35620667215698], [-71.08539959900105, 42.356074671388235], [-71.0858085990251, 42.355944671344865], [-71.0870365996071, 42.35555567171762], [-71.08744560015936, 42.35542567126506], [-71.08819460007942, 42.35518867162397], [-71.0904376013082, 42.35447867087171], [-71.09118460140259, 42.35424167167322], [-71.0912976006049, 42.35420567100289], [-71.09175360170994, 42.35412467111273], [-71.09347060179012, 42.35381967112076], [-71.09404260226911, 42.353718670709966], [-71.09449860181317, 42.35363567120539], [-71.09524160188981, 42.35350067134802], [-71.09586760295132, 42.35339467075921], [-71.09632360223439, 42.353316670539535], [-71.09657760212835, 42.35327067118499], [-71.09697060340872, 42.353200670629256], [-71.09733960263554, 42.35313467110733], [-71.09759260303773, 42.353089670737894], [-71.09761760310866, 42.35308567090212], [-71.09764660285893, 42.35308067042859], [-71.09775860362745, 42.35306067068143], [-71.09780660249712, 42.35305167091346], [-71.09783560343057, 42.35304667039647], [-71.09785960331874, 42.35304267061149], [-71.09790060296555, 42.353035671079745], [-71.0981276033471, 42.352995670658956], [-71.09892960369646, 42.35285267044442], [-71.09919660317496, 42.352805670816586], [-71.09989360423613, 42.35277667069435], [-71.10093660373097, 42.35273267045521], [-71.10198160420586, 42.35268967060927], [-71.10267660474342, 42.35266067101079], [-71.10274560435158, 42.352657670149405], [-71.1028466050981, 42.35265367061453], [-71.10294960490636, 42.35264967069089], [-71.10301760433977, 42.352646670714506], [-71.10374260472653, 42.35261667078343], [-71.10482760482327, 42.352571670833456], [-71.10591460618241, 42.35252567088896], [-71.10663760584605, 42.35249567016619], [-71.10739860674776, 42.35246366996161], [-71.10879860670978, 42.35240567024659], [-71.10967660664093, 42.35249767076462], [-71.11043360754992, 42.352577670706026], [-71.11046560696919, 42.35258066993374], [-71.11056060742479, 42.352590670707684], [-71.1105916067134, 42.35259367011442], [-71.11069660725144, 42.35260566997007], [-71.11076660748844, 42.35260567014962], [-71.1110016068974, 42.35260567037183], [-71.11126360775407, 42.35273366998792], [-71.11142060775738, 42.352810670274714], [-71.11142560704836, 42.35281367072599], [-71.11249460794477, 42.35333867046551], [-71.11281660807825, 42.35349667003216], [-71.11409760896125, 42.35412667035396], [-71.11570160867224, 42.354915670990316], [-71.11676960974171, 42.35544067038015], [-71.11677460948408, 42.35544267037664], [-71.11697960918077, 42.355543670664545], [-71.11709960968813, 42.35560267094427], [-71.11706960923608, 42.35614967086611], [-71.11705660908535, 42.35637667037086], [-71.11705660922826, 42.35638567055275], [-71.11704260926152, 42.35664367083928], [-71.11702060971268, 42.35704467054093], [-71.11699961003899, 42.35744167085289], [-71.11698560972536, 42.357707671031086], [-71.11697461026324, 42.357910670935624], [-71.11695760959846, 42.35821467124436], [-71.11694061002815, 42.35852167129308], [-71.11692961028011, 42.35872467115654], [-71.11694260938158, 42.359212671293236], [-71.11696261035762, 42.359944671717216], [-71.11698260938768, 42.360677671328894], [-71.11699560929387, 42.36116567214692], [-71.11699560953491, 42.36118167205299], [-71.1169966101758, 42.36120567164192], [-71.1170346105033, 42.3617936722169], [-71.11715361002022, 42.36362667179871], [-71.11719361068793, 42.36423767197123], [-71.11719760958609, 42.36430567222588], [-71.11719761061704, 42.36482867210505], [-71.11719761009539, 42.36659967307213], [-71.1171976099176, 42.36718967286474], [-71.11719761020976, 42.36720567274912], [-71.11728761017027, 42.36728867251321], [-71.1175916105229, 42.36756967254065], [-71.1176926098794, 42.36766267291032], [-71.11781561001455, 42.36777667253679], [-71.11818461060366, 42.36811767308453], [-71.11830761125653, 42.36823067285181], [-71.11834661072939, 42.368266673245465], [-71.11845961134887, 42.36837067281789], [-71.11849761056392, 42.36840567322442], [-71.11856061126753, 42.368413673233945], [-71.11907061132187, 42.368477673011284], [-71.11996061069384, 42.36858867286993], [-71.12078761195258, 42.36869267270386], [-71.12135961129513, 42.368763672852296], [-71.12171361131468, 42.36880767318665], [-71.12224461164969, 42.368873673443126], [-71.12277561186794, 42.368939673043904], [-71.12312861221967, 42.36898367293916], [-71.1231686118045, 42.36898867273031], [-71.12319561203094, 42.368991672704325], [-71.12327261244782, 42.36900167320819], [-71.12329761188478, 42.36900467290729], [-71.1233196121894, 42.36902567298859], [-71.12338361215367, 42.369086673423155], [-71.12340461200142, 42.369106672695764], [-71.12383761237386, 42.369518672733236], [-71.12448461320179, 42.37013567340329], [-71.12513561285454, 42.37075467296811], [-71.12556761345711, 42.37116667291088], [-71.1261326134777, 42.37170467343057], [-71.12648161414342, 42.37203667351587], [-71.12749761377059, 42.373004673298524], [-71.1283386147029, 42.3734326734547], [-71.12962761519623, 42.37376567402484], [-71.12973661428103, 42.37376867354844], [-71.13099761563466, 42.3738046738098], [-71.13151861595827, 42.37373467405381], [-71.1316556152323, 42.37366967386482], [-71.13266061592803, 42.37318967355848], [-71.13319761549816, 42.37260467374712], [-71.13317161537049, 42.37248667341359], [-71.13302461530024, 42.37182667338338], [-71.13302161627854, 42.37181267339686], [-71.13301261611807, 42.37177267295819], [-71.13300961615441, 42.37175967318406], [-71.13300461532104, 42.37173767318537], [-71.13299761577838, 42.37170567365286], [-71.1329836154353, 42.37167767335364], [-71.13297461608218, 42.37165867294706], [-71.13275361621862, 42.3712156731524], [-71.13243561587777, 42.370703673049626], [-71.13235661488913, 42.37052467266929], [-71.13199761511211, 42.36970467251297], [-71.13450361557408, 42.368083672677436], [-71.13558961589032, 42.36738167209629], [-71.13573261652287, 42.36728967207176], [-71.13594661618916, 42.367150672147794], [-71.13616161681163, 42.367012672506554], [-71.13630361662241, 42.36692067220508], [-71.1365736170255, 42.36674367247519], [-71.1369786161731, 42.36647867224172], [-71.13738361677287, 42.36621367238225], [-71.13765361753597, 42.36603767212672], [-71.1380686171663, 42.36576567191801], [-71.13869061676536, 42.365358671935546], [-71.139313617176, 42.364951671715794], [-71.13972761711891, 42.36468067158467], [-71.13978261698996, 42.36464467127655], [-71.13986261781434, 42.36459267192735], [-71.1399436172486, 42.36453967183006], [-71.13999761813926, 42.36450467120957], [-71.14009461771384, 42.36451867171846], [-71.14023861765668, 42.364540671456545], [-71.14038261731103, 42.36456167169609], [-71.14047861794468, 42.36457567145797], [-71.14070161816936, 42.364608671436024], [-71.141033617698, 42.36465867189708], [-71.14136761801149, 42.36470767201744], [-71.14158961761102, 42.36474067165131], [-71.14202961817881, 42.36480567137344], [-71.1426976179472, 42.364904671360925], [-71.14335561900629, 42.36496467120945], [-71.14350161904932, 42.36497767200291], [-71.14379761868217, 42.365004671231915], [-71.14405861927825, 42.36490367137152], [-71.14483961872571, 42.3646026714923], [-71.14509861972424, 42.36450067188442], [-71.14511961939739, 42.36447967180382], [-71.14518261933426, 42.36440567185543], [-71.14526461954699, 42.364308671465274], [-71.14536861943549, 42.36418567108621], [-71.14543061892644, 42.364112671732386], [-71.14580261923261, 42.36367267086674], [-71.14619761901962, 42.3632046713203], [-71.1467976199226, 42.362304670552824], [-71.14682561962276, 42.36228467116173], [-71.14704261994613, 42.36213067092263], [-71.14729662045409, 42.36195267049108], [-71.14733861964068, 42.361921671000204], [-71.14740261960247, 42.36187467064433], [-71.14746562039406, 42.3618276707911], [-71.14750761941494, 42.36179667123767], [-71.14752861944122, 42.36178467086746], [-71.14759062039346, 42.36174867117375], [-71.14761062010548, 42.36173667042433], [-71.14777362005599, 42.36164167101456], [-71.1480446197823, 42.36148467063334], [-71.14826162014236, 42.361358670574084], [-71.14842462056407, 42.361263671141366], [-71.14847861963308, 42.36123267100217], [-71.14856562042334, 42.361182670319195], [-71.14894162094812, 42.361119670560996], [-71.14900262035866, 42.36110967090395], [-71.15079162091743, 42.36080867026323], [-71.15135362117134, 42.36071367019402], [-71.15138762086981, 42.360707670218964], [-71.15170562163348, 42.360654670548875], [-71.15265862107616, 42.36049467022513], [-71.15272762145533, 42.360482670716046], [-71.1529736216474, 42.36042767025185], [-71.1530936216879, 42.360400670785495], [-71.15419262177113, 42.36015467061955], [-71.15530362235648, 42.35990667028844], [-71.15791162310788, 42.359967670377756], [-71.15913362375271, 42.359995670277655], [-71.1591596238213, 42.3599966701267], [-71.15918662358723, 42.36003067020039], [-71.15959862419648, 42.360004670227426], [-71.15972062374792, 42.35995867014569], [-71.16131862457907, 42.35935966994461], [-71.16185062490013, 42.35916066973246], [-71.16187862495467, 42.35914966953887], [-71.1619046242731, 42.35913667022434], [-71.16214162472596, 42.35902167009102], [-71.16237762407442, 42.35890667013115], [-71.16287762518449, 42.35866466991046], [-71.1629296249601, 42.35863967014383], [-71.1631926253304, 42.358511670092774], [-71.16327462548679, 42.358471670135984], [-71.16329662480793, 42.35846067003325], [-71.1635236248121, 42.35835166968548], [-71.16360562455182, 42.35831166949125], [-71.16371662513198, 42.358257669971145], [-71.16441962514392, 42.35863466991075], [-71.16624462541876, 42.35961266976678], [-71.16689562600932, 42.35983366947188], [-71.16691862613247, 42.35984167029991], [-71.16762562610567, 42.36008167008471], [-71.1676426258903, 42.36005967032632], [-71.16806662651108, 42.35953666951279], [-71.16852762711466, 42.3590596693918], [-71.16862462618101, 42.35896466991227], [-71.16947462669606, 42.358055669580494], [-71.16989462702043, 42.35764966950805], [-71.16990062649133, 42.357634669063685], [-71.16991462730351, 42.35760066944907], [-71.16995662663638, 42.357503668970914], [-71.16997062666442, 42.357471669781184], [-71.16999962762584, 42.35740566933187], [-71.1700236266487, 42.35738566902477], [-71.17026262673716, 42.35718566913892], [-71.1703416268593, 42.357119669700594], [-71.1705126271372, 42.356976669502], [-71.17102662681928, 42.35654866954106], [-71.17119862696984, 42.35640466915515], [-71.17148762790299, 42.35609766932534], [-71.17150662741612, 42.35607766882879], [-71.17242962764749, 42.35509666896349], [-71.1727376274822, 42.354769668880905], [-71.17279862829268, 42.35470466894664], [-71.17296762777376, 42.354493668853074], [-71.17364162745297, 42.35364966836028], [-71.17386662774545, 42.3533686683136], [-71.17399762869518, 42.35320366796007], [-71.17402962789366, 42.353091668514594], [-71.17429762759467, 42.35214566862089], [-71.17438762812958, 42.35183066834019], [-71.17439862860726, 42.35180466770036], [-71.17444862784292, 42.35167866829887], [-71.17463262770522, 42.351218668111606], [-71.17469362774143, 42.35106566770539], [-71.1747536277241, 42.350915667790666], [-71.17479862800538, 42.35080466816014], [-71.17479862853455, 42.35043666781196], [-71.17479862766469, 42.35027366816616], [-71.17470862814461, 42.3501636677321], [-71.17426562746137, 42.349592667971216], [-71.17341862803727, 42.34853966729262], [-71.17317162742147, 42.348216667145], [-71.17232062697146, 42.34718166764089], [-71.17189862657611, 42.34666366763335], [-71.17000362638264, 42.34426066694237], [-71.16942162556805, 42.343539666495076], [-71.16832362523819, 42.34217666610465], [-71.16812462518627, 42.341925666637685], [-71.16698962472013, 42.3404726665915], [-71.16668362449994, 42.34011266622149], [-71.16669962518547, 42.34001766637023], [-71.16674062476703, 42.33986266627645], [-71.16680862437026, 42.33929866553202], [-71.16831562531179, 42.33875066574343], [-71.16863362497489, 42.33863766549274], [-71.16893662577678, 42.33845766574563], [-71.16908762527505, 42.338253665422435], [-71.16921762533617, 42.33807666538146], [-71.16919262511279, 42.3378916658717], [-71.16912262503627, 42.337384665294266], [-71.168859625818, 42.3363126649614], [-71.16888662512844, 42.33583466535768], [-71.16857062581539, 42.335151665341634], [-71.16847162526449, 42.33509366499005], [-71.16841062520277, 42.33503066501621], [-71.16819162535096, 42.334799665090834], [-71.1680216251691, 42.33443466478718], [-71.16756562479345, 42.3334496645746], [-71.16676662488184, 42.3335366646361], [-71.1654376237295, 42.33368066474419], [-71.16519062453646, 42.33369966472088], [-71.16477662442712, 42.33375566541835], [-71.16297262293372, 42.33395566521908], [-71.16273262319457, 42.33396966491953], [-71.16252562375884, 42.333974665361545], [-71.16229862300504, 42.33397366476044], [-71.16209962277283, 42.33395266503223], [-71.16172162259727, 42.33389466490962], [-71.16129562273397, 42.33379166514865], [-71.16091762271957, 42.33364766480412], [-71.16034762280184, 42.33337366489419], [-71.160260621943, 42.333327664939446], [-71.16017062222438, 42.33328066483304], [-71.15972362200354, 42.33304466468054], [-71.15932562264172, 42.3327766649003], [-71.15895662212425, 42.332432665252455], [-71.15871662191479, 42.33217066511938], [-71.15854662209337, 42.33199266520478], [-71.15766762130906, 42.33106766475597], [-71.15750862115117, 42.33089466471082], [-71.15734662191845, 42.330722664724036], [-71.15711362182819, 42.33047466440197], [-71.15703662152696, 42.330398664365276], [-71.15683362098602, 42.3301976644439], [-71.15681162129732, 42.330209664475454], [-71.15625262131235, 42.33052166485411], [-71.15606562063485, 42.33062566447933], [-71.15601962064245, 42.330656664326156], [-71.15588162039, 42.33074966465516], [-71.15583562143068, 42.33078066443118], [-71.15577162033367, 42.33082566473452], [-71.15557862037888, 42.33096266469203], [-71.15553662089864, 42.33099266440307], [-71.15551362095388, 42.331008664784704], [-71.15430661984965, 42.33174666465498], [-71.1506836190344, 42.3339636654625], [-71.14979761910266, 42.334505665820245], [-71.14999061952754, 42.334504665468266], [-71.15008061880903, 42.33458866560607], [-71.15012561914858, 42.334630665199725], [-71.15027561977575, 42.33478166556822], [-71.1504986198205, 42.335004666078845], [-71.15022861964306, 42.33518466566282], [-71.15019561899003, 42.33520666559638], [-71.1501326197927, 42.3352216653981], [-71.15010361903484, 42.33528966613735], [-71.15006061933562, 42.335394665825625], [-71.15005861972175, 42.335401665802465], [-71.14960061963329, 42.33550966602174], [-71.14852661872995, 42.33576066572335], [-71.148398618333, 42.33580666631457], [-71.14842061885939, 42.33593166605807], [-71.14847861875792, 42.3362626660733], [-71.14850261880215, 42.336296666010924], [-71.14857661900115, 42.33640366581805], [-71.14860161833404, 42.33643866631031], [-71.14860761863505, 42.336447665950594], [-71.14862761912876, 42.336476666025085], [-71.14863461932055, 42.33648566601894], [-71.14866161872719, 42.33654466625772], [-71.14874261932124, 42.33672566602892], [-71.14876961944697, 42.33678566646373], [-71.14846561934624, 42.33685766626865], [-71.14755461861667, 42.337071666185686], [-71.14724961827272, 42.33714366601487], [-71.14709761876658, 42.33718166625865], [-71.1467936187222, 42.337256665917955], [-71.14674161820983, 42.3372696665977], [-71.14664061876955, 42.337294666085825], [-71.14655861855103, 42.33731466606275], [-71.14648761863327, 42.337332666049804], [-71.14628161866845, 42.337385666354876], [-71.14619761767932, 42.337406666443805], [-71.14644561835654, 42.33790166639829], [-71.14649661784487, 42.338003666786726], [-71.14651161864268, 42.338073666382556], [-71.14651761823994, 42.33810166675794], [-71.1465336187089, 42.338183666693794], [-71.14658161843411, 42.33842566648281], [-71.1465976180996, 42.338505666855966], [-71.14652861781438, 42.33854866687673], [-71.14632161786852, 42.33867566624744], [-71.14625361786648, 42.33871766625634], [-71.14593461826817, 42.33891166649019], [-71.14556061838209, 42.33913966681168], [-71.1452756181685, 42.3393466666809], [-71.14477961775322, 42.339665666543496], [-71.14468861753188, 42.33972466676418], [-71.14465561819172, 42.339745666681225], [-71.14421261757539, 42.34003066727077], [-71.14263161725606, 42.340064667280274], [-71.14250861711677, 42.3400676672854], [-71.14248761711713, 42.34006766680791], [-71.14239561719013, 42.34006966653078], [-71.14234461642086, 42.340063666806344], [-71.14193961692311, 42.340016666977874], [-71.1417546167085, 42.34040466677544], [-71.14161961721756, 42.340649666970855], [-71.1414496166514, 42.34088466726365], [-71.14132661684701, 42.341056667579], [-71.14130261691234, 42.34108166758773], [-71.14109561602966, 42.34124466733901], [-71.14071061710118, 42.34156066680052], [-71.14007061581862, 42.34209766691913], [-71.13997761684695, 42.3421486670737], [-71.13890261576283, 42.34301966744097], [-71.13880961620194, 42.34309566769531], [-71.13875061543503, 42.343142667428175], [-71.13865361625344, 42.34322066803713], [-71.13849761604723, 42.343346667486685], [-71.13796661632881, 42.3437766677113], [-71.13782461571925, 42.3438846676135], [-71.13736161531867, 42.344265667557046], [-71.13710961545178, 42.34446966769195], [-71.13675861556607, 42.3447536675962], [-71.1359856151323, 42.34537466813212], [-71.135278614614, 42.345949668146545], [-71.13515561436817, 42.34603166792023], [-71.13425461429158, 42.34658566873278], [-71.13338161445276, 42.347130668728155], [-71.13200761410171, 42.347781668689755], [-71.13127561405291, 42.348129668599015], [-71.13107461399406, 42.34822466881204], [-71.13075561307755, 42.34837666884577], [-71.13052761359354, 42.348484668903815], [-71.13013761403722, 42.34866866852489], [-71.12974661341492, 42.348858669428516], [-71.12928161345208, 42.34907566870374], [-71.1291456130068, 42.34925266904499], [-71.12900461284735, 42.34938366902623], [-71.12878061268182, 42.3495676692179], [-71.12858061269918, 42.349704669480275], [-71.12858361343915, 42.34984166894796], [-71.12793561236556, 42.349939669131416], [-71.1276746127279, 42.349976668893866], [-71.12750661282962, 42.35000266893105], [-71.12748461243424, 42.35001266919561], [-71.12685461216842, 42.35009666899601], [-71.1262156126657, 42.35042066935133], [-71.12588961203012, 42.350585669317205], [-71.12552761148578, 42.350797669552996], [-71.1247556118439, 42.35123866948775], [-71.12469761142722, 42.3512686695943], [-71.1244066117482, 42.351425669776674], [-71.12421661208622, 42.351533669792694], [-71.12388361131075, 42.35153866976504], [-71.12352261159084, 42.351469669694985], [-71.12343461145949, 42.35145766969966], [-71.12323361184708, 42.35152967003488], [-71.1226266110676, 42.351746669526925], [-71.1224236106634, 42.35181967020534], [-71.12240061103786, 42.351816669646645], [-71.12227561163574, 42.35180166994479], [-71.12224361076208, 42.35179767017659], [-71.12222961119483, 42.35179566965991], [-71.12218361076253, 42.35178966935664], [-71.12153061094416, 42.35171066979122], [-71.12131161114073, 42.35168366937438], [-71.12110661118207, 42.35166066963803], [-71.12053561064529, 42.35159467005006], [-71.12049161083809, 42.3515896695895], [-71.12028661019194, 42.35156566996609], [-71.11991860998133, 42.351521669791865], [-71.1197236097964, 42.35149766980602], [-71.11880960955182, 42.35139467013045], [-71.11843960995354, 42.35135266983301], [-71.11840760954408, 42.35134866989721], [-71.1183406096212, 42.35134167016929], [-71.11831060950476, 42.35133866986426], [-71.11827761020083, 42.35133467017782], [-71.118069609622, 42.35131067014121], [-71.11744561003508, 42.351238669577825], [-71.11723760886285, 42.35121466983229], [-71.1169516092568, 42.351176669704486], [-71.11609460894982, 42.35106366949975], [-71.1158086094773, 42.35102567012497], [-71.11563260846604, 42.35100466970962], [-71.11510660875682, 42.35094267016999], [-71.11492960808705, 42.35092166983216], [-71.1147016090781, 42.35089466988201], [-71.11409460826168, 42.35082466978787], [-71.11401460794049, 42.350815670278024], [-71.11378460825532, 42.350788669893575], [-71.11363560765753, 42.350775669741495], [-71.11321560853324, 42.350725670087805], [-71.11150660714226, 42.35052266998814], [-71.11128160767691, 42.35049566977751], [-71.11111360674514, 42.35047566989176], [-71.11093660745514, 42.35045466970344], [-71.11091660666693, 42.350452670009275], [-71.11089460679774, 42.350451670071116], [-71.11088060779325, 42.35045067019435], [-71.11083460679316, 42.35044667028578], [-71.11075160733016, 42.35043467029035], [-71.11049960741843, 42.35040067012404], [-71.11041560675724, 42.35038867009544], [-71.1102996067138, 42.35037266961302], [-71.10994860660213, 42.35032466989029], [-71.1098316066814, 42.35030867004459], [-71.10974960729327, 42.350300670004216], [-71.1095016065079, 42.350277670155464], [-71.10941860709512, 42.350269670083904], [-71.10931260703096, 42.35025666992471], [-71.10899160678287, 42.35021766946205], [-71.10888460678257, 42.35020467000888], [-71.10848960664401, 42.35015566988744], [-71.10730360582662, 42.35001067009808], [-71.10690760556115, 42.349961670119384], [-71.1068276062592, 42.34995166988338], [-71.10663760638742, 42.349928669485834], [-71.10657060573621, 42.349920669866144], [-71.1065786054023, 42.34988767009658], [-71.10660060598869, 42.34979267023718], [-71.10660760522906, 42.349761670187576], [-71.10662260544566, 42.349696670145704], [-71.10666560542808, 42.349503669906646], [-71.10668060537456, 42.34943967007531], [-71.10668660627961, 42.34941267019408], [-71.10670360615248, 42.349333670263114], [-71.10670960568063, 42.34930766969743], [-71.10672060569112, 42.3492566698717], [-71.10675460541326, 42.3491056697471], [-71.10676560641795, 42.34905567014082], [-71.10677260579173, 42.349022669632355], [-71.10679160582531, 42.34892566981796], [-71.10679860623738, 42.34889366953298], [-71.10680160610629, 42.3488796694747], [-71.10680960639309, 42.34884067015047], [-71.10681260611545, 42.34882766941341], [-71.10682160627705, 42.348781670149215], [-71.10682560588168, 42.348761669472786], [-71.10683060599588, 42.34873866974914], [-71.10683060536486, 42.34870966959775], [-71.10684260622095, 42.34864366983935], [-71.10685060611334, 42.34859867007447], [-71.1068726053718, 42.348523670083004], [-71.10693860604495, 42.34830166985437], [-71.10696060617016, 42.348227669167116], [-71.1069786062353, 42.3481516696625], [-71.10703260618233, 42.347923669323514], [-71.10705060593659, 42.34784866912444], [-71.1070646052365, 42.347774669878376], [-71.10710760544758, 42.34755266924606], [-71.10712160583459, 42.34747866909212], [-71.107130605746, 42.34740566917877], [-71.1071576061493, 42.34718966919817], [-71.10716660569473, 42.34711866972197], [-71.10718060605814, 42.34704366933147], [-71.10718560604893, 42.34701966936138], [-71.10710760546813, 42.34683066955181], [-71.1070786054132, 42.346760669194055], [-71.10706960630108, 42.34674266954188], [-71.10704260522199, 42.34668966899008], [-71.10703360598646, 42.34667266955715], [-71.10699060607024, 42.34658966884648], [-71.10686360541759, 42.346343669608984], [-71.106821605844, 42.346261668869595], [-71.10680560537784, 42.34621866938793], [-71.10675660514605, 42.346090669534384], [-71.10674060583811, 42.34604866936851], [-71.10670960576493, 42.34599166946397], [-71.10661660618112, 42.34581866925086], [-71.10658660500317, 42.345762669348915], [-71.10657160610897, 42.34573566872334], [-71.10652760587934, 42.34565466934325], [-71.10651360570347, 42.3456286687489], [-71.10648060611925, 42.34555466894298], [-71.10638260512843, 42.34533466882027], [-71.10634960569605, 42.34526166919472], [-71.10625160595576, 42.345078669106584], [-71.10591060587703, 42.3445746685055], [-71.10583060548284, 42.344456668613496], [-71.10579660478577, 42.34440566849456], [-71.10577660553297, 42.34432466915383], [-71.10571760535119, 42.34408366866692], [-71.10569760492851, 42.34400366862525], [-71.10574660535778, 42.34396566880623], [-71.10589060475142, 42.34385366838389], [-71.10593860478308, 42.34381666887837], [-71.1059646056313, 42.343796668887336], [-71.10598060516315, 42.34378466881685], [-71.1060426056504, 42.343736668870214], [-71.10616760544008, 42.3436386691492], [-71.1068546057376, 42.34310466900496], [-71.10708360608979, 42.342926668340645], [-71.10714660516213, 42.342876668959896], [-71.10724060574691, 42.342803668569886], [-71.10733560623571, 42.34272966859283], [-71.10739860585586, 42.34268166862228], [-71.107468606086, 42.342627668667454], [-71.10757160563703, 42.34254666812801], [-71.10767560611546, 42.342465668210224], [-71.1077446057554, 42.34241266849717], [-71.10791760622473, 42.34227966882966], [-71.10841260563427, 42.3418966684202], [-71.10843560560106, 42.34188166866943], [-71.10855060649628, 42.3418066680495], [-71.10861760611044, 42.341762668417246], [-71.10899460609077, 42.34151166782944], [-71.11012760614065, 42.34075866811099], [-71.11050460625161, 42.34050766795992], [-71.110531606582, 42.34048866784039], [-71.11057060690304, 42.340462668079624], [-71.11061060714316, 42.34043666809093], [-71.1106376061111, 42.34041866816585], [-71.11065960623104, 42.34037566821209], [-71.11067960685293, 42.34032766756503], [-71.11072660666126, 42.340228667675795], [-71.11074760700203, 42.34019666768435], [-71.11078960696783, 42.340096667721035], [-71.11086660602791, 42.33989266745956], [-71.11089760708047, 42.33978266759508], [-71.11090560652426, 42.33975366745909], [-71.11102060673001, 42.3390816673068], [-71.11105960687075, 42.3389056679324], [-71.11108860678704, 42.33880166797397], [-71.11115160620996, 42.338668667559844], [-71.1111776069801, 42.338600667311205], [-71.11133560709189, 42.33826766765577], [-71.11142960679172, 42.33802966727043], [-71.11146360613803, 42.337963667423175], [-71.11151760618685, 42.337827667212515], [-71.11158460725177, 42.33765666702421], [-71.11159660618283, 42.3375866675298], [-71.1116006071437, 42.33751566779782], [-71.11159760645467, 42.337408667832925], [-71.11155160721923, 42.33730766708605], [-71.1114686070352, 42.33718966710134], [-71.11144060672113, 42.33714966701538], [-71.1114356070339, 42.33713566767802], [-71.11140160612696, 42.33704666689794], [-71.11138760713978, 42.33695366709778], [-71.11137860659123, 42.3368916668511], [-71.11141160638462, 42.336879667662735], [-71.11146660683234, 42.33685966719654], [-71.11151260627587, 42.33684966734621], [-71.11154560695655, 42.33684166722104], [-71.11158160658456, 42.33682666754227], [-71.1116236069745, 42.336808667643105], [-71.11164260716443, 42.33674166724928], [-71.1116526062164, 42.33670466749924], [-71.11163760658557, 42.33667066680535], [-71.11162660668056, 42.33659966680035], [-71.11161660608181, 42.33655466701243], [-71.1115946066504, 42.33646066698442], [-71.1115836067204, 42.336425666965035], [-71.11154260656106, 42.3362886668806], [-71.11151260677983, 42.33614766703803], [-71.11151160697428, 42.33611266748992], [-71.11150960664689, 42.33610366680848], [-71.11148360612066, 42.33595166718794], [-71.11146360607894, 42.33591866689681], [-71.11145660658272, 42.335906667549786], [-71.1113776061475, 42.33584566679235], [-71.11134860655885, 42.33582266711775], [-71.11126460663904, 42.33574966738563], [-71.1111606058821, 42.33565966724098], [-71.1109906067695, 42.33556666719473], [-71.11089460630261, 42.33551366709235], [-71.11086860592329, 42.335499666866966], [-71.11079360688723, 42.33545766731552], [-71.11076860634067, 42.33544466707603], [-71.11076760591374, 42.33540766706234], [-71.11074460638952, 42.335379666613726], [-71.1106996064828, 42.33536166683817], [-71.11069360607519, 42.3353326669979], [-71.11072360665227, 42.33526466684608], [-71.11073760631318, 42.33524666698186], [-71.11082160629793, 42.335141666641555], [-71.11087760587758, 42.33508466690542], [-71.1111946069649, 42.334813666472684], [-71.1112876064176, 42.33474566674519], [-71.11148860694941, 42.33459966689332], [-71.11157360642741, 42.334538666682825], [-71.11159960694948, 42.33451266674418], [-71.11174260701469, 42.33436966651561], [-71.11183060607853, 42.33428166655913], [-71.112219606897, 42.33392066641043], [-71.1122706063527, 42.33385966712693], [-71.11237960712216, 42.33374466666866], [-71.1124456070217, 42.333650666329426], [-71.11245660647923, 42.33362966626536], [-71.11249860663969, 42.333551666919014], [-71.11258160686434, 42.33337266682319], [-71.11259260639056, 42.3333486669692], [-71.11260960625994, 42.333322666176294], [-71.11261960665365, 42.333307666782744], [-71.11262460643322, 42.33329666674515], [-71.11263860713694, 42.333263666867126], [-71.11264260702255, 42.33325366638584], [-71.11265360734477, 42.333236666306256], [-71.11268260718846, 42.33319566653969], [-71.11280560659074, 42.333024666888626], [-71.11282360722804, 42.33300066628344], [-71.11284660741079, 42.33296866630348], [-71.11285360673267, 42.33295866691272], [-71.11287360714697, 42.33293166605535], [-71.11287960658227, 42.33292266622233], [-71.11293160739508, 42.332850666627635], [-71.11294560720799, 42.332830666038454], [-71.11303760651556, 42.33269366665493], [-71.11309660724399, 42.33264166624859], [-71.11316260692452, 42.33258366640259], [-71.11321260707743, 42.332466665996456], [-71.11328660654821, 42.332290666364244], [-71.11336060678244, 42.33211566600712], [-71.11341060740745, 42.331998666407465], [-71.11341660713845, 42.331978665863524], [-71.11343260666486, 42.33191866650807], [-71.11343760652268, 42.33189966642739], [-71.11344460750855, 42.33187366609331], [-71.11346560682298, 42.331794666650325], [-71.11347560689825, 42.33177666650046], [-71.11347960683962, 42.33175966620789], [-71.11348060746333, 42.331739665956725], [-71.11349860673252, 42.33167366655652], [-71.11356660754907, 42.33141766629563], [-71.11358960762317, 42.331332665891566], [-71.1135936073857, 42.33131866627064], [-71.11360360698109, 42.33127866653888], [-71.1136076067426, 42.331264666017], [-71.11361460758299, 42.331238666569334], [-71.11363460656266, 42.331162666202125], [-71.11364160734684, 42.33113766607773], [-71.11367060684628, 42.331030666441244], [-71.1137556075617, 42.33071066639052], [-71.11378460664122, 42.33060466604112], [-71.11387760685734, 42.33053566576414], [-71.11390860745436, 42.3304356662573], [-71.11404760702528, 42.33026166604758], [-71.11408260679852, 42.33010866613194], [-71.11409460698664, 42.33005866630234], [-71.11423360764476, 42.3298846658618], [-71.11424960658957, 42.32971366557043], [-71.11429560747916, 42.32962266609943], [-71.11446560673059, 42.32950666545626], [-71.11466760737378, 42.32913366597158], [-71.11477560722429, 42.3289966656362], [-71.11480760715631, 42.328869665799964], [-71.11477660705141, 42.32881166582759], [-71.11468360727102, 42.328741665993135], [-71.11470860664457, 42.32860766543444], [-71.11471560699032, 42.32856966588972], [-71.11477760712722, 42.328492665383564], [-71.11481960688603, 42.32848766544698], [-71.11486960716606, 42.32848166596513], [-71.11493060718372, 42.32854766559349], [-71.11494660698018, 42.32861966526662], [-71.1149926068579, 42.328627665403566], [-71.11507960767192, 42.32849466556729], [-71.11511660695218, 42.32843666558745], [-71.1151326072192, 42.328319665658064], [-71.11500860733221, 42.328217665771575], [-71.11501360692709, 42.32816766579056], [-71.11505560721717, 42.328113665475804], [-71.11525660692627, 42.327979665244264], [-71.11530360755427, 42.327865665281834], [-71.11530460721255, 42.3272486656634], [-71.11537960731262, 42.32712366503226], [-71.11544460714018, 42.32701666558546], [-71.11558060747166, 42.32690066564998], [-71.1155976068476, 42.32686866482783], [-71.1155896069421, 42.326811665664295], [-71.11565760701346, 42.326621665406584], [-71.11586160719483, 42.326052665481285], [-71.11592960805761, 42.32586366526697], [-71.11594460754408, 42.32582766490061], [-71.11598760767272, 42.325721664768636], [-71.11599360719691, 42.32570666520215], [-71.1160006076564, 42.32568566491648], [-71.11604260787844, 42.32556766499931], [-71.11610460699586, 42.32539266490126], [-71.11616660697713, 42.32521566521348], [-71.11620760808889, 42.32509866481795], [-71.11626160751926, 42.32494566451344], [-71.11642260697033, 42.32448766481858], [-71.11647560809486, 42.3243356648941], [-71.11649960750267, 42.32425866445173], [-71.1165046081562, 42.32422566463415], [-71.11658260806618, 42.3240326649139], [-71.1166086078463, 42.32395866459674], [-71.11687160740475, 42.32377566445997], [-71.11736560773582, 42.32360366478436], [-71.1177816079337, 42.32350166443333], [-71.1184296086839, 42.32339066478387], [-71.11850760827525, 42.32336666435241], [-71.1185846080933, 42.323311664307035], [-71.11872360778993, 42.32306966442039], [-71.11880060770713, 42.32300166397396], [-71.11880160805289, 42.32293366443338], [-71.11878960795097, 42.32292466400176], [-71.11887060796073, 42.32286666464305], [-71.11894460841876, 42.32285066417746], [-71.11943660848375, 42.32274366466042], [-71.11953960900017, 42.32275366400546], [-71.11986460830154, 42.32279066467017], [-71.11992460831311, 42.322796664586924], [-71.11996360912508, 42.32280166413851], [-71.1200446081688, 42.32282466436225], [-71.12011260885781, 42.322843664773934], [-71.12014160918098, 42.322864664559454], [-71.12039160903907, 42.32305066398487], [-71.12152860908425, 42.323890664555954], [-71.1233676098777, 42.32257966440977], [-71.12371160995386, 42.322724664465234], [-71.12397261023294, 42.32232166450499], [-71.12426960964106, 42.32186466400314], [-71.12450360948276, 42.321676663921636], [-71.1245936097437, 42.32160466424917], [-71.12463660967205, 42.321553664346695], [-71.12486361012212, 42.32127266363273], [-71.12554260993717, 42.3204306641506], [-71.12576861012793, 42.320150663979334], [-71.12601461004564, 42.31984466399331], [-71.12675361001699, 42.31892866360728], [-71.12699961029014, 42.31862366349459], [-71.1270106109674, 42.3186106629219], [-71.1270426107572, 42.31857066311901], [-71.127053610198, 42.318557663438376], [-71.12709661074834, 42.31850566327034], [-71.12729661051178, 42.318289663175236], [-71.1280316104407, 42.3174946627146], [-71.12827561136633, 42.317230662698464], [-71.12832961151622, 42.31717266295698], [-71.12849061058328, 42.31699866304195], [-71.12854361095974, 42.31694166289567], [-71.12898061116945, 42.31646866289899], [-71.13028961196763, 42.3150536625692], [-71.13072561124599, 42.314582662073946], [-71.13079561207076, 42.31450566231007], [-71.13096761203929, 42.314270662262054], [-71.13102561127734, 42.31419166207205], [-71.1311606121631, 42.31400666239859], [-71.13156361202263, 42.31345566229489], [-71.13169761195498, 42.31327266192164], [-71.13192661142112, 42.31295966225474], [-71.13261361173079, 42.31201966201438], [-71.13269561160466, 42.31190766170231], [-71.13283461212141, 42.31170166167685], [-71.13316361203344, 42.3112126613194], [-71.13415161252107, 42.3097466614103], [-71.13448061299007, 42.3092586609804], [-71.13459661237157, 42.30907866087337], [-71.13494461261753, 42.308538660728814], [-71.13506061299412, 42.3083586610383], [-71.13529061257763, 42.307977660920976], [-71.13533161301527, 42.30791966067877], [-71.13546361275013, 42.30775866078373], [-71.13650261250231, 42.30621266088632], [-71.13824161334685, 42.30426066058952], [-71.13861461398943, 42.30384266035607], [-71.13930961334232, 42.30306465982847], [-71.13966361386736, 42.30267065963963], [-71.14009661436255, 42.30218165973048], [-71.14013561406017, 42.30215565974483], [-71.14153461397642, 42.30114665951981], [-71.14230861446433, 42.30058965900118], [-71.14347261458968, 42.29974665913292], [-71.14405361556503, 42.29932865877379], [-71.14414461463895, 42.29926265891026], [-71.14596761582972, 42.2979476587015], [-71.14682461549246, 42.29733065881104], [-71.14688361607686, 42.297288658486686], [-71.14703661556698, 42.297209658390486], [-71.14720061589415, 42.29714465819723], [-71.14729761622698, 42.29710565889343], [-71.14741761556063, 42.29702565848308], [-71.14749761582864, 42.29697165828774], [-71.14792061651809, 42.2967576588851], [-71.14829061583683, 42.296566658563506], [-71.14878261607072, 42.296316658089445], [-71.15001661699209, 42.295685658479755], [-71.15030061715804, 42.29553965848067], [-71.15113061721446, 42.2951086584097], [-71.15183161708943, 42.294743657593], [-71.15192861693568, 42.29470465797987], [-71.15193161751209, 42.2946926579891], [-71.15214361710416, 42.29462265814692], [-71.15219561799286, 42.29460565769266], [-71.1522106180549, 42.29461765816488], [-71.1522306176767, 42.29463565805284], [-71.15228961738174, 42.2946896582724], [-71.15230861725345, 42.29470665758995], [-71.1525096179766, 42.29488765760169], [-71.15311261732461, 42.295430658158494], [-71.15319661843753, 42.295506658346376], [-71.15332861823603, 42.29559265797662], [-71.15337761740824, 42.295625657698885], [-71.1535256181041, 42.295724657962666], [-71.1535736176444, 42.29575665795514], [-71.15375661830565, 42.295878658027824], [-71.154304618591, 42.29624365862262], [-71.1544866185692, 42.29636465787112], [-71.15452761884437, 42.29639165866106], [-71.15464961882577, 42.29647365816432], [-71.15468961877617, 42.29650065858951], [-71.15483861796645, 42.2965996583323], [-71.15528561894122, 42.296897658422616], [-71.15543361830717, 42.29699665798156], [-71.15548361891835, 42.29702965799233], [-71.15563261937224, 42.29712865849163], [-71.15568161850338, 42.297161658113886], [-71.15569861894467, 42.29717265848277], [-71.15574661946299, 42.29720465845456], [-71.1557626194511, 42.29721565851703], [-71.15603861949744, 42.29739865858039], [-71.15680261870861, 42.297904658013934], [-71.15681861945757, 42.29797465803638], [-71.15683961989158, 42.298066658256815], [-71.15697661906572, 42.29816765850707], [-71.15720561917763, 42.298335658669565], [-71.15771861990461, 42.29871165872249], [-71.1587436196817, 42.299463658743704], [-71.16010462090549, 42.300462659064074], [-71.16151062070132, 42.30150265888009], [-71.16287462157995, 42.302495659280986], [-71.1631666215336, 42.30271065926671], [-71.16343762140201, 42.30290965903799], [-71.16431762160258, 42.30346565893352], [-71.16469762227653, 42.30370565935073], [-71.16480462191494, 42.303772659176985], [-71.16512262288808, 42.30356065911658], [-71.16653962234047, 42.30262065909958], [-71.16710862302783, 42.302242658480274], [-71.16724762316139, 42.30215165850263], [-71.16734162306801, 42.30207665869564], [-71.16791662298237, 42.30169665836625], [-71.16810262289698, 42.3015696588759], [-71.16826662383326, 42.30146665869811], [-71.16828962285908, 42.301457659110135], [-71.1684246231304, 42.30137065877824], [-71.16980862420017, 42.30045165844128], [-71.17043962402778, 42.30002965806906], [-71.17636262609133, 42.29611065738562], [-71.17861162606825, 42.29461865714582], [-71.17863662577004, 42.29460365699861], [-71.18635062778364, 42.28746865535383], [-71.18737862822859, 42.286523654851216], [-71.1883806283688, 42.28558965539975], [-71.19011262900169, 42.28398965465558], [-71.1907006298643, 42.28344465445151], [-71.19090463013586, 42.283256654857965], [-71.19115563018916, 42.283067654101124], [-71.19114962950361, 42.28299065429982], [-71.19112462957267, 42.28284465490957], [-71.1911196290605, 42.28281765409933], [-71.1911146298126, 42.28278865462826], [-71.19111462992115, 42.28278465459987], [-71.19111362972937, 42.28278265414673], [-71.19105162954456, 42.28254365426988], [-71.19102063011526, 42.28247065476499], [-71.19086462989982, 42.28215365474727], [-71.1906816291888, 42.281854654394714], [-71.19041962927206, 42.28167865399928], [-71.19025862964492, 42.281590654158926], [-71.19018562903702, 42.28152365417702], [-71.19004462913352, 42.28142365386578], [-71.1897406295625, 42.281244653996744], [-71.18959762895123, 42.28117565403476], [-71.18949562936014, 42.281127654382125], [-71.18915862834294, 42.28098365381032], [-71.18899862838408, 42.28090265381549], [-71.18869362851756, 42.28078965389178], [-71.1886526281551, 42.280770654481145], [-71.1886166292361, 42.28074665394593], [-71.1884936284442, 42.28063565382087], [-71.18832062829144, 42.28050865372085], [-71.188167628954, 42.28042065371519], [-71.18802262815052, 42.28034765441279], [-71.1879956282537, 42.28033565390665], [-71.1877736284965, 42.280235653992], [-71.1874526284183, 42.280149654052046], [-71.1872316283381, 42.28007265395765], [-71.1871846278804, 42.28006465374656], [-71.18694262834649, 42.280046653761474], [-71.18684662797489, 42.28003465396557], [-71.18667662801647, 42.27996265434918], [-71.18649662825813, 42.27990865388799], [-71.1864006281801, 42.27989665371904], [-71.18630262801702, 42.279893653705756], [-71.18596162734158, 42.279899654210844], [-71.18576762747122, 42.27988265446004], [-71.18566962727607, 42.27986965427681], [-71.1855756278134, 42.279857654390966], [-71.18543762714961, 42.279821654382914], [-71.18539462775108, 42.27980465419464], [-71.18531762704843, 42.27976165381619], [-71.18529262778553, 42.279733654422714], [-71.18527562744679, 42.27962665402372], [-71.18524662698863, 42.279521653613784], [-71.18523962764638, 42.279504653877716], [-71.18519962734786, 42.27941165401644], [-71.18512862725159, 42.27924865367307], [-71.18505762764025, 42.279084653947926], [-71.18500962713141, 42.27897565355107], [-71.18496762700616, 42.27888365374815], [-71.18494862734376, 42.27884265419145], [-71.1848586268958, 42.27864565392824], [-71.18481762713918, 42.27855565367344], [-71.18476762708032, 42.278446653976935], [-71.1847076271506, 42.27831465384893], [-71.18464762713252, 42.278194653785434], [-71.18454862737462, 42.27799465394862], [-71.18407262720673, 42.277032653259035], [-71.18403962752699, 42.27696665329656], [-71.18404262657948, 42.27695065330583], [-71.18405962756731, 42.276857653128424], [-71.18406162724875, 42.276844653790015], [-71.18408962643434, 42.2766886538275], [-71.18408462667203, 42.27667265344125], [-71.18402662681514, 42.27646865327445], [-71.18398562706895, 42.276327653355835], [-71.18398162708486, 42.2763146537152], [-71.1839766264444, 42.27629665375313], [-71.1839746274126, 42.27628765335063], [-71.18387562630075, 42.27594465360448], [-71.18380962698836, 42.27582365339563], [-71.1837016262998, 42.275623653146184], [-71.18363562617145, 42.275579653737985], [-71.18343762696445, 42.27545165352057], [-71.18335962719499, 42.27543765310668], [-71.18313162657125, 42.275703653746106], [-71.18166862568171, 42.27594265337526], [-71.17995962577888, 42.27622165357882], [-71.17758762499233, 42.276603653315156], [-71.17629762473551, 42.27616865390772], [-71.17456562429993, 42.27558465350404], [-71.174554623361, 42.27535165324239], [-71.17454962390809, 42.27520465322745], [-71.17454762376231, 42.27514965357003], [-71.17455162323125, 42.2750776534217], [-71.17459162334848, 42.27482965368031], [-71.17460162402978, 42.27479365376415], [-71.1746956234013, 42.27455665377925], [-71.17473762337131, 42.27445965364257], [-71.17478562397679, 42.27434965302558], [-71.17482562354019, 42.274209653304666], [-71.17484562369582, 42.27406765319788], [-71.17485762322184, 42.27381765370118], [-71.17484762425202, 42.2737376534304], [-71.174822623622, 42.27353865296958], [-71.17475062345073, 42.27333065323679], [-71.17455562336204, 42.27288965267859], [-71.17440762367607, 42.27262465350007], [-71.17426962372005, 42.272396653358626], [-71.17406062286344, 42.27211465313619], [-71.1738856233824, 42.271899653183944], [-71.17361662336786, 42.271479652736296], [-71.17356662294122, 42.271417652695966], [-71.17350962341258, 42.27131965307537], [-71.17342462304072, 42.271151652764985], [-71.17336062291331, 42.27105565253401], [-71.17328862302433, 42.27091465312769], [-71.17309062299154, 42.270521652590425], [-71.17300762327186, 42.270242652199705], [-71.17300862246132, 42.27020665286809], [-71.17303162249625, 42.27010165220792], [-71.17304962307901, 42.27006765223218], [-71.17334262281949, 42.26969665225247], [-71.17340662344246, 42.26960065230349], [-71.17347762353234, 42.2695066528833], [-71.17352962324968, 42.26944665243358], [-71.17355962321754, 42.26941865278757], [-71.17366162340942, 42.26934265287579], [-71.17381562304404, 42.26925365256468], [-71.17416262318044, 42.269002652046815], [-71.17428862386984, 42.268893652470396], [-71.17431562373734, 42.26886365264833], [-71.17450162334895, 42.26857365245916], [-71.17458462385095, 42.26833065212141], [-71.17459662392588, 42.268259652274985], [-71.17460562318502, 42.268081651998365], [-71.17459662364233, 42.26790265179756], [-71.17458062297581, 42.26783265206526], [-71.17451862369661, 42.26765965251879], [-71.17444962291454, 42.26748865246251], [-71.17439262342758, 42.26738965206243], [-71.17425962288047, 42.267198652044065], [-71.17415162372293, 42.26707965157387], [-71.17402562322789, 42.26697065177978], [-71.17392162265982, 42.266895652118684], [-71.17368962268984, 42.26676465182724], [-71.17356062295882, 42.26671365218724], [-71.17333062313723, 42.26665365201114], [-71.17265862317338, 42.26656665176429], [-71.17242562306407, 42.266515652347174], [-71.1721496229615, 42.266444651919755], [-71.17210462244242, 42.266432652047364], [-71.1720166225262, 42.266401651809176], [-71.1718326225791, 42.26635565185569], [-71.17161762263044, 42.266271652116245], [-71.17158162228236, 42.266248651766105], [-71.17153062279911, 42.26618765173881], [-71.17145462226422, 42.26605565160883], [-71.17141362259696, 42.265916651790754], [-71.17137862245995, 42.26577565154382], [-71.1713376224513, 42.265563651530485], [-71.17133762229314, 42.26549265184337], [-71.17132162274112, 42.26534965145353], [-71.17132162249831, 42.26531465217661], [-71.17133862197639, 42.26520765211041], [-71.17132162173537, 42.26520265178786], [-71.17117862236476, 42.26516665163364], [-71.17101962258418, 42.26512665133311], [-71.1705706222649, 42.26474465211624], [-71.1692246209713, 42.26359865194989], [-71.16877662160985, 42.26321665112692], [-71.16874662116565, 42.26319065115608], [-71.16865762157697, 42.26311465185921], [-71.16862762085135, 42.263089651192495], [-71.16860662054647, 42.26307165114325], [-71.16854362091544, 42.26301765097555], [-71.16852262148545, 42.26300065115015], [-71.16849462156479, 42.26297665105879], [-71.16841062109975, 42.26290365140369], [-71.16838362119826, 42.26287965147129], [-71.16829362051351, 42.26280265145786], [-71.16815762128913, 42.26270865126669], [-71.16745762013056, 42.262224651418805], [-71.16722462034043, 42.26206365125104], [-71.16718062056827, 42.26202665089439], [-71.16704762042002, 42.26191565132043], [-71.167003620854, 42.26187865089495], [-71.16691562002104, 42.261770650917235], [-71.16667062068933, 42.2614686515309], [-71.16664262029586, 42.261469651511526], [-71.16650362023893, 42.26147565085833], [-71.1661976197536, 42.261208650826525], [-71.16589461953559, 42.260960651499055], [-71.16531062019727, 42.260481651037864], [-71.16493461969013, 42.26016865133992], [-71.1646046193579, 42.25990365122363], [-71.16404361931446, 42.25944165056558], [-71.1634276196542, 42.25893565098042], [-71.16339861937729, 42.25890765113363], [-71.16324961883771, 42.25885865092893], [-71.16309961912454, 42.25880865096104], [-71.16309661876933, 42.25880765092263], [-71.162670618335, 42.25834865030662], [-71.16257661869805, 42.258270650825], [-71.16229361914976, 42.25803865034133], [-71.16219961922492, 42.257960650542856], [-71.16210161816643, 42.257886650648416], [-71.16180861838409, 42.25766765052234], [-71.16171161831306, 42.25759565101254], [-71.16168361912597, 42.257587650337896], [-71.16160161815596, 42.25756265031739], [-71.1615746188424, 42.25755465076221], [-71.16139761786911, 42.25750465088613], [-71.16138661792289, 42.25749565051212], [-71.16094661791092, 42.25713765044409], [-71.16092461827246, 42.25711965050763], [-71.16077161806743, 42.25699465041555], [-71.16069261793722, 42.25692865062092], [-71.16045661805612, 42.256733650076406], [-71.1603776180661, 42.25666865029902], [-71.16029561751677, 42.25660365059159], [-71.15987761814463, 42.2562516507304], [-71.15858461785432, 42.25516365051595], [-71.1582976171127, 42.25530765045025], [-71.1581296167061, 42.25539364987229], [-71.15739461691007, 42.255765650195016], [-71.15669961665867, 42.25611765079765], [-71.1562816162874, 42.25633065035682], [-71.15595861686799, 42.25649365015123], [-71.15522461618774, 42.2568666506169], [-71.15421361552652, 42.25738065108566], [-71.15315861635027, 42.2579186505313], [-71.15231261490575, 42.25834465147949], [-71.15211861482958, 42.25825565122836], [-71.15158261511884, 42.258012650667794], [-71.1503866149793, 42.257468651243215], [-71.14942861458826, 42.257032651036084], [-71.14873461412034, 42.25671565090763], [-71.1477366135252, 42.25626165110962], [-71.14664261310143, 42.2557636508163], [-71.14661561382432, 42.255614650865574], [-71.14659761391181, 42.255605650927464], [-71.14645161301036, 42.25517065089689], [-71.14639661372934, 42.255006650187845], [-71.14637361294356, 42.25488965033503], [-71.1463036132037, 42.25454265041901], [-71.14628061323403, 42.25442665077845], [-71.14626361361594, 42.254341650043436], [-71.14621361382132, 42.254089650712004], [-71.14619661290902, 42.25400665043689], [-71.14617761354161, 42.25380365031788], [-71.14612261352146, 42.253197650469076], [-71.14610361316117, 42.25299664988183], [-71.14609661321002, 42.25290664990888], [-71.14605861305536, 42.25273764973776], [-71.1458856126772, 42.25196764973952], [-71.14582761340502, 42.25171065034904], [-71.14573261344705, 42.2512896494682], [-71.14544861284301, 42.25002764945497], [-71.14535461325951, 42.249607649640616], [-71.14532361219949, 42.24947164986586], [-71.1452566129322, 42.249175649764645], [-71.1452316128859, 42.24906564955022], [-71.14520161253265, 42.24893064945894], [-71.14519561288826, 42.248906649443136], [-71.14516061257308, 42.24876564954425], [-71.14503861292833, 42.24827164940974], [-71.14499761306347, 42.24810764965495], [-71.14496961262573, 42.24797964924491], [-71.1448876127383, 42.24759864946586], [-71.14486061289183, 42.247471649650905], [-71.14484061220735, 42.247376649489176], [-71.1447796124927, 42.24709264882696], [-71.14475961250112, 42.246998648887036], [-71.14471561278417, 42.246794648956744], [-71.14458561194157, 42.246184649379764], [-71.14454161259162, 42.24598164869028], [-71.14451261240971, 42.24584664872705], [-71.14442561260539, 42.24544164877281], [-71.14439661170606, 42.2453066487628], [-71.14440061179162, 42.24529364900887], [-71.14441361259723, 42.24525664882711], [-71.14441761191605, 42.24524464841151], [-71.14442261164879, 42.24523164905214], [-71.14443561242892, 42.245194648867454], [-71.14443961173959, 42.24518264845093], [-71.1444436125734, 42.245168648455895], [-71.14445661198201, 42.24512864843948], [-71.1445166119931, 42.24514764887761], [-71.14454261181321, 42.245153648907504], [-71.14453561167203, 42.24511564865888], [-71.1443946118401, 42.24442264854584], [-71.14406961182887, 42.24282764814247], [-71.14386961218158, 42.241849648032776], [-71.14385661170974, 42.24178164793994], [-71.14381261194224, 42.24156264830856], [-71.14366461175047, 42.240842648227414], [-71.14349861099662, 42.24007364757681], [-71.14344761137976, 42.23978364746752], [-71.1434016115681, 42.23954764805192], [-71.14336261184418, 42.23935464748558], [-71.14319461185535, 42.23851964731777], [-71.14309161142351, 42.23802164721956], [-71.1430706113488, 42.23791664732704], [-71.14299661081779, 42.237556647472886], [-71.14287861135001, 42.2369796469363], [-71.1428456117022, 42.236837647459], [-71.1428016112581, 42.23660064733539], [-71.14276161148953, 42.23640064703345], [-71.14274761054077, 42.2363306467393], [-71.14268161159423, 42.23600664692262], [-71.14239261128496, 42.2358096469464], [-71.1420406103795, 42.23555164738532], [-71.1419046106341, 42.2354526474076], [-71.14184461080318, 42.23540964689469], [-71.14166561048378, 42.23528164672656], [-71.14160661046958, 42.23523864740756], [-71.14147961037018, 42.23514664701249], [-71.1410996105298, 42.23487364702683], [-71.14097260986145, 42.234782647202245], [-71.14083361092744, 42.234682647109516], [-71.14041961030712, 42.23438564691707], [-71.14028261003965, 42.23428664724774], [-71.14009260982318, 42.23414964662334], [-71.139523609822, 42.23374164670168], [-71.13933461028974, 42.23360564638472], [-71.13922960931157, 42.23353164674751], [-71.1391966094402, 42.23350764699575], [-71.13887260923703, 42.23339964693106], [-71.13882760946565, 42.233384646625], [-71.1387686093683, 42.233344646552766], [-71.13824560930051, 42.23298964664421], [-71.13805260945803, 42.23286364662048], [-71.1370986091821, 42.232217646310836], [-71.13687260912225, 42.232058646194275], [-71.13666560830472, 42.23191864649516], [-71.13582160911096, 42.231348646518164], [-71.1330226072883, 42.229457646312405], [-71.1326336067795, 42.22919364613328], [-71.13251760745956, 42.229112646540145], [-71.13219560658791, 42.22890764605107], [-71.13195460721455, 42.22873064571161], [-71.13181760760372, 42.22862964606912], [-71.1317616067566, 42.22858764606076], [-71.1315926067252, 42.228462645612744], [-71.13153660738092, 42.228420646397474], [-71.13152760748903, 42.228408646068445], [-71.13147760726734, 42.22837264594953], [-71.13132760645102, 42.22826764619549], [-71.13132260635453, 42.228264645602536], [-71.13127860729693, 42.22823264584825], [-71.13125460694992, 42.22821564559276], [-71.13122060716275, 42.22819064634981], [-71.1311846071811, 42.22816464582508], [-71.13116260687342, 42.22814764567512], [-71.13113760696208, 42.228129645538026], [-71.13110260642902, 42.228103646398694], [-71.13106560691955, 42.22807664597887], [-71.13104160668873, 42.22805964567835], [-71.13100660647379, 42.22803464585544], [-71.13090260659408, 42.22795964593864], [-71.13086860708825, 42.227934645689935], [-71.13085660727633, 42.22792464605224], [-71.13082060614668, 42.2278976460622], [-71.13080860658627, 42.227888645765454], [-71.13079260636036, 42.22790264634823], [-71.13078360625693, 42.22790964612263], [-71.13076760703713, 42.22794364621453], [-71.130757606279, 42.227955645795994], [-71.13074360694056, 42.22797364568878], [-71.13062160665727, 42.22807864620453], [-71.13038760667423, 42.22838764573808], [-71.13031160669964, 42.22847864566976], [-71.13028960666423, 42.22849464625256], [-71.13017360700077, 42.22857764581236], [-71.13013260692767, 42.228596646195285], [-71.13004260646534, 42.22862264609225], [-71.12994960598235, 42.228640645985976], [-71.1299016065247, 42.2286436458993], [-71.12976060592456, 42.228667646267674], [-71.12971560657033, 42.228679646286885], [-71.1295056060434, 42.22876564599377], [-71.12947260596054, 42.22879164577521], [-71.12939560678409, 42.22888064588413], [-71.12928960666508, 42.22903964597679], [-71.12921060574097, 42.2291696459546], [-71.12918660626305, 42.229237646325075], [-71.12916560618936, 42.229270645991804], [-71.12913960639368, 42.22933764594498], [-71.12911860605215, 42.2293696462568], [-71.12907560624208, 42.22947064641596], [-71.12902760651902, 42.2296056459408], [-71.12899760636193, 42.22967264643279], [-71.12896660583834, 42.22969964647347], [-71.12886160628292, 42.229774646789096], [-71.1288436057204, 42.22978564619582], [-71.12875260660509, 42.22984464634741], [-71.12867660628461, 42.22988764601371], [-71.12850060598043, 42.23001064681402], [-71.12843860657567, 42.23006464662288], [-71.12838860631572, 42.23012564645321], [-71.12833260623206, 42.23018264655806], [-71.1282966062755, 42.23020664659706], [-71.12826160616298, 42.2302706461692], [-71.1281786061733, 42.23035564663873], [-71.12774160613128, 42.230874646586116], [-71.12772160616449, 42.23089864702012], [-71.12762960554299, 42.2309806468675], [-71.12756160608025, 42.231031646703215], [-71.12747360535249, 42.231060646411336], [-71.127379605423, 42.23107564655109], [-71.12685660545655, 42.23111964625838], [-71.12680960597322, 42.23113064649502], [-71.12654660565484, 42.23122064678578], [-71.12650660601776, 42.23124064667269], [-71.12647060597511, 42.2312646470385], [-71.12640560512907, 42.23131764653655], [-71.1263776049687, 42.231346647129506], [-71.12635760564356, 42.23137864658835], [-71.1262066050418, 42.231557647144456], [-71.1261426053798, 42.23160964680698], [-71.12603460534477, 42.23168164662642], [-71.12598960571343, 42.231694647232146], [-71.1258686055412, 42.23175264701558], [-71.12578360577388, 42.23178664653428], [-71.1257066051292, 42.23182864702819], [-71.1256706056612, 42.23185264714438], [-71.12560860566776, 42.231906647218516], [-71.1255076057276, 42.232020647258175], [-71.12544960487172, 42.232085646784554], [-71.12526560549955, 42.23233664697619], [-71.12520760536727, 42.23239364712129], [-71.12507360557046, 42.23249564680753], [-71.12487460520975, 42.23259664703947], [-71.12483460518465, 42.2326326466607], [-71.12478760520861, 42.23269464686042], [-71.12471660462634, 42.23282664693763], [-71.12470760455757, 42.23286164679078], [-71.12469860448945, 42.23296764692898], [-71.12470260486329, 42.23307464750471], [-71.12472060512945, 42.23319964694447], [-71.124758605252, 42.233461647178906], [-71.12477360457113, 42.233531647632006], [-71.12478160529916, 42.233637647521604], [-71.12478460515761, 42.23377964707557], [-71.12477560499107, 42.23381464692789], [-71.12474760456887, 42.23388164741359], [-71.12467360533961, 42.234013647539484], [-71.1246036047714, 42.234063646926856], [-71.12445860507442, 42.234157647556955], [-71.1244136048403, 42.23417264713279], [-71.12436660482162, 42.23418164768103], [-71.12427860525457, 42.234208647156834], [-71.1241846051173, 42.23422664722304], [-71.12384460499939, 42.234220647481976], [-71.12374960412689, 42.23420964761826], [-71.12360860496878, 42.23418664695847], [-71.12336660419467, 42.23419064726425], [-71.12327260457505, 42.23420464740752], [-71.12299660424064, 42.23427464782441], [-71.12295360386734, 42.23429064734033], [-71.12291960488605, 42.23431764759452], [-71.12289560407811, 42.234330647550735], [-71.12288060416319, 42.23433864704203], [-71.12281260441928, 42.23438864741227], [-71.12276960425591, 42.23443064782242], [-71.12275360434208, 42.23444564752455], [-71.12273360499424, 42.23446964708545], [-71.12270960429582, 42.23450764772048], [-71.12270460473879, 42.23453364755357], [-71.1227016046315, 42.234552647744025], [-71.1226986044177, 42.2345936470164], [-71.12269460437714, 42.234654647896605], [-71.12268960494839, 42.23471664753609], [-71.12268660471373, 42.234757647707184], [-71.12280760409236, 42.23513264739084], [-71.12285660496968, 42.23523364765234], [-71.12287960410734, 42.23526464797507], [-71.12293460492012, 42.23532364773664], [-71.12303560491667, 42.23541664751265], [-71.12305560436721, 42.23543564761633], [-71.12380560468544, 42.23604064791512], [-71.12387460517974, 42.23609064768091], [-71.12421360554444, 42.23639264793404], [-71.12435160452254, 42.23653964759384], [-71.12456760509184, 42.236816647690844], [-71.12465260475072, 42.23700364813433], [-71.12475060537582, 42.23722064791753], [-71.12493260542882, 42.23747364820294], [-71.12502260589113, 42.23755764764701], [-71.12505860491495, 42.23758264800245], [-71.12509860546942, 42.23760564832345], [-71.12512860496406, 42.23762264781573], [-71.12514460492973, 42.23763164824639], [-71.1252146054278, 42.23766564834428], [-71.12525560539342, 42.23767864763204], [-71.12547560521045, 42.237747647853595], [-71.12554060587375, 42.23778964779425], [-71.1256816054788, 42.237909648097876], [-71.12570460580281, 42.23798064769075], [-71.12576960528361, 42.238209648095705], [-71.12587460568342, 42.238416648327465], [-71.12595160536763, 42.23857364855548], [-71.126025605569, 42.238707647750964], [-71.12607960526483, 42.238803648106], [-71.12614160590242, 42.23892664776291], [-71.12629660585655, 42.239071648547686], [-71.12637760586699, 42.2391706482536], [-71.12580260550072, 42.2394636481659], [-71.12567060567659, 42.23953564857058], [-71.12254860483019, 42.24115264873477], [-71.12211760496447, 42.24137764859176], [-71.12138960444612, 42.241750648999314], [-71.12052260435085, 42.24220364870538], [-71.11993460348573, 42.24250964874807], [-71.1196446034014, 42.24265864911783], [-71.11942360425114, 42.24277364868379], [-71.11652960294559, 42.24428264919626], [-71.11640960235628, 42.24433664944918], [-71.11615560313642, 42.244468649126844], [-71.11539860225157, 42.24486064975353], [-71.11520260222053, 42.24496365000442], [-71.1150716027975, 42.245030649365106], [-71.11464960264445, 42.245249649912466], [-71.11456360185682, 42.24529264984868], [-71.11446060281351, 42.24534664932833], [-71.11344960183959, 42.24587164982268], [-71.1132686022512, 42.24595664969022], [-71.11298560192408, 42.246112649525166], [-71.11261460135296, 42.246304650396404], [-71.11216460198706, 42.246537649765976], [-71.11205760122012, 42.246593650263094], [-71.11177760183911, 42.24674265015874], [-71.1109376009381, 42.24718565017016], [-71.11028660100645, 42.24751165054678], [-71.10993160075665, 42.247693650521335], [-71.10934760061335, 42.247998650226805], [-71.1093496008025, 42.24804865027351], [-71.10935960106174, 42.24839765023359], [-71.10936560044061, 42.24855965056909], [-71.10937760131795, 42.24912965062746], [-71.10940760134007, 42.250242650907964], [-71.10942860055391, 42.25102265126287], [-71.10946260129865, 42.2521136513019], [-71.10946560169491, 42.25241865162808], [-71.10948860109167, 42.253335651078665], [-71.10950160108831, 42.2537906513962], [-71.10952760123044, 42.254763651825684], [-71.10954460097331, 42.25542065228429], [-71.1097326016621, 42.25559765177096], [-71.11043160118042, 42.25625865164651], [-71.11085860120309, 42.25666265216069], [-71.11139160163137, 42.25716065167759], [-71.11236460256494, 42.25809665229775], [-71.1123926019469, 42.25812465182858], [-71.11240160272949, 42.258131652387604], [-71.11243360286082, 42.25815865256802], [-71.11246860266665, 42.25818465271921], [-71.11249760238917, 42.25820565211344], [-71.1125776028327, 42.25828665257909], [-71.11289160303973, 42.25860165217188], [-71.11293860307404, 42.25864965201268], [-71.11299560267142, 42.258706652591314], [-71.11302860210031, 42.258731652786835], [-71.11307760259697, 42.25876865216165], [-71.11312660314533, 42.25880565241556], [-71.11315960267748, 42.25883065257294], [-71.1131836024747, 42.258848652228814], [-71.1132186029235, 42.25887565238841], [-71.11325460327848, 42.25890265230376], [-71.11327760325334, 42.25892065217323], [-71.11317460252826, 42.25900665273003], [-71.11293060298297, 42.25919165285068], [-71.11286960314389, 42.259238652079894], [-71.11264960242637, 42.25942765244543], [-71.11251260292454, 42.25957565255799], [-71.11235960270729, 42.25979765230074], [-71.11210960232275, 42.2600166529904], [-71.11201760211134, 42.260137653064234], [-71.11192060276268, 42.26026665249575], [-71.11182060250452, 42.26038965286028], [-71.11173760254184, 42.2604776526887], [-71.11171360229898, 42.26049865310917], [-71.11161260260319, 42.26058665319963], [-71.11157460230447, 42.26060965263292], [-71.11138860248856, 42.26072365300989], [-71.11117960215094, 42.260816652984566], [-71.11100460249477, 42.260868652575276], [-71.11093860224028, 42.260888652551905], [-71.11081860203097, 42.26092465248959], [-71.11080260181066, 42.26093065281967], [-71.1106866019483, 42.26097065273502], [-71.11057660140115, 42.26105265326559], [-71.11053760191925, 42.26107365298801], [-71.11044960241215, 42.26110365249494], [-71.1102246019333, 42.26117165256395], [-71.1100826013348, 42.261196652735094], [-71.1099866014368, 42.261208652804946], [-71.10984860185098, 42.26124265313479], [-71.10961060127434, 42.261275652536064], [-71.10951460157384, 42.26128365305155], [-71.10928460184495, 42.26128765310748], [-71.10912860135043, 42.261283653310336], [-71.10889160198036, 42.261246653106376], [-71.10881060138554, 42.26121865314992], [-71.10871560135564, 42.26118665308732], [-71.10859560100337, 42.26112565258916], [-71.1085746018768, 42.2611136528487], [-71.1085006016489, 42.26106965288002], [-71.10829160157812, 42.260947652622406], [-71.10812960085818, 42.2608696528096], [-71.1079936015263, 42.2608216533191], [-71.10760560095788, 42.260682653191864], [-71.10746160089988, 42.26066065268909], [-71.10702660049554, 42.260687653204535], [-71.10674160082985, 42.2607326525489], [-71.10633260083769, 42.26080665265842], [-71.10607960075593, 42.26085165292713], [-71.10588759983729, 42.260871653432794], [-71.10578960053533, 42.260871652849396], [-71.10577059988769, 42.260871653339464], [-71.1057435999921, 42.260871653370565], [-71.1056626004706, 42.26087065318561], [-71.10563460066808, 42.26087065335846], [-71.10559560068924, 42.26087065265444], [-71.10554759994966, 42.26086565312618], [-71.10551059990068, 42.26085765283636], [-71.10540760009584, 42.260834652619344], [-71.10523260031762, 42.26077365314131], [-71.10515660022139, 42.260731652714206], [-71.10507659973919, 42.26068765330134], [-71.10504760012279, 42.260666652939086], [-71.10498860000244, 42.26062365300975], [-71.10493860027462, 42.26058765329014], [-71.10480760039854, 42.2604816532476], [-71.10466159943037, 42.26033865281485], [-71.10455060026725, 42.260222653199136], [-71.10441959987656, 42.26010065334703], [-71.1043695992798, 42.26005365252117], [-71.10423059980154, 42.25995465293515], [-71.10404560034586, 42.25983965276364], [-71.10396459989653, 42.25979965277853], [-71.10387459926612, 42.25977265272934], [-71.10382759996102, 42.2597646525085], [-71.10373560009468, 42.2597416527182], [-71.10367259936781, 42.259731652548176], [-71.10360659945704, 42.259731652502815], [-71.10343059929227, 42.25973365297714], [-71.10338259918248, 42.25973065302336], [-71.10328559990704, 42.259738652978314], [-71.10314259923942, 42.25976065299833], [-71.10300459929167, 42.25979365297474], [-71.10269159969667, 42.259892653008706], [-71.1024085994129, 42.26003165317232], [-71.10221659954716, 42.26014165302801], [-71.10208359853412, 42.26022065329407], [-71.10145959873128, 42.26059065267082], [-71.10142359839142, 42.260612652757], [-71.10135259869561, 42.260651653365116], [-71.10131359857674, 42.26067365290568], [-71.1012955991983, 42.26068365313918], [-71.10119259917101, 42.2607416533458], [-71.10115259903546, 42.2607636529597], [-71.1010685983423, 42.26081065337526], [-71.1008155982775, 42.26095065324388], [-71.10073159829837, 42.260997653415394], [-71.1006475981946, 42.26104465352506], [-71.10058359837345, 42.26107765314865], [-71.10057059905023, 42.26108465283208], [-71.10040959863305, 42.26116965333786], [-71.10029859860444, 42.26123865366189], [-71.10023459801253, 42.26129265364564], [-71.10016659903698, 42.261355653543106], [-71.10004259881376, 42.26147065364345], [-71.10000859867321, 42.2615016534173], [-71.09999359880484, 42.26151565315458], [-71.09993259908539, 42.261572653341446], [-71.09984059857946, 42.26165165340048], [-71.09978859878377, 42.26169565293253], [-71.09976959862186, 42.26171165358463], [-71.09970759866921, 42.26176365346224], [-71.09961559881734, 42.26184265334231], [-71.09947159872742, 42.26197865386429], [-71.09943759872559, 42.2620116530497], [-71.09939559812673, 42.262053653489865], [-71.09915959840268, 42.2622916533825], [-71.09908959768771, 42.262353653511916], [-71.09898759769999, 42.26242965326115], [-71.09888059861284, 42.26250265364121], [-71.09872259872105, 42.26258565367579], [-71.09863759864773, 42.26261965379208], [-71.09855559839771, 42.26265765359186], [-71.09842059848206, 42.262697653941885], [-71.09827159798932, 42.26273365370794], [-71.09795959744086, 42.26280965322666], [-71.09794659832218, 42.262813653692106], [-71.09787159820691, 42.26283465361444], [-71.09782259844313, 42.26284865373782], [-71.09773659816985, 42.262880653705395], [-71.09757059830129, 42.26295265389553], [-71.09742559732838, 42.263047653775295], [-71.09739659777632, 42.26307665361772], [-71.09724659740145, 42.26325865398172], [-71.09717959830213, 42.263353653409034], [-71.09714959747285, 42.263410653713315], [-71.0968825980609, 42.26392065421332], [-71.09681459772771, 42.26409165378179], [-71.09669259720124, 42.264324654134576], [-71.09657159772249, 42.264519654131284], [-71.09639259774761, 42.26473165411136], [-71.09612859794973, 42.264985653991324], [-71.09568559695731, 42.26535965431503], [-71.09544959730052, 42.2655836539616], [-71.09525659715736, 42.26579465390651], [-71.09507659753916, 42.26604365447626], [-71.09495659684143, 42.266235654635885], [-71.09491159715554, 42.26629765395018], [-71.09477859691373, 42.26652165446016], [-71.09471059705194, 42.26661565404213], [-71.09467459752062, 42.266657654112024], [-71.09463259679312, 42.26670665447474], [-71.09462559652208, 42.26671465419301], [-71.0945295964926, 42.2668256543373], [-71.09450259679134, 42.26684965479722], [-71.09445459749925, 42.26689365431931], [-71.09443959667003, 42.266906654882334], [-71.09436559687164, 42.266951654612434], [-71.09433459723087, 42.2669786542285], [-71.09417659749056, 42.26706065495905], [-71.09404659738155, 42.26709065463919], [-71.09393459743045, 42.26711665474033], [-71.09390959710711, 42.26712065462727], [-71.09387559726453, 42.26711965479322], [-71.09382359732635, 42.267118654306685], [-71.09377259653091, 42.267116654389895], [-71.09373759668664, 42.26711565457882], [-71.09370259648948, 42.26711565499592], [-71.0936565962382, 42.26711565429319], [-71.09359559716417, 42.26710865463139], [-71.0935605971782, 42.267104654945705], [-71.09342159658978, 42.267073654231496], [-71.0931295967151, 42.26694865419102], [-71.09290959625888, 42.26680865476687], [-71.09286859675122, 42.26679065454632], [-71.09271059664033, 42.26674465492687], [-71.09255359676409, 42.26669865413615], [-71.09250659651333, 42.2666896544637], [-71.091838595631, 42.26659865420977], [-71.09135659608779, 42.266547654578], [-71.09112459629405, 42.26649665470837], [-71.09103059571919, 42.26648065465174], [-71.09084759542604, 42.26643765417478], [-71.0907035956653, 42.26642065461755], [-71.09065459632434, 42.26641965438517], [-71.0905595956406, 42.26643465422928], [-71.09046859610757, 42.266458654222255], [-71.09042459590351, 42.26647465419967], [-71.09035659613272, 42.26652565439377], [-71.09027859618192, 42.26661565435407], [-71.09023859525398, 42.26668065420012], [-71.09015959500437, 42.26684765461356], [-71.08998859601824, 42.267292654438144], [-71.08990259572751, 42.26757365435605], [-71.08988159525434, 42.267641655116975], [-71.08986659602006, 42.26771265461883], [-71.089864595769, 42.26773665504112], [-71.08988859567518, 42.267790654689165], [-71.08992659522742, 42.267872655229176], [-71.08995559523888, 42.267938654890905], [-71.08996259525858, 42.2679536546776], [-71.0899875957372, 42.26800965475375], [-71.09004359576355, 42.268118654875565], [-71.09007859614077, 42.26818465521514], [-71.09018059561214, 42.268384654934636], [-71.09020159519031, 42.26842565508573], [-71.09026259533138, 42.26880765472695], [-71.09023059558446, 42.26914965502796], [-71.09010659546648, 42.269354655129746], [-71.08996759569742, 42.26947865503456], [-71.08990959573289, 42.26951365530091], [-71.08970459506125, 42.26963665482624], [-71.08952359556626, 42.2696736552249], [-71.08940359527189, 42.269698655392865], [-71.08917259567224, 42.269746655562365], [-71.08915059535941, 42.269750655244536], [-71.08867259476138, 42.26974165533418], [-71.08810559472933, 42.26963965496685], [-71.087751594996, 42.26957565504868], [-71.08734159441688, 42.269501654794], [-71.08681059494594, 42.26940565546483], [-71.08669359454774, 42.26939065489513], [-71.08610059477869, 42.26931965480217], [-71.08594859396543, 42.26930065510612], [-71.08569159434329, 42.269237654824956], [-71.08565759470532, 42.26919365483969], [-71.08560559408697, 42.269127654830456], [-71.08555459361368, 42.26906165480462], [-71.08551959460678, 42.269016655431], [-71.08540559434842, 42.26899365524789], [-71.08534559463003, 42.268983654997164], [-71.0848155942031, 42.26889465529778], [-71.08464259418533, 42.268865654770536], [-71.08436159366784, 42.26881865496247], [-71.08417859429544, 42.26877165553215], [-71.08399159375605, 42.26872965512087], [-71.08369459312529, 42.26862465559702], [-71.0835525939057, 42.268574655412756], [-71.083211593407, 42.26851665491778], [-71.08296859280067, 42.26850465486177], [-71.08292159283164, 42.26851365559891], [-71.08283159311357, 42.2685406548045], [-71.08261359313846, 42.26862065529654], [-71.08232359367409, 42.26875365566554], [-71.08109159281264, 42.26892965542635], [-71.08083259290248, 42.26897865578095], [-71.08080959228256, 42.268982655617506], [-71.08031459211574, 42.26921165569245], [-71.0799595918722, 42.26942165523552], [-71.07992659296539, 42.26944065524432], [-71.07980059248366, 42.269514655932646], [-71.07976059273099, 42.26953865578854], [-71.07956859235595, 42.269568655298805], [-71.07928059268299, 42.26961465510727], [-71.07899359263197, 42.269660655158276], [-71.07880059208827, 42.26969165536226], [-71.078748592203, 42.26969965562324], [-71.07859159183477, 42.26972465553461], [-71.07853859184878, 42.26973265563208], [-71.07850859230321, 42.269737655672614], [-71.07846259201078, 42.26974465597574], [-71.07841759176178, 42.26975165543005], [-71.07838559210245, 42.26975665529862], [-71.07835859206082, 42.26976065526769], [-71.07827559243441, 42.269773655237195], [-71.07824759173255, 42.26977865534728], [-71.07816259136384, 42.26979265533061], [-71.07805759181589, 42.269809655420715], [-71.07748559205255, 42.26990065582223], [-71.07729459195392, 42.26993065521662], [-71.0769725913736, 42.26998165584057], [-71.07682159162619, 42.27006065601601], [-71.07654259189947, 42.27020565552535], [-71.07592259090269, 42.27034065549593], [-71.07538659066819, 42.270281655879714], [-71.07520559089143, 42.27026165604413], [-71.0748945906128, 42.270311656186635], [-71.0747795910516, 42.270317655936104], [-71.07456859016116, 42.2703246558426], [-71.07448759026688, 42.27032665603932], [-71.07400159067194, 42.270298655397475], [-71.07371059010586, 42.27029465590763], [-71.07359059071065, 42.2703016559552], [-71.07329559030597, 42.27031865551991], [-71.07326458986505, 42.27032565545663], [-71.07322658970908, 42.27032265577662], [-71.07320958980405, 42.270324656104606], [-71.07313159014538, 42.27033365557515], [-71.07304259064924, 42.270339655691416], [-71.07298658978999, 42.270348655819085], [-71.07279858969842, 42.27043765599507], [-71.07277659012328, 42.27045465567608], [-71.07273359030552, 42.27048965628307], [-71.07256059058275, 42.27061365637723], [-71.07244259014233, 42.27067765567756], [-71.0724005903332, 42.27069465555095], [-71.07231058955375, 42.270722655767585], [-71.07214559046231, 42.270751655867954], [-71.07191259006846, 42.27079165610807], [-71.07189558930376, 42.270794655579124], [-71.07174259028682, 42.270820655896536], [-71.07169459008615, 42.27082165629531], [-71.07135358950046, 42.27080465569724], [-71.07129758947852, 42.270792656253704], [-71.07093159003541, 42.27071765605636], [-71.07060858973517, 42.2706386560483], [-71.07041558991621, 42.2706216558354], [-71.06978458919937, 42.27061365607873], [-71.06971058869964, 42.27061965578304], [-71.0694605892128, 42.27064065571063], [-71.06930258865093, 42.27065265586709], [-71.06925358915318, 42.27065765606228], [-71.06901158852871, 42.27067065607842], [-71.06884558909154, 42.27070465609574], [-71.0687785889276, 42.270718656398394], [-71.06869358888052, 42.270740655812894], [-71.06850258919559, 42.270783656342076], [-71.0684145892717, 42.270814656350325], [-71.0683755891053, 42.27083565618794], [-71.06826358883951, 42.2709146557648], [-71.06820058896714, 42.270958656387165], [-71.06813958840793, 42.27101165585702], [-71.06798158880845, 42.27114865639747], [-71.06795458913254, 42.2711776563446], [-71.06787858838906, 42.27130865583923], [-71.067815588278, 42.27140465616503], [-71.06778058843484, 42.27142965651198], [-71.06774058836311, 42.27144965663129], [-71.06771458878735, 42.271457656129506], [-71.06769558883232, 42.2714636562799], [-71.06759958788658, 42.27146965644004], [-71.06750158849879, 42.27146865631165], [-71.06745358862122, 42.27147165632294], [-71.0674045879765, 42.27146765626088], [-71.06702758844118, 42.271395656034755], [-71.06670558868143, 42.27131465644789], [-71.06622758766328, 42.27124665607447], [-71.06604158753274, 42.27120365608501], [-71.06590458801554, 42.27116765633984], [-71.06586058781211, 42.271148656499086], [-71.0656515872401, 42.27106065621632], [-71.06554058805325, 42.270990656140604], [-71.06532758794192, 42.270819656138094], [-71.06529758822111, 42.27079565654512], [-71.06517058788052, 42.27061365586626], [-71.06509358708679, 42.27050465582472], [-71.06486158780774, 42.27002265561983], [-71.06476558780103, 42.26982165568813], [-71.06465458778575, 42.26959065638758], [-71.0647235874932, 42.26929865569224], [-71.0646795877432, 42.269116655653335], [-71.06444858781286, 42.26896265552041], [-71.06430858674047, 42.268868655453424], [-71.06426958689778, 42.26878965586628], [-71.06410158694719, 42.26843965582378], [-71.0638935871694, 42.268006655511805], [-71.06323758710573, 42.26780665568607], [-71.06286458665554, 42.267693655940704], [-71.06264958660941, 42.26762765596707], [-71.06232458637113, 42.26752765583008], [-71.06200158668342, 42.26742965567902], [-71.06189558605202, 42.267397655940236], [-71.06178458633006, 42.26736465569145], [-71.06171658573498, 42.26734465603798], [-71.0615935858738, 42.267307655652374], [-71.06151858636481, 42.2673526556925], [-71.06145758653359, 42.26738965589296], [-71.06089658650852, 42.26773165574228], [-71.06005258564396, 42.268245655894816], [-71.05921158537409, 42.2687586557187], [-71.05864958552992, 42.2691016563022], [-71.0582745851588, 42.26933065636088], [-71.0579425848702, 42.26953365598194], [-71.05770958527351, 42.26967565659435], [-71.05714458499547, 42.27001965650627], [-71.05708358487766, 42.27005665618326], [-71.0567675847859, 42.270249656779086], [-71.05645158519297, 42.270442656507484], [-71.05597658467028, 42.27073265657217], [-71.05550358426001, 42.27102065652877], [-71.05518658414117, 42.27121365700737], [-71.05445158382759, 42.27166165665746], [-71.05339558416932, 42.272305656632774], [-71.0541025843, 42.273451657060775], [-71.05455458472792, 42.27418465750589], [-71.05468258427845, 42.27439365685838], [-71.05487558457233, 42.27470665755565], [-71.0550695844861, 42.2750196572728], [-71.05519958404791, 42.27522865744723], [-71.05525858455965, 42.27532365761571], [-71.05532758489457, 42.27543565734552], [-71.05534658475987, 42.27546765758061], [-71.05543458510638, 42.275610657232264], [-71.05549458429819, 42.275706657774656], [-71.05544858513073, 42.27597265719126], [-71.05546358509962, 42.27603965754463], [-71.05561858490174, 42.27613265761897], [-71.05562658475868, 42.27616965785856], [-71.05556058438965, 42.276225657237994], [-71.0553835849716, 42.276266657282406], [-71.05525058497943, 42.27632765759253], [-71.0551695849169, 42.27643465774778], [-71.05504158406991, 42.2766906574568], [-71.05492658441182, 42.276824657350446], [-71.05448258500566, 42.27726565806534], [-71.05425358442018, 42.277425657924354], [-71.05396258385578, 42.277605658160354], [-71.05384758491, 42.2776336575961], [-71.05369558454011, 42.27764165778849], [-71.05350858383429, 42.27773465830002], [-71.05317158464132, 42.277902657590964], [-71.05276958381033, 42.27803565818875], [-71.0520915832416, 42.278151657690636], [-71.05198358376398, 42.27814965824159], [-71.05172158381751, 42.27820765827306], [-71.05138258327764, 42.278389657785375], [-71.0512585833977, 42.278409658068846], [-71.0506735837364, 42.27839765854078], [-71.05035058294023, 42.27845265826116], [-71.05021058358474, 42.27852365835898], [-71.0501035833196, 42.27854765830595], [-71.04968758359728, 42.27855465844302], [-71.04927158229283, 42.27852165825154], [-71.04879458242992, 42.27842665861837], [-71.04867158215507, 42.278383658388755], [-71.04834858271076, 42.278164657691825], [-71.0482805824819, 42.27813965795541], [-71.0481945830361, 42.27810865795896], [-71.04807758252662, 42.278083658009635], [-71.04744058258862, 42.27794665848418], [-71.04704158242113, 42.27772865822973], [-71.04668758249382, 42.27746465834665], [-71.04642658228462, 42.27728065768703], [-71.04621158182938, 42.27717665758096], [-71.04565758159782, 42.27702365792258], [-71.04504358194303, 42.27696765828701], [-71.04465658080552, 42.27698765822865], [-71.04424058160616, 42.27708065843827], [-71.04391658042026, 42.277217657675955], [-71.04369958045821, 42.27737465831879], [-71.04325158046741, 42.27779665844111], [-71.04257158094714, 42.278299658318], [-71.04195357992687, 42.27888265870332], [-71.04192257996131, 42.27896865842522], [-71.04198358003579, 42.27903065823114], [-71.04215258059179, 42.27903165882634], [-71.04252258063534, 42.27898465878449], [-71.04264558111112, 42.27901865803735], [-71.04272258118041, 42.279075658730754], [-71.0427365808632, 42.27932765809891], [-71.0426585812578, 42.27967165903698], [-71.04227258054787, 42.28051565879069], [-71.0419905802466, 42.280570658882134], [-71.04177558067433, 42.280678659242994], [-71.0417605800772, 42.280686658943836], [-71.04171358083586, 42.28088165878212], [-71.04169758022593, 42.281178659158286], [-71.04161758078685, 42.28178365912774], [-71.04152358097942, 42.282113659470745], [-71.04153658060382, 42.282752659574946], [-71.04148858008433, 42.28311865939491], [-71.04150358018208, 42.28348765928904], [-71.04147158040304, 42.28356465897323], [-71.0408835809106, 42.284295659941336], [-71.04076058088896, 42.284365659514926], [-71.04060558020844, 42.28438665967678], [-71.04056058012645, 42.2844086596372], [-71.04051358070367, 42.28443265926471], [-71.04028158008863, 42.28461665924822], [-71.0402225799522, 42.28467665987633], [-71.04013858019137, 42.28476365960214], [-71.03997258050646, 42.284933659615184], [-71.03975558068386, 42.285094659971726], [-71.03941557990065, 42.28528566016074], [-71.03870957997184, 42.28582365984308], [-71.03844257981387, 42.286027659891666], [-71.03843257984798, 42.28606866014841], [-71.0384265800786, 42.28609565961751], [-71.03894858033867, 42.28650966013743], [-71.03899457964084, 42.28667066003697], [-71.03899458044177, 42.286774659739685], [-71.03903958007918, 42.28682766034765], [-71.03903957984292, 42.28689966048269], [-71.03899357949354, 42.286931660008875], [-71.03887057991527, 42.28693466041494], [-71.03848557937837, 42.28676065986299], [-71.03836258025852, 42.28683965992363], [-71.03789858006235, 42.287271660603324], [-71.03777458013347, 42.28745365996271], [-71.03774257958423, 42.28759366014818], [-71.03768057920306, 42.28770766030974], [-71.03741757942679, 42.287932660163435], [-71.03741757951097, 42.288139660189536], [-71.03730857956803, 42.28838966007219], [-71.03730757943943, 42.288461660666705], [-71.03741457995784, 42.28867566021559], [-71.03775158016693, 42.28913366057189], [-71.03787357928954, 42.28944666084001], [-71.03790458008537, 42.289594660661926], [-71.03790257964725, 42.28992366100844], [-71.0378395794645, 42.29014066108768], [-71.03790058004292, 42.29044066122287], [-71.03789957969013, 42.29055366077644], [-71.03789957994573, 42.29059866071946], [-71.03785357979166, 42.29074866094515], [-71.03786857940744, 42.29080666130753], [-71.03814457951027, 42.29102166116471], [-71.03859058017406, 42.29132066105752], [-71.03871357968022, 42.29133166065835], [-71.03888358012749, 42.291220661228465], [-71.0389135797588, 42.291206661257604], [-71.03897558074551, 42.291232660602226], [-71.03905258025621, 42.29128966086661], [-71.0390525800884, 42.29134366114442], [-71.03891358073713, 42.29148166114667], [-71.03911257984734, 42.2916666611048], [-71.03909658040665, 42.291824660705785], [-71.03917358069444, 42.29192666080825], [-71.03917258004809, 42.29213366113154], [-71.03923358041841, 42.29219166124158], [-71.03931058005958, 42.29218966075764], [-71.03948058066605, 42.2921106608851], [-71.03957258044001, 42.29215866114841], [-71.03957258078614, 42.29222566091437], [-71.03927858058051, 42.29246566123995], [-71.03927957979766, 42.29251066156652], [-71.03937058082698, 42.2925676610257], [-71.03952558031925, 42.292591661497134], [-71.03961658054679, 42.29266166115246], [-71.03967758041208, 42.292867661161], [-71.03977058090378, 42.2929476611814], [-71.04053958040895, 42.29302866145021], [-71.04086358057535, 42.29309866078601], [-71.04094058127981, 42.293097661248716], [-71.04100158131355, 42.293051660844974], [-71.04107858048836, 42.29304166086709], [-71.04118658076823, 42.29312066088942], [-71.0412325807369, 42.293200661064056], [-71.04129458168295, 42.29324866167077], [-71.04137058137161, 42.29326066094222], [-71.04220258160768, 42.29328666157004], [-71.04414358151898, 42.293517661369606], [-71.04443558267207, 42.293643661183], [-71.04458958216405, 42.29374866108703], [-71.04495658201758, 42.294421660967174], [-71.04521658253921, 42.29482266123197], [-71.04529258211109, 42.29499666124848], [-71.045782582371, 42.295888661274006], [-71.04588858271664, 42.29623366155044], [-71.0463765834724, 42.297431662112935], [-71.04654458345001, 42.2979736622657], [-71.04654458290896, 42.29806366196231], [-71.046497583003, 42.29810966200634], [-71.04646658333554, 42.29810966208447], [-71.04637458301613, 42.2980396622446], [-71.04609858242296, 42.29776566152286], [-71.04596058342764, 42.29756966223985], [-71.04593058229345, 42.29747966190551], [-71.04591658317185, 42.29703466139987], [-71.04579458317781, 42.296757661796185], [-71.04557958237595, 42.29639166207185], [-71.0455035829448, 42.29609666151571], [-71.04536558215737, 42.29601366122024], [-71.04522758200363, 42.2960106617313], [-71.04505758261087, 42.296045661425694], [-71.04494858259612, 42.29602966171034], [-71.04474958220662, 42.29600166167851], [-71.04465658258347, 42.296057662040724], [-71.04459458202125, 42.29614866206481], [-71.04459358237581, 42.29644566193057], [-71.04454658188217, 42.296617661362035], [-71.0446995819726, 42.2969166616461], [-71.0447445828748, 42.29716766178653], [-71.04480558288324, 42.2973156621611], [-71.0450815831062, 42.297693661870674], [-71.04534258283238, 42.297958662086515], [-71.04555758262154, 42.29811666238933], [-71.04592358276047, 42.298321661667345], [-71.04597258350557, 42.2983486618358], [-71.04618858271058, 42.29834866170051], [-71.04625058251087, 42.298383661867916], [-71.0462655830368, 42.29847366228063], [-71.04621858262176, 42.29854166201108], [-71.04621858282998, 42.29863166170204], [-71.04638758271929, 42.29881866204725], [-71.04638658364256, 42.29886366244662], [-71.04632558316054, 42.29890966205863], [-71.04604758291435, 42.29898666260409], [-71.04583158281945, 42.29908066220944], [-71.04575458291332, 42.29907666207182], [-71.04556958251962, 42.29895466241402], [-71.0454775824883, 42.29895166241826], [-71.04526158273467, 42.29901866177098], [-71.04484458217023, 42.2991926624211], [-71.04484358286986, 42.29943966197775], [-71.0447815823975, 42.2994416626072], [-71.04465858282191, 42.29938466230673], [-71.04450458286125, 42.29939666244063], [-71.04416558222184, 42.29954266249918], [-71.04401058189343, 42.29964366195248], [-71.04385558263728, 42.29984966262936], [-71.04385558247256, 42.299930661980014], [-71.04405558240009, 42.30004366234934], [-71.0440875828131, 42.30008166237012], [-71.0441935821148, 42.30020866279874], [-71.04425458195311, 42.30033366243078], [-71.04423858214456, 42.300459662063055], [-71.0440365823104, 42.30080066236915], [-71.04388258294594, 42.300902662244006], [-71.04351158265919, 42.301039662650226], [-71.04345558224689, 42.30109066287435], [-71.04336958169722, 42.30183966281634], [-71.04370358207348, 42.30244166249663], [-71.0468635838573, 42.303105662552184], [-71.04700158292714, 42.303012662590355], [-71.04701758334896, 42.30298066320916], [-71.04698658326811, 42.302877662566374], [-71.04689558392606, 42.30276266288236], [-71.04689558313329, 42.302645663205915], [-71.04711258323259, 42.302227662994255], [-71.04719058364104, 42.302180663122066], [-71.04782158390378, 42.302169662417455], [-71.04792958384022, 42.30223966273854], [-71.04794458320406, 42.302270662437486], [-71.04794358432237, 42.30266266268543], [-71.04777558425516, 42.303138662967235], [-71.04777158382987, 42.30315266312553], [-71.0480375841428, 42.30323666264494], [-71.04809558383927, 42.30325466272722], [-71.04818258380917, 42.3032756631843], [-71.0483415842118, 42.30331266318407], [-71.04843458400337, 42.303315662986854], [-71.04855758462112, 42.303164663287305], [-71.04883658449981, 42.30291666263199], [-71.04927058431814, 42.30211666306764], [-71.04933258399086, 42.3020256624321], [-71.04945658371913, 42.30192466304997], [-71.050210584659, 42.30261766264368], [-71.05085258475185, 42.30318666285341], [-71.0515885847617, 42.30381766268964], [-71.05186358495027, 42.304066663313684], [-71.05237158502612, 42.30452466327297], [-71.05271958494525, 42.30491866330104], [-71.05295258548276, 42.305261662959026], [-71.0531935857304, 42.305657663344235], [-71.05349158590771, 42.30642666338722], [-71.05324458616293, 42.30641166315526], [-71.05307558590715, 42.306402663790536], [-71.05304458599716, 42.30642566295144], [-71.05302858565915, 42.306570663540015], [-71.0531205857925, 42.306599663539416], [-71.0531675854744, 42.30661766326763], [-71.05322858588718, 42.306697663530485], [-71.0533045855279, 42.30709666362074], [-71.05330358546588, 42.30733966357946], [-71.0532715857571, 42.30748866323541], [-71.05317858594148, 42.307657663568925], [-71.05299358532362, 42.3077826638937], [-71.05240758540684, 42.30794166369254], [-71.05195958494615, 42.30801266395096], [-71.05155958495685, 42.30801066342933], [-71.0508765851902, 42.30794766417199], [-71.05017258485334, 42.30788266370373], [-71.04910958460538, 42.30792366397323], [-71.04847758480331, 42.30775966389437], [-71.0482165842894, 42.30766966399164], [-71.04792458441315, 42.30753066418695], [-71.04777058350608, 42.30740766407338], [-71.0477555835761, 42.30732666345376], [-71.04763258449438, 42.30715266334233], [-71.04764958388775, 42.30684666381033], [-71.047742583417, 42.30668266364149], [-71.04782058403539, 42.306492663987505], [-71.04783758409879, 42.306181663217934], [-71.04793058354228, 42.306089663593866], [-71.04796158427158, 42.305989663017954], [-71.04797758456108, 42.30561166322245], [-71.04808858351721, 42.304992663462606], [-71.04808858407542, 42.30485766322108], [-71.04790558370621, 42.30458166349416], [-71.04784558418594, 42.30453766284274], [-71.04781258393628, 42.30451166281049], [-71.04762258426092, 42.30446666332052], [-71.0474785834487, 42.3044326636027], [-71.04733558339231, 42.30439866314448], [-71.04727358409465, 42.30439966310404], [-71.04713958408439, 42.30449666297281], [-71.0469805830242, 42.30466166295271], [-71.04673258406982, 42.30496766356568], [-71.04657758350649, 42.305208663329665], [-71.04645258346443, 42.305526663459155], [-71.0464045839081, 42.30599566350489], [-71.04629458316991, 42.30645166323044], [-71.04618558369887, 42.30672866342621], [-71.045969583683, 42.30694466399863], [-71.045860583815, 42.30729766370948], [-71.04548758298938, 42.30793866384347], [-71.04506958318949, 42.30850966441489], [-71.04466658278007, 42.30893066426626], [-71.04440458342249, 42.30912466437707], [-71.04412658256531, 42.3091926644878], [-71.04384858315568, 42.30918866414846], [-71.04367958337959, 42.30922266378512], [-71.0435785825868, 42.30928366411433], [-71.04332358236714, 42.309427664330926], [-71.04266058253403, 42.30965566410283], [-71.04252158245252, 42.30974766448985], [-71.04238158222718, 42.30990766407085], [-71.04235058297428, 42.309984664016476], [-71.04238158261775, 42.31016066398444], [-71.04239358278558, 42.310168664129726], [-71.04254958286779, 42.31029666431828], [-71.04276558226988, 42.310351664443886], [-71.04316658257648, 42.310344664073504], [-71.04398358268257, 42.310140664224264], [-71.0448775838273, 42.31015166463323], [-71.0449855832345, 42.31022166396137], [-71.04493758339271, 42.31042966397617], [-71.04499958321193, 42.310622664785356], [-71.04489058313943, 42.31066966461352], [-71.04455158333455, 42.310666664120454], [-71.04430558354954, 42.310733664315414], [-71.04405758299194, 42.31089566479498], [-71.04391858329207, 42.31110066450796], [-71.04391758338755, 42.31122666483805], [-71.04400958318948, 42.31140966493528], [-71.04448558306447, 42.31193766497722], [-71.0447925831285, 42.3122246647459], [-71.04514558314641, 42.31246166479349], [-71.04533058388134, 42.312462665160055], [-71.04563958403541, 42.312348665004244], [-71.04567058350716, 42.31236166455942], [-71.04570058317945, 42.31238366495902], [-71.04570058407393, 42.31248766497008], [-71.04574658335179, 42.312545664996364], [-71.04602358427096, 42.31276066464327], [-71.04620658343721, 42.3130506647016], [-71.04619158391657, 42.313199664591], [-71.04608158437362, 42.313403664954066], [-71.04581958392797, 42.31360666486181], [-71.04564958350983, 42.313699664627386], [-71.04450658378774, 42.31423366548373], [-71.04430658339827, 42.31424566499153], [-71.04412158269636, 42.31418666475797], [-71.04407558296154, 42.31415066473482], [-71.04073458215608, 42.312103664722976], [-71.0393865810295, 42.311276664961305], [-71.0380695816051, 42.3104666642763], [-71.03779858077061, 42.310345664396614], [-71.03756558116487, 42.31029066483519], [-71.03722658092485, 42.31033266499153], [-71.03692558029853, 42.3104286643026], [-71.03654258082094, 42.31073266458384], [-71.035382579778, 42.31165366488792], [-71.0335725799221, 42.31309466533443], [-71.03341657982618, 42.31321966548813], [-71.0333705793202, 42.31323866503269], [-71.03322057973244, 42.3132186651968], [-71.03303757957696, 42.3131676651583], [-71.03286657916541, 42.31319766507268], [-71.03276157972266, 42.31325366549488], [-71.03268957980953, 42.31331366500422], [-71.03273757973083, 42.31335266495087], [-71.03278057983282, 42.31349666556227], [-71.0329345796012, 42.313610665545056], [-71.0329345789314, 42.31371466560727], [-71.0328875796174, 42.31376966573433], [-71.03277957982557, 42.31392866550587], [-71.03277757967749, 42.31434266523107], [-71.03292657905928, 42.315402665550145], [-71.03310757964452, 42.31628666605381], [-71.03316957926248, 42.3163306662076], [-71.03393157991435, 42.31655566580491], [-71.03477057999203, 42.316802665669016], [-71.03684858149094, 42.3175306656933], [-71.03709458123778, 42.31762066582522], [-71.03721758088338, 42.317699666418825], [-71.03726358093968, 42.31783866617859], [-71.03728558113562, 42.31793766620242], [-71.03735558168053, 42.31803466631937], [-71.03736958109921, 42.318192665876225], [-71.03726158108638, 42.318284665781995], [-71.03692158155798, 42.31843466648736], [-71.03670558053268, 42.31858266596238], [-71.03670558055315, 42.318672666232004], [-71.03687358155345, 42.318808666479164], [-71.03725858094148, 42.31898266601114], [-71.03775158148046, 42.31914466641851], [-71.0385355816736, 42.31944166656852], [-71.03919758250686, 42.31976266670766], [-71.03965358155959, 42.32000766668321], [-71.0405665826175, 42.320499666500595], [-71.04158158291008, 42.32097266617549], [-71.04173558241693, 42.32101866616499], [-71.04195058236965, 42.32111866681808], [-71.0422895834832, 42.321247666201835], [-71.04273658285982, 42.32142866610633], [-71.04312058308244, 42.321624666714115], [-71.04344358310804, 42.321834666461], [-71.04351958327926, 42.321968666292534], [-71.04352858327081, 42.321995666884085], [-71.04370258322342, 42.32251966630616], [-71.04385658344803, 42.32266966681828], [-71.04543058397033, 42.32316366712091], [-71.04550358457278, 42.32318466716624], [-71.04604358483701, 42.323175667159276], [-71.04622758401192, 42.32329366657784], [-71.04631958434562, 42.32342766643114], [-71.04679758456963, 42.32344166654355], [-71.04712058453413, 42.323498667207566], [-71.04739758518944, 42.32362366722673], [-71.04750558548291, 42.32370766712863], [-71.04759758550627, 42.32383266655232], [-71.04773458556235, 42.32430266705192], [-71.04776458480787, 42.324553666645116], [-71.04785558528171, 42.32482766662025], [-71.04785258461754, 42.3256286669675], [-71.04777358568191, 42.32609366700041], [-71.04758558458663, 42.326745667339644], [-71.04746158494382, 42.32706766763352], [-71.04738358446096, 42.32719066708298], [-71.04708858525957, 42.32770466797315], [-71.0469025843862, 42.32796866742894], [-71.04671658495184, 42.32820666779253], [-71.04651558519753, 42.32841266792292], [-71.04626758528082, 42.32862866815366], [-71.04591258433128, 42.328882668103624], [-71.04558758458066, 42.329050667618134], [-71.04531058443105, 42.32915466758969], [-71.0450015844664, 42.32924566778878], [-71.04469258425023, 42.32928766757739], [-71.04447658371647, 42.329345667867706], [-71.04410858392092, 42.32945566760906], [-71.04367458399533, 42.3295846678561], [-71.04305758411098, 42.32967266798349], [-71.04227058316094, 42.329695668062946], [-71.0405135835209, 42.329676668309304], [-71.03987858323208, 42.32963566854389], [-71.0392495824426, 42.329595667937674], [-71.03867958225014, 42.32949366850736], [-71.03814058237238, 42.32929566781843], [-71.03806458194, 42.32924766826615], [-71.03747958212494, 42.32899766835487], [-71.03735658137884, 42.328940667993116], [-71.0371995818378, 42.32890566804503], [-71.0363705816001, 42.32871966782825], [-71.03623158118513, 42.32866366857395], [-71.03624858188448, 42.328514668533764], [-71.03623258182998, 42.32849266822378], [-71.03597058093705, 42.328501668114576], [-71.03580058126583, 42.3285366677505], [-71.035337581744, 42.32867066828246], [-71.03517358114861, 42.328704668504315], [-71.03484358103131, 42.3287736684924], [-71.0343345808526, 42.32890866813371], [-71.03408758129028, 42.328953668005234], [-71.03388758069401, 42.328952668142875], [-71.03340958006454, 42.32913666836935], [-71.0331525810005, 42.329145668646376], [-71.03291557981053, 42.329154668581324], [-71.0326525806619, 42.32928066859641], [-71.03226658014457, 42.329544668532634], [-71.03191058059208, 42.329748668342845], [-71.03113858048675, 42.33012266867861], [-71.03044257913281, 42.330625668275715], [-71.0296385798926, 42.33109066858552], [-71.02942257909295, 42.331184668763875], [-71.02938457971561, 42.33118066893345], [-71.02933057898991, 42.33118166865183], [-71.02923757934778, 42.331138668642], [-71.02908357895055, 42.331136668528565], [-71.02885257868455, 42.33121666868189], [-71.02843557910191, 42.331417669010115], [-71.02774057905361, 42.33166866931248], [-71.02715357925652, 42.331895669319906], [-71.02676757881446, 42.332010668624065], [-71.02625757797473, 42.332203668864146], [-71.02605657893302, 42.33231566928867], [-71.02580957779497, 42.332545668907535], [-71.02531257852301, 42.332666669563224], [-71.025236578161, 42.332528669575794], [-71.02520857842406, 42.33251066952108], [-71.02500757849711, 42.33255466951984], [-71.0247605777035, 42.33260866947969], [-71.02473457754058, 42.332649669589436], [-71.02472957751039, 42.33274866907087], [-71.02463657764194, 42.332804669295875], [-71.02437457771201, 42.33284966914915], [-71.02400357750777, 42.33284766903633], [-71.02352657792574, 42.332742669206276], [-71.02268057676702, 42.33246966895626], [-71.02206357755462, 42.33232766909164], [-71.02178657717914, 42.332291669293824], [-71.02098457720285, 42.33231566960232], [-71.0200375759798, 42.33176466966474], [-71.01993357646839, 42.33172166930162], [-71.01885457592411, 42.33125366935301], [-71.01793357612306, 42.33095066955107], [-71.016781575338, 42.33070566918433], [-71.01576057437396, 42.33059666897699], [-71.01557457496675, 42.330496668791085], [-71.01540457483914, 42.33048166903333], [-71.01512557477037, 42.33052766911341], [-71.01496357459234, 42.33060666933188], [-71.01491057462454, 42.33066566914681], [-71.01414744664524, 42.33176059649442], [-71.0140695739598, 42.331770669397265], [-71.01376157418603, 42.332122669421715], [-71.01352457473675, 42.33244166974677], [-71.01336157385767, 42.33270166938027], [-71.01316857469565, 42.33309266930397], [-71.01299157410878, 42.33338766942189], [-71.01288594407251, 42.33357049202138], [-71.01252057451211, 42.33409466976989], [-71.0121925736588, 42.334712670112566], [-71.01218457382166, 42.33473467006417], [-71.01205757363633, 42.335065670381866], [-71.01196457365023, 42.33516666989051], [-71.01179957418331, 42.335286670485694], [-71.01174657367287, 42.335336670330264], [-71.01171357324952, 42.33540567036067], [-71.01169357324544, 42.33547267022036], [-71.01163357424896, 42.33559567066013], [-71.01156557354797, 42.33571867038172], [-71.0114255740609, 42.335923670243645], [-71.01114657331773, 42.33615366992078], [-71.01097657402711, 42.33623267010616], [-71.01085357402489, 42.336311670153925], [-71.01054457385747, 42.33643467086128], [-71.01001957308982, 42.33660567074107], [-71.00964857375278, 42.33668467011821], [-71.00946357267732, 42.33676367070688], [-71.00930857300482, 42.33692467034315], [-71.00929157301906, 42.33723067024751], [-71.00939657272653, 42.337886671082494], [-71.0094425737718, 42.33804367042036], [-71.0095795733213, 42.338328670626574], [-71.00957857280508, 42.33851367121001], [-71.00965557349565, 42.338629670774054], [-71.0101155731266, 42.3392246711898], [-71.01023857329376, 42.339294671171764], [-71.01066957405148, 42.339327671071175], [-71.0107545734502, 42.33941167133071], [-71.01099257370142, 42.339650671152505], [-71.01075757334755, 42.33980767085199], [-71.0142095746168, 42.342020671224894], [-71.01956157620663, 42.3419326708651], [-71.02195497622152, 42.3418935665108], [-71.02193757810721, 42.34354667170619], [-71.02193857754679, 42.343588671061184], [-71.02196257818412, 42.344390671476056], [-71.02196657738958, 42.34452267144637], [-71.02324357830662, 42.345711672077], [-71.02327657769028, 42.34694967159952], [-71.02551957883819, 42.34787767214117], [-71.02654257886455, 42.34830067177073], [-71.0293005799212, 42.34926967203708], [-71.02942358091177, 42.34934567234331], [-71.02952158103474, 42.349405671931315], [-71.03317358221119, 42.350776672374664], [-71.03340458233089, 42.350872672837134], [-71.033631581636, 42.35096667235756], [-71.03390658177103, 42.351070672893606], [-71.03411758191719, 42.35116267276425], [-71.0343195817785, 42.351251672929536], [-71.03680558297336, 42.35198267293117], [-71.0372275834259, 42.35217667280811], [-71.03775758368933, 42.352420672734084], [-71.03864858422804, 42.35278267279535], [-71.04007258455238, 42.353378672878605], [-71.04103258491082, 42.35376667319572], [-71.04157458501372, 42.35401867261397], [-71.04371058549107, 42.354673673092066], [-71.04491458529911, 42.35503467252395], [-71.04500358622029, 42.35506467311406], [-71.04545858548504, 42.35511567248526], [-71.0454795862301, 42.355120672885484], [-71.04548858567051, 42.35512267289164], [-71.04552158573011, 42.3551226727699], [-71.04559158617614, 42.35513067299617], [-71.04599358610464, 42.35514667262471], [-71.04948558777474, 42.35658367334078], [-71.04980258764479, 42.356608673424255], [-71.04981658746668, 42.3566336726086], [-71.04984958742719, 42.35669367297782], [-71.04941558683176, 42.35680467277765], [-71.04913158718577, 42.35736367342069], [-71.04870170751363, 42.358747486267674], [-71.04868258775603, 42.35874967367008], [-71.04872858756973, 42.358892673681595], [-71.04847958722027, 42.359100673771785], [-71.04849558730162, 42.35930667369729], [-71.04834158748507, 42.35933267351658], [-71.04838858751334, 42.35957867358204], [-71.04762458651868, 42.360177674041495], [-71.0476335864827, 42.36023267401032], [-71.0477105874223, 42.36069467398022], [-71.04796558727733, 42.36172067381903], [-71.04803058787675, 42.361886673692055], [-71.04808158674896, 42.362119673952385], [-71.04813258691765, 42.36229867385164], [-71.04831158732443, 42.36274167441224], [-71.04834358753159, 42.362970674624826], [-71.04829758696738, 42.363227674537164], [-71.04836658740955, 42.36357767409789], [-71.04901858805889, 42.363570674089814], [-71.04970458835231, 42.36370267417221], [-71.04967658813, 42.3638516742115], [-71.0494915877719, 42.363836674727494], [-71.04940958760908, 42.36405367455941], [-71.0492605880666, 42.36444867462468], [-71.04878658821812, 42.364457674494204], [-71.04878958789276, 42.364569674249054], [-71.04888158775182, 42.36493267466144], [-71.04883958776513, 42.36537967495226], [-71.04900258800473, 42.365966674792425], [-71.04912058806954, 42.36642867455634], [-71.04932958800599, 42.36703267509092], [-71.04966058849026, 42.36762667530203], [-71.04981158838116, 42.36789767552134], [-71.05006258806763, 42.36867667501672], [-71.05022258853997, 42.36880767524757], [-71.05031058896199, 42.36887867491024], [-71.05091458849414, 42.36932767525461], [-71.05105658916447, 42.36939667583817], [-71.05110858870376, 42.369422675659344], [-71.05175058927027, 42.36961867567997], [-71.05195958956341, 42.36971467569028], [-71.05206058889618, 42.36976167520185], [-71.05232858967352, 42.369430675797126], [-71.05289858938436, 42.36872467506034], [-71.05312158957135, 42.368805675468224], [-71.05312658917721, 42.369021675117466], [-71.05325358931121, 42.369058675158385], [-71.05337558976659, 42.3690946752308], [-71.0536125898087, 42.36872967547293], [-71.05497458940023, 42.369020675016486], [-71.05506659032646, 42.3688656752776], [-71.05549359009157, 42.36899467563535], [-71.055616589918, 42.36903167560923], [-71.0569385903486, 42.36887267521911], [-71.05758759067794, 42.36861367537117], [-71.05771159050295, 42.36854367492902], [-71.05769959055255, 42.36836867476046], [-71.05794259084982, 42.36824667536645], [-71.0578805913032, 42.36815767489547], [-71.0581725913494, 42.36795467529343], [-71.05850059049219, 42.36798067467008], [-71.05862959051814, 42.36799167521369], [-71.0590515910071, 42.3677876749717], [-71.05919759085415, 42.367716675116], [-71.06042859116283, 42.3671216748475], [-71.06058259184346, 42.36722267430116], [-71.06073159173516, 42.36723967459858], [-71.06078359149481, 42.36724567463467], [-71.06087559177918, 42.36731567495262], [-71.06091059238535, 42.36738167460391], [-71.06102859138599, 42.3676016748312], [-71.06102859226945, 42.3677276747532], [-71.06098159212232, 42.367818674820384], [-71.06064159187095, 42.36809067457156], [-71.06048659194387, 42.36826367518301], [-71.06053159194458, 42.368492675295535], [-71.06060959159882, 42.3686086747729], [-71.06070059191923, 42.368674675001486], [-71.06084859190135, 42.36875767506754], [-71.0609055919068, 42.36896767521155], [-71.06111659229468, 42.368950674576844], [-71.06132959151485, 42.36961367534912], [-71.06132959225297, 42.36971667554416], [-71.06122159233227, 42.36978667517424], [-71.06089659250466, 42.36990967477517], [-71.06078459212934, 42.369985675350584], [-71.06066459136501, 42.370067675391596], [-71.06054859218165, 42.37014667552916], [-71.06050959173282, 42.37017267539958], [-71.06041759141412, 42.37012467519427], [-71.06007959154127, 42.369680675204535], [-71.06000259188045, 42.369623675125204], [-71.05991059137071, 42.369634674907594], [-71.05953959109576, 42.369802675655784], [-71.05955459142336, 42.36989767481108], [-71.06007659134836, 42.37051367533563], [-71.06007659159324, 42.370558675345144], [-71.06004559192893, 42.370581675285784], [-71.05987559147235, 42.37058067564039], [-71.05978359209735, 42.37064067531785], [-71.0597985918551, 42.3707396752999], [-71.05993659130957, 42.370867675133034], [-71.06005959166217, 42.371027675791645], [-71.06005859141489, 42.37109467501197], [-71.05981159122223, 42.37131067520493], [-71.0595795917533, 42.37144167577962], [-71.05942159128875, 42.37146167562238], [-71.0593365911032, 42.37147267565514], [-71.05917459188692, 42.37142567570304], [-71.05788259072341, 42.37090267509169], [-71.0574935910426, 42.370744675877994], [-71.0567765904197, 42.3710716757249], [-71.05603359102632, 42.37141067604235], [-71.05485359024756, 42.37178267569439], [-71.05413258971062, 42.37185467565616], [-71.0535445901558, 42.37194167572129], [-71.05323558938132, 42.37196467577093], [-71.05264758930366, 42.37200267576195], [-71.05258358916872, 42.37203567629974], [-71.0525005895308, 42.372077675996934], [-71.05081158856736, 42.371233676077615], [-71.0505805888748, 42.371355675798966], [-71.05009358896054, 42.37170567598112], [-71.0496985887478, 42.371929676076725], [-71.04936858858632, 42.372434676333825], [-71.04926158787958, 42.37262567644506], [-71.04895258807807, 42.37305967637464], [-71.04870658769717, 42.37345567657339], [-71.04849258863592, 42.37471567691343], [-71.04825058868745, 42.37493567641901], [-71.04801958815827, 42.37557067664527], [-71.04790958796661, 42.375747676742094], [-71.04766958748189, 42.37692267657733], [-71.0475295881264, 42.37698467710872], [-71.0479405881261, 42.37846267700432], [-71.04822858881116, 42.37933567707283], [-71.04765058838781, 42.379877677116546], [-71.04730658777606, 42.381279677745866], [-71.04750058813408, 42.381694678156684], [-71.04741258844321, 42.38191267763118], [-71.04730758813169, 42.382269678304525], [-71.04722258785182, 42.38280767823667], [-71.04747258839576, 42.38313567826062], [-71.04759158788588, 42.38344867795224], [-71.04779058902373, 42.38357567862737], [-71.04813358847382, 42.383679677799066], [-71.0484205885848, 42.38376767864355], [-71.04849158875996, 42.38378267787497], [-71.04853758925455, 42.383792677809424], [-71.04909858871294, 42.38391267841889], [-71.04972258877508, 42.38399167805513], [-71.05003458942029, 42.383760678002865], [-71.05047258915435, 42.38392867839874], [-71.05033858897633, 42.38413367835938], [-71.0517955896323, 42.38424767780082], [-71.0533065905408, 42.384373678383916], [-71.0553345909828, 42.384557677749335], [-71.05740459192428, 42.38481067833132], [-71.05873359266857, 42.38497367783772], [-71.06051759306617, 42.384887677701585], [-71.06171159319393, 42.38499567777307]]], [[[-70.99540057213193, 42.393884681523836], [-70.99597157248941, 42.395106682219506], [-70.99647557219663, 42.39631668186081], [-70.99655757294502, 42.39635468251748], [-70.99665157216863, 42.39640468240071], [-70.99676757217901, 42.39642168208329], [-70.99689557289602, 42.39646368195669], [-70.99815857317611, 42.39689568227587], [-70.99876857360958, 42.39698168213639], [-71.00068357352325, 42.396825682474415], [-71.00140757429675, 42.39674868175286], [-71.0053855751529, 42.39409668159802], [-71.00560057532132, 42.393969681121085], [-71.00586157474402, 42.39390068158054], [-71.00894557632604, 42.39520068157211], [-71.0098305761098, 42.39546468150483], [-71.00989457643497, 42.39548368185153], [-71.01000157655366, 42.39549868163931], [-71.01168257686233, 42.39572668176375], [-71.01193057737136, 42.39576068164223], [-71.01205757759544, 42.39560168147499], [-71.01210557736816, 42.39556468158407], [-71.01223157805751, 42.39550868138687], [-71.01232857791534, 42.39549768137927], [-71.01284957741188, 42.39546268112523], [-71.01307857801953, 42.39544868128789], [-71.01319457752487, 42.39543768171905], [-71.01359057777205, 42.39538968119554], [-71.01402457760597, 42.395282681118175], [-71.01437157820672, 42.39510568148734], [-71.0145545778251, 42.39497168174727], [-71.01482557802753, 42.394705681053736], [-71.0150665778759, 42.39452668115878], [-71.01517257849399, 42.39432668096295], [-71.0154045784848, 42.39409268087965], [-71.01542457868892, 42.39406068161384], [-71.01550157802431, 42.39394268125606], [-71.01556057788811, 42.39375168100446], [-71.01557057840068, 42.39345068096158], [-71.01553257812417, 42.39327068073236], [-71.01544557801691, 42.39312368121043], [-71.01533057893401, 42.39299068107607], [-71.0149745781875, 42.39267768112705], [-71.0148405784386, 42.392490681343574], [-71.01481257758532, 42.392351680611725], [-71.01486057848912, 42.39226968055305], [-71.0148535781226, 42.39223768096981], [-71.01506157873581, 42.39197168045501], [-71.01512957854888, 42.391886681079725], [-71.01559157859377, 42.391320680317534], [-71.01559357805868, 42.39131968041403], [-71.01616557849452, 42.39070668082986], [-71.01665357911213, 42.390098680442215], [-71.01716457932513, 42.389495680115765], [-71.01727657819107, 42.38937468064208], [-71.01731357863297, 42.38933568058989], [-71.01750957891636, 42.38907568054128], [-71.01795757866789, 42.388572680078], [-71.01826057860725, 42.38845867993953], [-71.01819357889072, 42.38826667969343], [-71.01825357916698, 42.388178680290366], [-71.01839857865819, 42.38796967977116], [-71.01913657978056, 42.38713267972602], [-71.01969457987938, 42.3864796796529], [-71.02010457975403, 42.386390679314204], [-71.02033657937456, 42.38636867950411], [-71.02077557948317, 42.386419679804106], [-71.02103757995825, 42.386473679738984], [-71.02113357993227, 42.38650767984658], [-71.02126058031234, 42.38655967956625], [-71.02216857976674, 42.38617867941804], [-71.02222758019225, 42.38606867976254], [-71.02226458073315, 42.38600167917705], [-71.02230958062884, 42.38599767968002], [-71.02254258044704, 42.38607467966353], [-71.02245857973274, 42.385945679108374], [-71.02262958020513, 42.38583767903497], [-71.02281758054666, 42.38563167912197], [-71.02403058059475, 42.385015679060224], [-71.02405458090688, 42.38502467948509], [-71.02414658128633, 42.38505867945342], [-71.02530458091127, 42.384547679378315], [-71.02519858165977, 42.384391678637755], [-71.02646058088514, 42.383923678768504], [-71.02644158085101, 42.38381567861142], [-71.0264705818186, 42.38378867861782], [-71.0271255820142, 42.3835746787984], [-71.02731858134517, 42.3834316788695], [-71.02734358207194, 42.38337667858565], [-71.02737658129456, 42.383304678614486], [-71.02735958230419, 42.38280967841164], [-71.02738858212506, 42.382790679034926], [-71.02876558216622, 42.382856678974655], [-71.02883258187369, 42.38289167836626], [-71.02883158180613, 42.383197678374074], [-71.02883458197124, 42.38345867857373], [-71.02883658218708, 42.383656678858095], [-71.03001458253378, 42.383653678886255], [-71.03001658298696, 42.383401678642144], [-71.0299965826592, 42.3833836785214], [-71.02999758291892, 42.38314567904594], [-71.03002658268494, 42.38312267903144], [-71.03032858294377, 42.38312567863886], [-71.03112458328623, 42.38313867908765], [-71.03115358263905, 42.38311567878903], [-71.0311635824459, 42.38288167904528], [-71.03119258288099, 42.3828586787404], [-71.03289758291987, 42.382868678183364], [-71.03333958352898, 42.38305167894673], [-71.03337858347176, 42.38306767858131], [-71.03340558333704, 42.38389567859129], [-71.03340758372083, 42.38393167837767], [-71.03343358322648, 42.384421678558965], [-71.03524158454346, 42.3848306788977], [-71.03526458482054, 42.38427667861088], [-71.03538058439777, 42.38426067906227], [-71.03539858460958, 42.38412967899107], [-71.03608458496439, 42.384108678638306], [-71.036147584345, 42.38410767854626], [-71.03617258459992, 42.38450767861324], [-71.03648158443382, 42.384529679105725], [-71.03665758452453, 42.38459867836861], [-71.0368795848341, 42.38421167825866], [-71.03732058450088, 42.38413167860844], [-71.0374745847687, 42.384156678471825], [-71.03827758478236, 42.38413767842671], [-71.03846958584128, 42.38424667854965], [-71.03867058489506, 42.38422467860832], [-71.03881858520488, 42.38414167853397], [-71.03898358600998, 42.384138678341046], [-71.03896758547174, 42.384123678470765], [-71.03915258601448, 42.38396467817987], [-71.03931058548011, 42.38395767831114], [-71.03934258538311, 42.38395667837981], [-71.03952358621186, 42.383948678263195], [-71.03954158599481, 42.383223678283066], [-71.03981158637515, 42.38324067832922], [-71.04037558602779, 42.38281267859524], [-71.0406845863342, 42.38278467851168], [-71.04066158579634, 42.38220367837344], [-71.04198058612948, 42.38214867804176], [-71.0423145862584, 42.38213367782679], [-71.0422815862562, 42.38176967758478], [-71.04220258591673, 42.3808896774881], [-71.04218858597334, 42.38072967766448], [-71.04217458651493, 42.380578678005996], [-71.0420375866784, 42.3804276776381], [-71.04200458594602, 42.38004567771683], [-71.04188358572394, 42.37991767745493], [-71.04192058659076, 42.379430677477266], [-71.0418225858081, 42.37929267738132], [-71.04188058591781, 42.378998677295634], [-71.043518586528, 42.37891567727858], [-71.0435295862714, 42.378694677839185], [-71.04324358692955, 42.378677677825515], [-71.04324458695218, 42.37863067778388], [-71.04324758712333, 42.37843367706843], [-71.04313958616444, 42.37840467759725], [-71.04311958685308, 42.37821967729826], [-71.04323558703425, 42.378190676911295], [-71.04324658674047, 42.3779746776564], [-71.04246658607819, 42.377974676952405], [-71.04243258603323, 42.37769167761774], [-71.04229358603912, 42.377644677026076], [-71.04227958601683, 42.37752367756068], [-71.04170858570541, 42.37754767737539], [-71.0417055857405, 42.377245677359916], [-71.04152358608204, 42.3770286769011], [-71.04154058601918, 42.376843676951545], [-71.04128258617868, 42.37656467734015], [-71.04134558620757, 42.37596867670779], [-71.04201158600159, 42.37527267672825], [-71.04205458653496, 42.37512367644394], [-71.0416865861765, 42.374931676568046], [-71.04164758572267, 42.37453567696259], [-71.04150958587974, 42.37443867642165], [-71.04127458529516, 42.374272677053455], [-71.04136758616302, 42.373991676187345], [-71.04153258625561, 42.373966676584196], [-71.04156058542888, 42.37393867665939], [-71.04157558543936, 42.37390667625964], [-71.0415525863163, 42.373835676972156], [-71.04165058551139, 42.373753676673765], [-71.04181458585082, 42.37361467633639], [-71.04232458655052, 42.373105676602115], [-71.04266758556679, 42.372640675882444], [-71.04274658648023, 42.37254467614176], [-71.04280958589077, 42.3724706761277], [-71.04376958676028, 42.37285967614729], [-71.04383158615472, 42.372837675892534], [-71.04400958694735, 42.37277867628205], [-71.04403158681438, 42.372480676090184], [-71.04423558718514, 42.37220267590517], [-71.04415858643677, 42.37205067573054], [-71.04409758613626, 42.372011676549725], [-71.04406858680699, 42.37195367574048], [-71.04405858668049, 42.37189967639042], [-71.04407658598879, 42.371863675857526], [-71.04414358673189, 42.37181267624509], [-71.0442225868876, 42.37177967589893], [-71.04476858710315, 42.3715176761155], [-71.04477558615163, 42.371373675591705], [-71.04479658732275, 42.37082367582261], [-71.04494658703351, 42.37060967551646], [-71.04438458665372, 42.370355676004024], [-71.04418858600985, 42.37026767587846], [-71.04397858654434, 42.36976367547132], [-71.0438225859987, 42.36966567530883], [-71.04370158641144, 42.369523675294076], [-71.04367458643218, 42.3694926756548], [-71.04327258600658, 42.36932867605202], [-71.0432255865901, 42.369045675190115], [-71.04295958615, 42.36893367589795], [-71.04302758659756, 42.36884667560259], [-71.04293658541738, 42.36880967585287], [-71.04255158625382, 42.36865267526578], [-71.04250158634031, 42.36871267517319], [-71.04216558535522, 42.368583675405404], [-71.04224458526271, 42.367401675276085], [-71.0418895858378, 42.3672736748707], [-71.04232758575728, 42.366562675124555], [-71.04189258506014, 42.36635467525272], [-71.0417005857994, 42.36626367521124], [-71.04166258574139, 42.366304675156165], [-71.04070358484299, 42.36587167503761], [-71.03939358447148, 42.365232675237536], [-71.03932158501618, 42.3651936752926], [-71.03926958407327, 42.36525367483142], [-71.03919258415779, 42.36521467458163], [-71.03865058389904, 42.364944675306205], [-71.03757558451676, 42.36490467532448], [-71.03749158368413, 42.36486567458917], [-71.03682358324863, 42.36455367450131], [-71.03608058294328, 42.364238675228066], [-71.0360495832185, 42.364270675266226], [-71.03598958345752, 42.364257675203476], [-71.03588758380072, 42.36418767477689], [-71.0356555832321, 42.36413367523197], [-71.03555858300854, 42.36415267494825], [-71.03545158312343, 42.36415067452167], [-71.03518358295503, 42.364046675002506], [-71.0347015833437, 42.363956674921184], [-71.03442458288622, 42.36405167535292], [-71.03429158304336, 42.36392767459299], [-71.03421558259642, 42.36382067514284], [-71.03419158333112, 42.363744675308325], [-71.03418158246713, 42.363654675016896], [-71.0340365825193, 42.36342767524963], [-71.03393358318556, 42.36336267463197], [-71.03367958230201, 42.362776674535176], [-71.03306858206716, 42.36276967436788], [-71.03253858180256, 42.362689675065155], [-71.03199958233603, 42.36268567441002], [-71.03199458229605, 42.363148674825666], [-71.03184958262266, 42.363151675078754], [-71.03184958199431, 42.36322967451746], [-71.03184558242535, 42.36379567496458], [-71.03181158163113, 42.3638326753778], [-71.03173858241118, 42.36385167504292], [-71.03167658145733, 42.36384367469709], [-71.0316285824957, 42.3638266753085], [-71.03158558202658, 42.363795675121054], [-71.03159258239447, 42.36307967494577], [-71.03145258139453, 42.36307767503052], [-71.03145258184988, 42.36290667458327], [-71.03135258148288, 42.36290467454041], [-71.03098058201371, 42.36290167447496], [-71.03088558162567, 42.36291167459382], [-71.03080258182673, 42.362926675194075], [-71.03073658173855, 42.362946675091415], [-71.03069158110975, 42.3629826750918], [-71.03067358140419, 42.363046674485645], [-71.03066958136218, 42.36370867481952], [-71.03052458105009, 42.363697674775025], [-71.03050858202512, 42.36367967476509], [-71.0304875819181, 42.36366667526239], [-71.030456581002, 42.36366267475387], [-71.03037558146274, 42.36367267489308], [-71.03034558183701, 42.36368767459007], [-71.030335581527, 42.36371867489899], [-71.03033258211366, 42.36375067520965], [-71.03009058162104, 42.36375067526443], [-71.03007158181674, 42.36284567511495], [-71.02988158168408, 42.362835675162174], [-71.02985958137752, 42.36329067447607], [-71.02958958123534, 42.363281674937326], [-71.029545580794, 42.36339967532493], [-71.0294605811954, 42.36347367458016], [-71.02921858104759, 42.36350867522796], [-71.0288365805249, 42.36351567455826], [-71.02871258077974, 42.36358967464336], [-71.02861158153063, 42.36365967523885], [-71.02849158147605, 42.36378267543406], [-71.02845258077997, 42.36383367550357], [-71.02843458045824, 42.36389367544813], [-71.02841258108499, 42.36396867495243], [-71.02869458155583, 42.364117674906275], [-71.02860958137963, 42.36422667505244], [-71.02837458040001, 42.36452867499988], [-71.02799858107257, 42.36501667497563], [-71.02789058128307, 42.365072675481], [-71.02779758065924, 42.36507367565524], [-71.02765958062756, 42.36502667559941], [-71.0276335801555, 42.365013675750795], [-71.02670458076787, 42.36455367548786], [-71.02650458062969, 42.364407674925175], [-71.02638258014541, 42.36425767562245], [-71.02630558078621, 42.36406467544647], [-71.02627558042896, 42.363858675024076], [-71.026310579736, 42.36303367490114], [-71.0263415802241, 42.36296567479934], [-71.026342579772, 42.362600674533915], [-71.02639058054172, 42.36231667528876], [-71.02656158061023, 42.36185867430761], [-71.02746558025164, 42.359811674304645], [-71.02808858105568, 42.35834167359167], [-71.02810457998253, 42.35822467420014], [-71.02804358046467, 42.358099673947166], [-71.02785958013348, 42.357963674045926], [-71.02718158034874, 42.35764167361292], [-71.02635257939671, 42.35723067368014], [-71.02624357964164, 42.357177673713174], [-71.02619157925646, 42.35715367374821], [-71.02614257997975, 42.35712767397057], [-71.02270357914631, 42.35542467346134], [-71.02210357806288, 42.355133673600605], [-71.02181057831115, 42.354999674032506], [-71.02117957802486, 42.354663673348774], [-71.02029157829739, 42.354234673780184], [-71.01943557784239, 42.3538206738465], [-71.01820757754884, 42.35321667345633], [-71.01722457716772, 42.35273867375823], [-71.01668657586673, 42.352468673513414], [-71.01405657500388, 42.35079867342529], [-71.00998157457144, 42.34820967252258], [-71.00798257301149, 42.346921672774776], [-71.00776757346921, 42.346807672710575], [-71.00747457334258, 42.34680867238469], [-71.00715057296671, 42.346861672787526], [-71.00573057210414, 42.34710967265263], [-71.00520557291696, 42.34721267283597], [-71.00500557264012, 42.34722567299638], [-71.00488157179934, 42.347326672720584], [-71.00488157267061, 42.347416672625684], [-71.0050935722703, 42.348160672509735], [-71.00513857276152, 42.348447672552275], [-71.00515157281357, 42.34887967333666], [-71.0051195723634, 42.34914067270997], [-71.00507157225844, 42.349534673201134], [-71.00477257235762, 42.350764673312156], [-71.00472657200733, 42.350868673589424], [-71.00463157269425, 42.35134767347861], [-71.00450357293411, 42.35235367369885], [-71.00440857222695, 42.35282367390802], [-71.00431457234869, 42.35310967421967], [-71.0041275727402, 42.35349567344925], [-71.00378557244866, 42.353996674412684], [-71.003737572711, 42.35411567442508], [-71.00366157223024, 42.35430467392758], [-71.00356757190528, 42.35463967389938], [-71.00356657247197, 42.35485567459766], [-71.00364257235412, 42.35500367438818], [-71.00382657179644, 42.35515267401839], [-71.00391957241251, 42.35517867421504], [-71.00407357288556, 42.355175674232754], [-71.00418457207681, 42.35511867444463], [-71.00432157285992, 42.35504967406238], [-71.0045685721598, 42.35500467395573], [-71.00466057204997, 42.3549496742377], [-71.00481657217448, 42.354721673939565], [-71.00495657305292, 42.35443567418831], [-71.00500357256657, 42.354254674183636], [-71.0049885730427, 42.354069673771036], [-71.00499857307567, 42.354034673742156], [-71.00502057291828, 42.35395667416655], [-71.00509757227466, 42.353887673863944], [-71.00515957235116, 42.35387767370869], [-71.00532957236769, 42.35390167412223], [-71.00543357321926, 42.35395567367721], [-71.00557557303962, 42.354028674284265], [-71.00603657259246, 42.35435767393595], [-71.00622057359243, 42.35455267390174], [-71.006408573604, 42.3548466745079], [-71.00643457342103, 42.35488667364858], [-71.00649557335784, 42.3550116739429], [-71.00649557267364, 42.35516067447675], [-71.00637057330731, 42.35545967405587], [-71.00624657321903, 42.35558367405221], [-71.00602957335612, 42.35574067450411], [-71.00582857300975, 42.35585667457047], [-71.00505757328526, 42.35587867429751], [-71.00462557323101, 42.35594467393326], [-71.00416157235196, 42.35610167438526], [-71.00341957175384, 42.35651067439581], [-71.0033115724557, 42.35653567463057], [-71.00326557247857, 42.35656767407829], [-71.00281757264183, 42.35667067465499], [-71.0016135717275, 42.356875674726695], [-71.0010885718998, 42.35693867419208], [-71.00022557069974, 42.35699467508422], [-70.99949457050204, 42.35703467504346], [-70.99943857047482, 42.35703067438292], [-70.99900657147296, 42.35697967498674], [-70.99865257064839, 42.35687767471892], [-70.99845957107794, 42.356804674573915], [-70.99821257048372, 42.35667867492398], [-70.99808957076517, 42.356585674310985], [-70.99789657011328, 42.35649067450334], [-70.99772657101629, 42.35636267459214], [-70.99763356985979, 42.35631467428657], [-70.99729457065436, 42.35609567449323], [-70.99727957005155, 42.356073674136475], [-70.9969865696464, 42.35585767440175], [-70.99698657074457, 42.355839674810376], [-70.99679356951204, 42.35564467465453], [-70.9967925704744, 42.35562667428693], [-70.99660057000776, 42.35544167414714], [-70.99648456947219, 42.35529067479192], [-70.99647657021042, 42.35523167404229], [-70.99658457056952, 42.35518967454818], [-70.99682356974655, 42.355162674535755], [-70.99687756952432, 42.35511667434342], [-70.99703156956284, 42.355014674738946], [-70.99732456970881, 42.35479867413301], [-70.99733157057456, 42.354762674024094], [-70.99736256974676, 42.35469367405714], [-70.9973545703908, 42.35464467474224], [-70.99723156999634, 42.3545166741695], [-70.99713856972922, 42.35449567418697], [-70.99700756958924, 42.35451167391289], [-70.99670756973556, 42.354642674132684], [-70.99645256940464, 42.354741674264616], [-70.99606756970174, 42.3548336743332], [-70.99587557009264, 42.3548646744597], [-70.99565156955936, 42.3548546740279], [-70.99558256916757, 42.35481567400538], [-70.99557456919426, 42.3547976744244], [-70.99508856904498, 42.35443167469154], [-70.99503456888712, 42.354414674086996], [-70.99467156976858, 42.35414267404446], [-70.99455656880578, 42.35406767460086], [-70.99444056955949, 42.35402467435341], [-70.99323056893122, 42.354158674637254], [-70.99282956863084, 42.35415667454366], [-70.99256756841271, 42.35411167436309], [-70.99243656910615, 42.3540636740805], [-70.99225156838678, 42.353972674788764], [-70.99206656871667, 42.35392167443352], [-70.99172756822513, 42.35394567477043], [-70.99141156855802, 42.354045674357636], [-70.99123456837061, 42.354165674180415], [-70.9911495675954, 42.3542126743502], [-70.99091056766818, 42.354405674375236], [-70.99073356767731, 42.354557674432726], [-70.98950156798178, 42.35544767473564], [-70.98795256775996, 42.35654167479857], [-70.98762156724348, 42.35676867479189], [-70.98649656739342, 42.35755767515318], [-70.98639656630536, 42.35760867506642], [-70.98631156628984, 42.35769567538202], [-70.98624256626053, 42.35780567492959], [-70.98624356696243, 42.35784567501396], [-70.98624256659117, 42.3580616756635], [-70.98626656689461, 42.358079675342346], [-70.98633556698594, 42.35830367537408], [-70.98635856678402, 42.358320675737424], [-70.98636656677976, 42.3583926756538], [-70.9863895673011, 42.35841467535217], [-70.98638156722122, 42.358451675061794], [-70.98640556732836, 42.35846867538087], [-70.9864595666167, 42.35871067544321], [-70.9864905670521, 42.35872367548056], [-70.98649056684198, 42.35876467581384], [-70.9865055664666, 42.358782675762875], [-70.98655156706901, 42.358929675137446], [-70.98659056694974, 42.359005675687484], [-70.98663756721702, 42.35919467553741], [-70.98665256683091, 42.359310675263224], [-70.98668356744439, 42.35938667517936], [-70.98676056738992, 42.35984067557946], [-70.98678456729459, 42.359858676037895], [-70.98678456675178, 42.3598856758749], [-70.98679956755684, 42.35990267555736], [-70.98686156726497, 42.36023067567843], [-70.98688456707535, 42.360248676152956], [-70.98688456674363, 42.36028867534297], [-70.98690756674755, 42.360297675567736], [-70.98692356689541, 42.360418675424825], [-70.98695456763372, 42.360467675410305], [-70.98698556764384, 42.36063367586814], [-70.98700856764334, 42.36065167541599], [-70.98701656687793, 42.360709675661205], [-70.98713956674139, 42.36098267584879], [-70.987208567104, 42.361079676046465], [-70.98720956667587, 42.361102675824704], [-70.98722456681794, 42.361138676157], [-70.98730956699306, 42.36125367608678], [-70.98734856693822, 42.361280676005606], [-70.9873405668666, 42.361298675943935], [-70.9876025668751, 42.36151867626228], [-70.9879955679192, 42.36180067640035], [-70.9882355670283, 42.36191367635104], [-70.98864356772567, 42.362018675610884], [-70.98883656781398, 42.36204667561638], [-70.98926056807379, 42.36203467583541], [-70.98980756800412, 42.36190367552594], [-70.99019256817398, 42.3618346763388], [-70.99094056895409, 42.36166367548625], [-70.99107956825895, 42.361593676065525], [-70.99136456870251, 42.36152167539209], [-70.99285256913451, 42.36152267539841], [-70.9930915697678, 42.36155867574599], [-70.9931995689152, 42.3616196757618], [-70.99347656948517, 42.36184467580122], [-70.99355456885965, 42.36186567563502], [-70.99386256961887, 42.36184267582639], [-70.99396256937155, 42.3618096753389], [-70.9940325693448, 42.361753675326355], [-70.99406256939652, 42.3616996753284], [-70.99406256963752, 42.36159567607549], [-70.99400856900166, 42.361506675831464], [-70.99393156961897, 42.361435675674386], [-70.9939235695834, 42.361381675950746], [-70.99408557011603, 42.36134767604253], [-70.99448656966842, 42.361327675567175], [-70.9951725698508, 42.36126167579885], [-70.99530356940774, 42.36120967536677], [-70.99535756938326, 42.36116367592364], [-70.99544156999639, 42.361116675503645], [-70.99554256972274, 42.36099867587807], [-70.99555757056255, 42.36096667590323], [-70.9956885696334, 42.360864675404294], [-70.99611256970618, 42.360826675118176], [-70.9964745702791, 42.3607436752437], [-70.99668256997195, 42.36068567586502], [-70.99701357033862, 42.360549675166865], [-70.99715257076632, 42.3605516757462], [-70.9972835708442, 42.36058567544688], [-70.99746857102761, 42.36067167516137], [-70.99753857121891, 42.36072467520573], [-70.99766957079301, 42.360767675598936], [-70.99793157017962, 42.36080767542081], [-70.99799357090194, 42.36085167513676], [-70.99808557055493, 42.36101667558723], [-70.9980935708791, 42.361088675485775], [-70.99811657032637, 42.3610976752572], [-70.99812457025654, 42.36115167557695], [-70.99816357126628, 42.361245675276614], [-70.99827857047548, 42.36140067551181], [-70.99845657075585, 42.36152867598024], [-70.99868757136433, 42.361641676028476], [-70.9989275710192, 42.36170067558907], [-70.99929657098868, 42.361725675850465], [-70.99933157183325, 42.36173867541065], [-70.99946657085354, 42.361789675846765], [-70.9994945717238, 42.36179367526789], [-70.99958957078651, 42.361841675459054], [-70.99989257136097, 42.36201167599092], [-71.00023057108434, 42.36226767527966], [-71.00078357217394, 42.36277967536505], [-71.00187457183873, 42.36371967607684], [-71.00193557213962, 42.363822676286276], [-71.00193457174484, 42.36392567627594], [-71.00188857233947, 42.36403067630458], [-71.00174957200758, 42.36415467568388], [-71.00165557232803, 42.36429167564871], [-71.00162457188179, 42.36450767644377], [-71.00169257229767, 42.364688676055955], [-71.00347657271125, 42.3647636756026], [-71.00373757276219, 42.364770676438184], [-71.01044957507531, 42.36504267622744], [-71.0102425750224, 42.36535567556691], [-71.00711857468744, 42.37353967717773], [-71.00665057400198, 42.37474967822803], [-71.00612357393629, 42.37606067768394], [-71.0006095724783, 42.377651679023444], [-71.00020657210585, 42.37776267855764], [-71.0003345725245, 42.37780467854134], [-71.00096957247453, 42.37795567839992], [-71.00223057300983, 42.378325678830876], [-71.00233657316235, 42.3783326789343], [-71.0024525736134, 42.37829867886944], [-71.00257757325416, 42.37830167900546], [-71.00268357299561, 42.37835767887083], [-71.00272157385649, 42.378411678678404], [-71.00282757369186, 42.37849967831485], [-71.00291457325878, 42.37854267848921], [-71.00362657327713, 42.37878767863989], [-71.00396257381205, 42.378929678422935], [-71.00419357352538, 42.37905167854677], [-71.00442457449867, 42.37911567884044], [-71.00471357462753, 42.379164678372234], [-71.00523357436745, 42.37922267893659], [-71.00540657463642, 42.37921567853158], [-71.00551257425609, 42.37919067850297], [-71.00570157377224, 42.37904867866772], [-71.00576357429667, 42.37900167893569], [-71.00588857470014, 42.378941678601365], [-71.00596557497825, 42.378917678962964], [-71.00620657505172, 42.37891767831014], [-71.00638057491894, 42.378896678529706], [-71.00658257500629, 42.378825678556844], [-71.00680457500319, 42.378690678653555], [-71.00694957484815, 42.37851267821036], [-71.00704657436373, 42.37832667810259], [-71.00726857481791, 42.37800767878195], [-71.00764657536972, 42.377370678376415], [-71.007868574557, 42.377141678033766], [-71.00805257561292, 42.376827677747315], [-71.00814857480934, 42.37676267856342], [-71.00828357500568, 42.37676467813532], [-71.00842857573367, 42.37672167787472], [-71.00850557477949, 42.37665767845135], [-71.00857357546072, 42.37655267824275], [-71.00875757480541, 42.376130678005396], [-71.00890357515134, 42.37565067789124], [-71.00892257529831, 42.37538967754724], [-71.0088265751166, 42.37519267761725], [-71.00885657457316, 42.375111677845304], [-71.0088565753134, 42.37501667741674], [-71.00885657470742, 42.3749446775973], [-71.00905857487993, 42.37469367733243], [-71.00950757485381, 42.37428067764548], [-71.01037457504216, 42.37364367766087], [-71.01041657614448, 42.373597677824925], [-71.01043657513016, 42.37357567791272], [-71.01046857528063, 42.37340367764899], [-71.01032057522099, 42.373278677092436], [-71.01012957607294, 42.37311667765113], [-71.00999157598542, 42.37297067764923], [-71.00999257526215, 42.372844677225004], [-71.01002357506968, 42.372776677073816], [-71.01016357602239, 42.372602677243144], [-71.01072157618464, 42.37204367751446], [-71.01084457543024, 42.371964677034], [-71.01090657529312, 42.37195467734966], [-71.01106157553292, 42.371839676823875], [-71.01124757566781, 42.37157967732348], [-71.01137157555924, 42.371496676935976], [-71.01155657643862, 42.37149767691032], [-71.01206457599412, 42.37167367722567], [-71.01248357611337, 42.371742676688235], [-71.01268157619988, 42.371775676758695], [-71.01277857608443, 42.371816677258224], [-71.0130355761754, 42.371926677282644], [-71.01479157658567, 42.37324667697322], [-71.01507457702422, 42.373453677572115], [-71.01611157693219, 42.374186677076004], [-71.01617257756278, 42.37426667774452], [-71.01617157786778, 42.3743476771328], [-71.01611757743558, 42.374415677575385], [-71.01570057797313, 42.37494167723298], [-71.01570957774827, 42.37510767725916], [-71.01576157747509, 42.37522467725801], [-71.01588657726518, 42.37532067730185], [-71.01617557750403, 42.375468677292616], [-71.01620457732022, 42.37554967768678], [-71.01626157804594, 42.37559767776253], [-71.01631957786982, 42.3756196780416], [-71.01680057831814, 42.37569267736244], [-71.01702257821937, 42.37576467759274], [-71.0171275777487, 42.37581267797816], [-71.01736857758063, 42.375992677700765], [-71.01760857753597, 42.37612867736346], [-71.01789757805531, 42.3762446775812], [-71.01834957816868, 42.37635867767309], [-71.0187825788351, 42.37655767745339], [-71.01906157862747, 42.37675967803732], [-71.0192825782004, 42.376981677681044], [-71.01955057836668, 42.37728767750311], [-71.0195895791615, 42.37743067755626], [-71.01941457821519, 42.37760067835416], [-71.01914057915735, 42.37787067797055], [-71.01867157856361, 42.37826667773633], [-71.01817957786896, 42.378657678079506], [-71.01750757824553, 42.379250678306526], [-71.0168115780342, 42.37981167834832], [-71.0164045778907, 42.380192678308305], [-71.01612357810565, 42.38040067887923], [-71.01581757736159, 42.38028467846001], [-71.01528757712454, 42.37950167833314], [-71.0151515776326, 42.37932767807869], [-71.01492057716189, 42.379295678546235], [-71.0147525768156, 42.379312678743005], [-71.01459557697815, 42.37932867807335], [-71.01437757783452, 42.37948567867154], [-71.01408257734562, 42.379571678259126], [-71.01376657675289, 42.37956867849159], [-71.01347257711087, 42.37955567866003], [-71.01331757639751, 42.37962167865677], [-71.01328457715289, 42.37984267885501], [-71.01332157682693, 42.37997267866499], [-71.01350457710554, 42.38012267826679], [-71.01355357759687, 42.380215678247474], [-71.01355157678644, 42.38047767906988], [-71.0135225766823, 42.38068067872003], [-71.01345457666301, 42.38087967909649], [-71.01337757667946, 42.38094867836972], [-71.0132905768815, 42.38097267846581], [-71.01287657622635, 42.38098467909795], [-71.01258757617335, 42.38098467856935], [-71.01248157723045, 42.380964678770304], [-71.01228057673575, 42.380778678836066], [-71.0120685771024, 42.38062067859074], [-71.01195257709605, 42.3805546788321], [-71.01178957643901, 42.38049967910753], [-71.0115775762011, 42.38051167861046], [-71.01138457686095, 42.38058267873765], [-71.01126857660576, 42.380661678831196], [-71.01117257592556, 42.380726678765214], [-71.01112357628193, 42.38078067875817], [-71.0111195759023, 42.380811678514576], [-71.01110457602358, 42.380938678855216], [-71.0111515762006, 42.381140679234605], [-71.01115957652829, 42.38184767943059], [-71.01104157674641, 42.382673679002735], [-71.0107125762339, 42.38333667973323], [-71.01031657630352, 42.38387567938398], [-71.01008457592668, 42.38410867936607], [-71.00988157577666, 42.38426567943892], [-71.00961157649851, 42.38440067955057], [-71.00931257611772, 42.38450067997925], [-71.00893657560509, 42.38459267965663], [-71.00857057590365, 42.38462667923646], [-71.00798357600884, 42.38462767981627], [-71.00776157536112, 42.384590679992634], [-71.00689557501926, 42.38451167968003], [-71.00667357481485, 42.384461679388444], [-71.00634657472546, 42.38432267942058], [-71.00609557452418, 42.38425967944817], [-71.00522957485657, 42.38415767949471], [-71.00517157438134, 42.384131680001495], [-71.0052245750213, 42.3840046800464], [-71.00480557448776, 42.383939679841404], [-71.00469957445411, 42.38392368007729], [-71.00465157419589, 42.38410067995181], [-71.00462457457432, 42.384114679330956], [-71.00438157435015, 42.38410967963926], [-71.00366957442785, 42.38405067989042], [-71.00330357346733, 42.383984679342554], [-71.00284057417657, 42.3838486797007], [-71.00273557360016, 42.383791679687135], [-71.00212957387862, 42.38355467950386], [-71.00183057369986, 42.38339668003707], [-71.00139857275174, 42.38316667993662], [-71.0009755732554, 42.38290867952675], [-71.0006285732975, 42.382738679393796], [-71.00045557326588, 42.38262967938897], [-70.99949457247264, 42.382069679399656], [-70.9994215723842, 42.38204867945123], [-70.99888957196917, 42.381837679091134], [-70.998788572037, 42.381748679449146], [-70.99868857203789, 42.381687679476315], [-70.99839557223285, 42.38154467970413], [-70.99791757195959, 42.38137267939109], [-70.99759357190791, 42.3812876793669], [-70.99737757121382, 42.381251679522165], [-70.99707657218833, 42.381260679639404], [-70.99694557163058, 42.38129967914054], [-70.99622857156236, 42.38159067904145], [-70.99614457099388, 42.38164667923054], [-70.99607457092308, 42.381742679334494], [-70.99594357091087, 42.38175367959045], [-70.99575857162449, 42.3816626796908], [-70.99561257164774, 42.38163767966107], [-70.99555757105557, 42.38166567970736], [-70.99535057072764, 42.38186767920754], [-70.99529657055022, 42.38193567978779], [-70.99528057090555, 42.38198567921033], [-70.99528857096614, 42.382102679941916], [-70.99532757110484, 42.382250679486944], [-70.99529657125795, 42.38234167981934], [-70.99521957084806, 42.3823696795224], [-70.99510357060934, 42.382362679425405], [-70.99494957099361, 42.38232467928666], [-70.99482657037895, 42.38235367957155], [-70.99477957108864, 42.38239067946254], [-70.99471857065275, 42.382580679684395], [-70.99468157123863, 42.382717679904324], [-70.99466757145468, 42.3827376795671], [-70.99441357071132, 42.38374067992452], [-70.9943521821763, 42.38406350328571], [-70.99423957150604, 42.38465568044587], [-70.99337357072379, 42.3850266805866], [-70.9930355707655, 42.38517068029134], [-70.9915985697595, 42.38578868014815], [-70.99145157040672, 42.38585268026761], [-70.99139857018139, 42.38587468043527], [-70.98828156853473, 42.3871156809253], [-70.9880925690341, 42.38709968113465], [-70.98805656870275, 42.38707668062557], [-70.9880405685263, 42.38704368045893], [-70.98800956848916, 42.38699768089082], [-70.98798056903681, 42.38698268086884], [-70.98794956860522, 42.386974680685164], [-70.9879145686322, 42.386971680904196], [-70.98783656926025, 42.38695668062314], [-70.98778056852399, 42.38695168050543], [-70.98775256882851, 42.38697668112138], [-70.98771656915942, 42.38701568071908], [-70.98767756917407, 42.38702268057356], [-70.98764256918737, 42.38701968070984], [-70.98756956926749, 42.38700068091891], [-70.9875125687435, 42.38698268054435], [-70.9874425693162, 42.38696868073855], [-70.9873885688033, 42.38696068057413], [-70.9873565693703, 42.38695368050218], [-70.98730956886911, 42.38694568087915], [-70.98722056882474, 42.38693868064647], [-70.98710956817608, 42.38692868064373], [-70.987038568932, 42.38691968084205], [-70.98694956879423, 42.38692168059007], [-70.9869015691151, 42.386923680358116], [-70.98682356870565, 42.38695568078253], [-70.98679856819714, 42.38696468110089], [-70.9867315680408, 42.38701568071479], [-70.98669856800875, 42.38704368104037], [-70.98666756914511, 42.387080680572424], [-70.9866215684538, 42.38714668079694], [-70.98658956861902, 42.38720868047241], [-70.9865435691498, 42.387300681020506], [-70.98647556819829, 42.387413680730646], [-70.98645756849176, 42.387431680900505], [-70.98644056833693, 42.3874466812642], [-70.98642856886703, 42.387476681155924], [-70.9864975684976, 42.38754968116063], [-70.9860535682135, 42.38812468141443], [-70.98699356843116, 42.388529681339556], [-70.9872895694711, 42.38874268110309], [-70.98742356913027, 42.38900768122704], [-70.98751156863203, 42.389237681041365], [-70.98758956865697, 42.389531680974464], [-70.98761756870906, 42.38973968139778], [-70.98761656916069, 42.389800681399656], [-70.9876105691759, 42.3899156809468], [-70.98758356882377, 42.39031668154296], [-70.98757156907641, 42.39059068129969], [-70.98745456961906, 42.39104168181212], [-70.98741156855361, 42.39104768154416], [-70.98736456930051, 42.391090681502064], [-70.9873405692288, 42.39113368127951], [-70.98732856930715, 42.391178681841936], [-70.98732356936755, 42.39119468199533], [-70.98719956888824, 42.39147168201229], [-70.98721056943691, 42.39154468139064], [-70.98722056944644, 42.39157168148398], [-70.98713856911841, 42.39189368131841], [-70.98712256921016, 42.391928681629594], [-70.98711356938202, 42.391993681930956], [-70.98711556858748, 42.392068682141], [-70.98713356945181, 42.39213168170846], [-70.9871855687133, 42.39220068196674], [-70.98724356883679, 42.392290682051055], [-70.98731456853449, 42.3923626820464], [-70.98744256884909, 42.392750682210256], [-70.98797456966244, 42.39282568142464], [-70.98807556928847, 42.39286568224773], [-70.98820056931342, 42.39290168171809], [-70.98826856902022, 42.39290968160498], [-70.9883285691396, 42.39296968161785], [-70.98845956945252, 42.393017682213646], [-70.98851156920813, 42.39302068175143], [-70.9885825699168, 42.39303968190383], [-70.98881856939795, 42.39306068182088], [-70.98916957009415, 42.3931566816464], [-70.98941457028955, 42.39318968151709], [-70.98957056960857, 42.3932116816181], [-70.98977156986976, 42.39324868178307], [-70.99001756943801, 42.3932406820957], [-70.99008956981413, 42.393177682141236], [-70.99033357041017, 42.39310468205428], [-70.99142657000391, 42.39302668161218], [-70.99381857137185, 42.39293268190799], [-70.99385157116903, 42.39296068196208], [-70.99388857122705, 42.39303168202613], [-70.99389257174117, 42.3930556814793], [-70.99390357148735, 42.39308168154526], [-70.9939755714762, 42.39311868130413], [-70.99403057170407, 42.3931196820994], [-70.9940855710862, 42.39309468166287], [-70.99417457193432, 42.39309668174266], [-70.99422857127502, 42.39312168150741], [-70.99428457098634, 42.393158681866375], [-70.99428757110374, 42.39316868193981], [-70.99429857094538, 42.39318968177059], [-70.9943095709104, 42.39320368186611], [-70.99430757160964, 42.393222681748355], [-70.99430257093972, 42.393243681483035], [-70.99429557199464, 42.39327368161154], [-70.99428657103941, 42.39330768192068], [-70.99436457135594, 42.39331568163675], [-70.99443457090726, 42.39332268194061], [-70.99445457199647, 42.39332468202496], [-70.99458057168552, 42.39333768199216], [-70.99477457154727, 42.393430681940465], [-70.99480657161428, 42.39345468184985], [-70.99494257112205, 42.393512682068014], [-70.99502257195476, 42.39355568158315], [-70.99504757130352, 42.39357468201627], [-70.99507757171673, 42.39359268166197], [-70.9952185711896, 42.39367468173997], [-70.99523657183498, 42.393685682086826], [-70.99529857149157, 42.393755682182004], [-70.99530857185118, 42.39376668163859], [-70.99536157122087, 42.393821682150296], [-70.99540057213193, 42.393884681523836]]], [[[-70.9569645549982, 42.331017670835884], [-70.95715655528674, 42.33100067065129], [-70.95728755514776, 42.33098067136356], [-70.95762655573215, 42.33095667121925], [-70.95780455603344, 42.33090467126761], [-70.95795855557851, 42.33083867070993], [-70.95837355583441, 42.33052067104351], [-70.95847455652351, 42.33042467137816], [-70.95850455616485, 42.330315670836484], [-70.95852755631691, 42.33029767049486], [-70.95853555564763, 42.33018467070254], [-70.95857355642656, 42.330125671010855], [-70.95858955566429, 42.329985671006376], [-70.95863555583833, 42.329705671198376], [-70.95865855576456, 42.329646671050924], [-70.95868155562967, 42.32962867067586], [-70.95868955594462, 42.32957467039033], [-70.95872755597757, 42.329519670683155], [-70.95875855577498, 42.32945167094549], [-70.95878955653852, 42.329428671026896], [-70.95880355602479, 42.329406670521564], [-70.95882055640551, 42.3293786710215], [-70.95898255613416, 42.32919067074022], [-70.95898255662446, 42.32915967062289], [-70.95902855631961, 42.32909167028124], [-70.95908255612832, 42.329054670774354], [-70.95909755646828, 42.329031671104566], [-70.95922855576275, 42.328835670353435], [-70.95948255570238, 42.328556670985975], [-70.95960555687479, 42.328284670944356], [-70.95965155572047, 42.328233670759545], [-70.95997555606561, 42.327967670181565], [-70.9601835569389, 42.32778367005922], [-70.96060755615787, 42.32743467018784], [-70.96096155725158, 42.32719367036162], [-70.9615395564592, 42.32690966984301], [-70.96249455709024, 42.32650167024024], [-70.96262555668389, 42.326426669898616], [-70.96273255731884, 42.32632667016451], [-70.9628945574515, 42.32620666962209], [-70.9631565577681, 42.326165670259165], [-70.96358055767337, 42.326027669730486], [-70.96388855814868, 42.32589667031211], [-70.96427355728034, 42.32569167024598], [-70.96441255775191, 42.325603669675935], [-70.96467455787506, 42.32551866995937], [-70.96491255756652, 42.32548766973074], [-70.96499755806506, 42.32551266976932], [-70.9651285583551, 42.32557366994358], [-70.9652905582422, 42.32564766960157], [-70.96540655835307, 42.32560466961358], [-70.96540655784152, 42.325541670017465], [-70.96532155772005, 42.32547566959024], [-70.96524455794734, 42.32543666949048], [-70.96503855744727, 42.32529966975767], [-70.96493555811594, 42.325230670085894], [-70.96485855747868, 42.32518666943625], [-70.96477455815875, 42.32508866928287], [-70.9647665583496, 42.32499867015377], [-70.96480455756594, 42.32487666966623], [-70.96490455739303, 42.32476666985388], [-70.96508155828381, 42.32455666973918], [-70.96519755810058, 42.32443766997334], [-70.96532055743991, 42.32433666999868], [-70.96579055753895, 42.324094669729334], [-70.9661145585238, 42.323899669548446], [-70.96669955828527, 42.32349366926326], [-70.9668995584117, 42.32337266898386], [-70.96706855867158, 42.32329766966836], [-70.96722255899533, 42.32321466890652], [-70.96739255890985, 42.323040669205504], [-70.96745455874934, 42.322948669098885], [-70.96752355859046, 42.32287166892816], [-70.96756955873464, 42.3228296695029], [-70.96803155896764, 42.322151669154415], [-70.96818555827097, 42.321914669303915], [-70.96820855903084, 42.321900668871386], [-70.96834655899592, 42.32170466931497], [-70.96850155892582, 42.32153966912357], [-70.96855455932918, 42.321453668729134], [-70.96867055864503, 42.321293669215436], [-70.96870155859526, 42.3212166691134], [-70.96873155946199, 42.32117066903591], [-70.96882455858419, 42.32092666916242], [-70.96889355900367, 42.32069066914647], [-70.96890155915271, 42.32060066855332], [-70.96892455852965, 42.32055566871677], [-70.96899355927908, 42.32013066878108], [-70.96901655841985, 42.3200856689217], [-70.9690545588795, 42.319756668227406], [-70.96912355844444, 42.31941766876563], [-70.96915455856072, 42.31934466856829], [-70.96917755922871, 42.31910066821837], [-70.96921555950553, 42.31901066838239], [-70.96923955915057, 42.31882066834514], [-70.96926955885277, 42.31872166811421], [-70.96927755864138, 42.31863566841013], [-70.96929255861426, 42.31857666873271], [-70.96948455919448, 42.3181686685938], [-70.96962355918551, 42.3179546686415], [-70.96965455906742, 42.31790166854628], [-70.96967755894109, 42.31786366840678], [-70.96991655850928, 42.317503668005486], [-70.96992355856717, 42.31747666775972], [-70.9699465590084, 42.31746666792553], [-70.970024559357, 42.31727666822888], [-70.970054558806, 42.317262668185094], [-70.97008555860639, 42.31719466800113], [-70.97013155874832, 42.31713066769442], [-70.97015455914507, 42.31711166837791], [-70.97018555876409, 42.31704366816484], [-70.97030855906, 42.31686666812453], [-70.97037055946576, 42.316793668195935], [-70.97083255892642, 42.31603766810104], [-70.97102455887755, 42.31569266765064], [-70.97121655895187, 42.315328667740175], [-70.97132455962729, 42.31504766731351], [-70.97165555970662, 42.31446166786468], [-70.97187855953366, 42.31423266772934], [-70.97220256004432, 42.313933667814545], [-70.97227855992118, 42.31383766712352], [-70.97243255944495, 42.31367766709495], [-70.97305655958606, 42.31310466715785], [-70.97392656002478, 42.31244066740532], [-70.97441156061326, 42.31211266737159], [-70.97489656005166, 42.31184766681986], [-70.97518956082331, 42.31170766729815], [-70.97554356070886, 42.311575666443325], [-70.97588256070622, 42.31146166701053], [-70.97628256026762, 42.311274666975244], [-70.9765445604512, 42.31112566642602], [-70.97692156107236, 42.31086766670007], [-70.97709856117017, 42.31063866669354], [-70.97711456108341, 42.31045366650686], [-70.97705256090285, 42.31038266632664], [-70.9769525606161, 42.31033066695483], [-70.97666756031006, 42.31027766669842], [-70.97625156039167, 42.310279666198205], [-70.975465560279, 42.31035166632916], [-70.97524956052928, 42.310400666943586], [-70.97491856067367, 42.31045166620592], [-70.9746185600512, 42.31054666640853], [-70.97431055965649, 42.31067766664876], [-70.97333256032162, 42.31100966688356], [-70.97252355986616, 42.311222667057436], [-70.9717225593392, 42.31137566688056], [-70.97106855960799, 42.31154866737104], [-70.9709215596271, 42.31163666714657], [-70.97079055856717, 42.31173366693673], [-70.97074455875973, 42.311783666914856], [-70.97069155886463, 42.311825666932435], [-70.9706445593536, 42.31188466711753], [-70.97045955846245, 42.31206866724645], [-70.97024455867393, 42.312368667245664], [-70.97022955895842, 42.31240066696596], [-70.97017555868197, 42.312442667534334], [-70.97016755905344, 42.31247366686895], [-70.96990555876928, 42.31272566763326], [-70.969698558224, 42.31288266753495], [-70.96923555899153, 42.313151666865814], [-70.96896655855231, 42.31326866753638], [-70.96861155859159, 42.31336066732537], [-70.9677725576338, 42.31340266706419], [-70.96706355825431, 42.31340066700709], [-70.96677955755088, 42.31345066703498], [-70.96655555739987, 42.313517667153455], [-70.96645555735871, 42.31360466757241], [-70.96645555759763, 42.3136276676673], [-70.96639355828091, 42.313682667545386], [-70.9663945579727, 42.31370466754015], [-70.96631755759685, 42.31380966728905], [-70.96631655758094, 42.31384166758917], [-70.96629355811778, 42.313855667661215], [-70.9662015579668, 42.31428466785592], [-70.96617055783776, 42.314352667945265], [-70.96616255718693, 42.31442466778172], [-70.96614055767779, 42.31447066750433], [-70.96613255703588, 42.31456466808854], [-70.96610955779333, 42.31458766757203], [-70.96609455732484, 42.31473666767006], [-70.9660475572188, 42.31487766753465], [-70.96600955710412, 42.31507166782609], [-70.96598655712621, 42.31508566783307], [-70.96598655814628, 42.315125667480864], [-70.96595555759096, 42.315175667707116], [-70.96591755804465, 42.315410667840254], [-70.9658245582101, 42.31572266747276], [-70.96578655733741, 42.315809668245635], [-70.96577855754559, 42.315863668248475], [-70.96567855809384, 42.3161036675499], [-70.9656565579941, 42.31618066825548], [-70.9656245580994, 42.3162266681867], [-70.96561755775843, 42.31625766823771], [-70.96533255739914, 42.31664066834682], [-70.96527855727786, 42.31673166838648], [-70.96523255778611, 42.31677766789187], [-70.96507855737134, 42.31704166776465], [-70.96506255750201, 42.31709166823164], [-70.9650165577454, 42.317141668601025], [-70.9650165574691, 42.31716466777855], [-70.96498555786279, 42.31719166855574], [-70.96493955786299, 42.317300668546565], [-70.96491655785987, 42.317309668046526], [-70.9648785573653, 42.31740066855488], [-70.96485455757207, 42.317405667836134], [-70.96483955752191, 42.31746866791944], [-70.9647855579293, 42.31754666822487], [-70.96477855772793, 42.31759666824418], [-70.96471655676616, 42.317687668562264], [-70.96471655755266, 42.31770966840469], [-70.9646775579249, 42.31775966792654], [-70.96465555693541, 42.31782766807482], [-70.96462455792688, 42.31785066870346], [-70.96461655765894, 42.31789166821048], [-70.96456255709536, 42.31795966872185], [-70.96454755787508, 42.318023668103365], [-70.96450155690579, 42.318069668203954], [-70.96449355677916, 42.318118668706475], [-70.96447055778505, 42.31813266841243], [-70.96443155711155, 42.31824166838818], [-70.964347557281, 42.31836466813689], [-70.96433155715259, 42.31843666832725], [-70.96430055772814, 42.318459668865515], [-70.96430055730774, 42.31848666808918], [-70.96427855667677, 42.318505668198384], [-70.96427055701818, 42.31853666890052], [-70.96420855747486, 42.3186506681138], [-70.96417055671903, 42.31875466876302], [-70.96411655750254, 42.318827668453906], [-70.96410855687829, 42.31887266886964], [-70.96408555765115, 42.31889166878657], [-70.96406255745221, 42.31896866899357], [-70.96400055775653, 42.31905966891607], [-70.96400055720055, 42.3190866690366], [-70.96395455748748, 42.3191326689192], [-70.9639475575521, 42.3191776685869], [-70.96391655762523, 42.31920066901803], [-70.96390055739391, 42.31924566901621], [-70.96383955721332, 42.319354668790666], [-70.9636165565918, 42.31993466835973], [-70.96360855752049, 42.320025668874976], [-70.96355455769304, 42.32009366889913], [-70.96354655765393, 42.32013466921823], [-70.96346255714641, 42.32025266889934], [-70.96343155729228, 42.32032566848154], [-70.96338555671066, 42.32040266919429], [-70.96335455720042, 42.3204256685733], [-70.96332355706335, 42.32049366873532], [-70.96329955719145, 42.32049966883235], [-70.96323155744463, 42.32062566933151], [-70.96316155644502, 42.320708669126994], [-70.96316255644263, 42.320739668561686], [-70.9631305570317, 42.32076266861133], [-70.96310055739848, 42.32083566917016], [-70.96306155694913, 42.32088166897175], [-70.96300755755937, 42.32101266930136], [-70.96297755656381, 42.321098669306934], [-70.9629005575614, 42.32124466921688], [-70.96256155691006, 42.32149766889524], [-70.96239255711528, 42.321720668864664], [-70.96233755725474, 42.32180766904111], [-70.96217655690404, 42.32201266942004], [-70.96216855694301, 42.32205366963217], [-70.96214555719779, 42.3220716689164], [-70.96209955726093, 42.322176669449014], [-70.9620455565727, 42.3222176695367], [-70.9620305564003, 42.322254669335784], [-70.96200655686442, 42.32227266931426], [-70.96169955608431, 42.32263366899497], [-70.96141455692567, 42.323070669237794], [-70.96134455681931, 42.32315766976118], [-70.96133755627523, 42.32317566913456], [-70.96114455658692, 42.32338566960981], [-70.96107555706266, 42.32345466948683], [-70.96106755659963, 42.323477669842596], [-70.9609905566252, 42.3235596694513], [-70.96082955689111, 42.32377466938322], [-70.96069055660284, 42.32403766935435], [-70.96065255594306, 42.32411966984937], [-70.96062855611908, 42.32415166925564], [-70.96062055638562, 42.32418266967801], [-70.96055155582047, 42.324278669330944], [-70.96032855660762, 42.32462966998272], [-70.96025155628216, 42.32468866993553], [-70.96006655637674, 42.32478666968474], [-70.95990555679936, 42.32499266976451], [-70.95972755570786, 42.3251796698294], [-70.95971255589724, 42.32521667021433], [-70.95968155632654, 42.32523966949656], [-70.95962755648047, 42.325303670294396], [-70.95958955633886, 42.32538067014389], [-70.95956655579369, 42.32547967009154], [-70.9595585556004, 42.32566467000542], [-70.95948955615042, 42.32592666961831], [-70.95945855600903, 42.32600366992185], [-70.95938955596208, 42.32626167031012], [-70.9591965563946, 42.32658466989579], [-70.95915055594332, 42.32661266986211], [-70.95904255566793, 42.326753670385045], [-70.95890455572192, 42.32688666994437], [-70.95878155598214, 42.326961670418704], [-70.9582955551926, 42.32718567047879], [-70.95819555517333, 42.327250670111304], [-70.95811055619434, 42.32727867039884], [-70.9578485556064, 42.32746367075835], [-70.95774155601089, 42.327582670468026], [-70.95765655615386, 42.32770967043408], [-70.9575335552045, 42.32786967077265], [-70.95730155609418, 42.32806267020411], [-70.95713255548905, 42.328168670631406], [-70.95677055596315, 42.32829667070848], [-70.95655455571465, 42.32839467045108], [-70.95643155506929, 42.32848267058405], [-70.95643155578392, 42.32850067034349], [-70.95640855472809, 42.32852867083284], [-70.95637755527679, 42.32859667086195], [-70.95631555568725, 42.32868767105122], [-70.95623155502706, 42.32875167058511], [-70.95610755576473, 42.32881667101068], [-70.95593055474275, 42.32886967060196], [-70.95586955478933, 42.32890667061379], [-70.95556855555591, 42.328979670752474], [-70.95467555482368, 42.32915167125113], [-70.95465255448627, 42.329165670783055], [-70.95455155520538, 42.329190671055144], [-70.95429755420324, 42.32930767080249], [-70.95417455502711, 42.329411670516954], [-70.95407455440925, 42.329495671060776], [-70.95402855454276, 42.32960467103278], [-70.95384355451819, 42.329927670761684], [-70.95384355420916, 42.330161671157775], [-70.95391255437112, 42.33028167080688], [-70.95402855517489, 42.3304106706999], [-70.95410555414907, 42.3304496710691], [-70.9541975544731, 42.33046567145714], [-70.9543135551078, 42.330527671429145], [-70.95455255527, 42.33063567073624], [-70.95474555448693, 42.33068167079185], [-70.95481455504586, 42.330716671410286], [-70.9549915544671, 42.33074967132451], [-70.955076554746, 42.330793671438], [-70.95530755492192, 42.330838671279146], [-70.95537655474944, 42.330873671553334], [-70.9554695554889, 42.3308816710675], [-70.9554925555105, 42.330907670913895], [-70.95560055520477, 42.3309106708628], [-70.95569255464694, 42.3309446706916], [-70.95607755562467, 42.33097867072506], [-70.95652555546009, 42.33096667107364], [-70.95657155522089, 42.330992671399216], [-70.9567255553715, 42.33100367085415], [-70.95686455591625, 42.33100167089142], [-70.9569645549982, 42.331017670835884]]], [[[-70.96253855921609, 42.35507067512805], [-70.96290855889904, 42.35518567556485], [-70.96299355862094, 42.35522967570989], [-70.96305555852702, 42.35523767535574], [-70.96349455879744, 42.355414675401626], [-70.9637795597363, 42.355576675279245], [-70.96384155924848, 42.35560267593723], [-70.96398755903822, 42.355698675482806], [-70.96459655902052, 42.35603967564783], [-70.9648125598487, 42.35610767576289], [-70.9659385597251, 42.35633167530538], [-70.96673256005417, 42.356543675919966], [-70.96721055983939, 42.35673367530234], [-70.96733556003194, 42.35679467595002], [-70.96738756000913, 42.35682067607672], [-70.96749556013253, 42.35689267596358], [-70.96829356032332, 42.356276675170456], [-70.96843556067424, 42.356158675217756], [-70.96868356048672, 42.35597967550221], [-70.96875456103218, 42.35592467577653], [-70.96844356097222, 42.35579767520867], [-70.96813456115945, 42.355641675478466], [-70.96791156110464, 42.3555506754464], [-70.96784956013164, 42.35548367566406], [-70.9678495611581, 42.355438675230765], [-70.96787256018972, 42.35530367500267], [-70.96796456073803, 42.355216675541335], [-70.96840456030974, 42.35515067488403], [-70.9687125602405, 42.355032675649596], [-70.96875156037586, 42.35495967518786], [-70.96875856041737, 42.35487367515263], [-70.96872056085931, 42.354753675486755], [-70.96868956024481, 42.35473167485447], [-70.96866656095638, 42.354695675553266], [-70.96863556077923, 42.35467767492734], [-70.96860456056622, 42.35464667490484], [-70.96831156068279, 42.35446767490652], [-70.96777956026749, 42.35429167543474], [-70.96730956049699, 42.354070674848984], [-70.9669315603222, 42.35390167504484], [-70.96678456066998, 42.353867675334726], [-70.96648455955159, 42.35376067543447], [-70.96554356013782, 42.35328567545671], [-70.96518955946362, 42.353080674960246], [-70.96499655935993, 42.35293467535819], [-70.9649885594583, 42.35290767512781], [-70.96494255924006, 42.35286867538501], [-70.96489555974223, 42.35278767479205], [-70.96489555940003, 42.352652675165565], [-70.96498855942238, 42.352511674729286], [-70.96527355992912, 42.35232667474079], [-70.96531255895401, 42.35225867473867], [-70.96534255982174, 42.35218167492478], [-70.96527355927645, 42.352011674983146], [-70.96524255940635, 42.35197667490145], [-70.96524255960828, 42.351953674996395], [-70.96520355948063, 42.35190967523542], [-70.96519655915814, 42.35186867463018], [-70.96514955928488, 42.351797674626965], [-70.96514955952051, 42.35177467472102], [-70.96512655964456, 42.3517666748323], [-70.9651115600012, 42.35170867450183], [-70.96504155943715, 42.35163267434268], [-70.96504155975094, 42.351610674666915], [-70.96501055951326, 42.35158867481683], [-70.96498755946249, 42.35154367445885], [-70.9649575596045, 42.35152667500094], [-70.96495755990995, 42.35150367509356], [-70.96490255970681, 42.35143767492314], [-70.96488755943946, 42.35138767460182], [-70.96480255966405, 42.351303674665886], [-70.9647565593881, 42.35122767438549], [-70.96457155891834, 42.351095674835456], [-70.96457955933779, 42.35107767461763], [-70.96450155971154, 42.35102067456848], [-70.96430955881821, 42.350906674954444], [-70.96413955887493, 42.35083767450272], [-70.96384655872416, 42.35082067507276], [-70.96364655840662, 42.35082367488914], [-70.96337655943096, 42.35084667465056], [-70.96320655848561, 42.350799674293285], [-70.96312255847864, 42.350742674997086], [-70.96312955921596, 42.35061667494823], [-70.96323755830669, 42.350474674532315], [-70.96325355819066, 42.35041167432752], [-70.96320655861568, 42.35039867430332], [-70.96298355809239, 42.350398674732645], [-70.96272155875619, 42.35031767454942], [-70.96260555848357, 42.350211674259675], [-70.96257455851517, 42.3501666747209], [-70.96235155786623, 42.35000867427104], [-70.96222755894918, 42.349947674512606], [-70.96209655809079, 42.349922674505414], [-70.96191155829905, 42.34980867476437], [-70.96178055837723, 42.34973467475848], [-70.96137255868318, 42.34952567410158], [-70.96124055822683, 42.34947367477948], [-70.96107955785756, 42.349404674101464], [-70.9607935578849, 42.34931967490276], [-70.9606705574482, 42.34924467488091], [-70.96050155746612, 42.34921567484289], [-70.96044755785063, 42.34918967473773], [-70.96029255830227, 42.349088674780276], [-70.96022355740958, 42.34906367461253], [-70.96020855725871, 42.349027674179545], [-70.95961455772863, 42.348569674275325], [-70.95946055770429, 42.34846367400576], [-70.95905155695196, 42.34809267399692], [-70.95882855664763, 42.347848674513465], [-70.95868155667202, 42.347720673997095], [-70.95867355657658, 42.347671674473396], [-70.95857355742753, 42.347537674004315], [-70.95857355690468, 42.34750667400468], [-70.95855055759145, 42.34748867406329], [-70.95855055672838, 42.34744367441109], [-70.95845055655873, 42.34722067385184], [-70.95842655731204, 42.3472026745762], [-70.958357557451, 42.346942674483174], [-70.95831855699977, 42.346745673652286], [-70.95828055669422, 42.34664267415442], [-70.95828055664751, 42.346606673888154], [-70.95825755741039, 42.34659367414514], [-70.95824155706076, 42.34653067414234], [-70.95818755641278, 42.34647767386536], [-70.95819555746002, 42.34645067377864], [-70.95815755724396, 42.34638767363001], [-70.95763255685368, 42.34589667348531], [-70.95752155701837, 42.345642674135505], [-70.95745555657041, 42.345490673965934], [-70.95740855660173, 42.34543667369289], [-70.95740155710249, 42.345396673664666], [-70.95656855574478, 42.34488867363147], [-70.9563755565712, 42.34475667405653], [-70.95605255566575, 42.34449667399105], [-70.95598255589688, 42.34443067404426], [-70.95597555646613, 42.34434067396325], [-70.95594455592979, 42.34432767369922], [-70.95582155538575, 42.344342674014015], [-70.95543555541059, 42.344453673874376], [-70.95502755543735, 42.344527673881956], [-70.95474955604573, 42.344536673342375], [-70.95437955536805, 42.34448967357874], [-70.95411755490439, 42.344399673921586], [-70.95394055549536, 42.34430267331289], [-70.95374055558577, 42.34413067349724], [-70.95367055478975, 42.34397867365589], [-70.95361655565834, 42.343957673248404], [-70.95350855573456, 42.343936673649054], [-70.95332355532341, 42.3439536732568], [-70.95318055546768, 42.344061673890266], [-70.95309255496076, 42.34412867341414], [-70.95308455493874, 42.344250673737655], [-70.95306155460187, 42.34429067359908], [-70.95305455530644, 42.344570674128114], [-70.95303155479581, 42.34465167364235], [-70.95303855467732, 42.34475967361559], [-70.9530625547426, 42.34485367376212], [-70.95310055468863, 42.344902674178236], [-70.95310055492759, 42.34492567414177], [-70.95316255501551, 42.344987673781695], [-70.95322355491429, 42.34513467404591], [-70.95321655465119, 42.345508673929324], [-70.95327855491729, 42.3459086739355], [-70.95332455479267, 42.346159673829874], [-70.95335555545168, 42.34619967388068], [-70.95337055468866, 42.3463116740421], [-70.95340155579972, 42.34637467403539], [-70.95342455474493, 42.34650967435425], [-70.95355655555659, 42.34696167412532], [-70.9535635555783, 42.347033674632044], [-70.95359455559495, 42.347177674498184], [-70.95362555567203, 42.347226673854564], [-70.95363355522841, 42.347320674317096], [-70.95367955581507, 42.347391674425815], [-70.95370255579239, 42.34750867407345], [-70.95372555563976, 42.34752167473068], [-70.95373355605491, 42.347575673982405], [-70.9538265552346, 42.3478446741512], [-70.9538495552297, 42.347857674782674], [-70.95386455578438, 42.34792467427971], [-70.95389555522233, 42.34796467415788], [-70.95390355580393, 42.34808167453402], [-70.95394955536771, 42.34818467474993], [-70.9539805557492, 42.34832767423809], [-70.95400355598369, 42.348367674810405], [-70.95402655582771, 42.348565674278255], [-70.95405055555324, 42.34858367447256], [-70.95407255546316, 42.34899267497034], [-70.95404255621644, 42.349047674956424], [-70.9538805559589, 42.349167674489564], [-70.95365755573319, 42.34925667478258], [-70.95350255562143, 42.349371674371504], [-70.95340255519888, 42.3494226745614], [-70.95333355492976, 42.349577675137596], [-70.95334155514881, 42.34971667521922], [-70.95343355513717, 42.349989674451194], [-70.9534645553144, 42.35002967442742], [-70.9534725550362, 42.35009767511201], [-70.95357255534662, 42.35036567505628], [-70.95361155613432, 42.35041867460832], [-70.95362655503916, 42.35050867492268], [-70.9536885561855, 42.35058867475313], [-70.95369655573539, 42.35064267486545], [-70.95373455597819, 42.35070067527883], [-70.95373455589569, 42.35072767523781], [-70.95381955535454, 42.35082567497919], [-70.95381955599343, 42.35084767468161], [-70.95391955533178, 42.35097167509206], [-70.9539275563409, 42.35102567518953], [-70.95395855612438, 42.35106567501763], [-70.95398955532188, 42.35115567471986], [-70.954058555493, 42.351230674897806], [-70.95408155566489, 42.35128867509346], [-70.95412055551543, 42.35132867504146], [-70.95413555527149, 42.351391675316535], [-70.95420555535821, 42.351471675003246], [-70.95424355627296, 42.351578674884934], [-70.95428955614773, 42.35161867468261], [-70.95430555559925, 42.351658675246796], [-70.95439755549255, 42.35179667470149], [-70.95439755619519, 42.35181967553046], [-70.95442855601186, 42.351845675580556], [-70.95442855559625, 42.35187767488706], [-70.95473755663069, 42.352304675531535], [-70.95506855625763, 42.35260067539908], [-70.9550685561171, 42.35262267508708], [-70.95509955648458, 42.35264967518249], [-70.95509955635495, 42.35267167487027], [-70.95513055629594, 42.352702674979966], [-70.95516955641136, 42.352774675654665], [-70.955246556139, 42.352849675165835], [-70.95532255673726, 42.35293867492968], [-70.95550055591494, 42.35320067547742], [-70.95553155622063, 42.353254675391], [-70.95562355654751, 42.35333367546011], [-70.95566255669445, 42.35339167541778], [-70.95569355701556, 42.353413675089705], [-70.95575455588558, 42.35350767582208], [-70.95585555690592, 42.3536006756158], [-70.95590155604839, 42.35367167559725], [-70.95592655652905, 42.3536726752743], [-70.95595555700231, 42.35371567566586], [-70.95668755686279, 42.35425267543434], [-70.9568035566905, 42.35432267509792], [-70.95709655681421, 42.354510675145946], [-70.95748255765704, 42.35472967561527], [-70.95799055771454, 42.35503167567994], [-70.95833755717553, 42.35521467556287], [-70.9585995569651, 42.3553906759685], [-70.95875455729036, 42.35550967585738], [-70.9590165575106, 42.35574367605146], [-70.95908555813799, 42.35578767584876], [-70.95939455820654, 42.35587267553352], [-70.95987255829465, 42.35596267534241], [-70.96010355755433, 42.35598167596573], [-70.96038855804217, 42.355972675494925], [-70.96046555867265, 42.35595267565179], [-70.96060455867966, 42.35588767531975], [-70.96065855777255, 42.35583667556018], [-70.9608815583222, 42.35572967562013], [-70.96115955825547, 42.3554996759649], [-70.96122855779389, 42.35541267581024], [-70.96145155787448, 42.355332675580684], [-70.96175955847585, 42.3552146751051], [-70.96189855887492, 42.35518067585219], [-70.96204555820697, 42.35515167538852], [-70.9621455581811, 42.35510967520986], [-70.96239955822234, 42.35506467584141], [-70.96253855921609, 42.35507067512805]]], [[[-70.99936856886897, 42.31988866792764], [-70.99939156877434, 42.31994666741549], [-70.9993765688401, 42.32015366788236], [-70.99933056900234, 42.320262667808535], [-70.99917656930954, 42.320409667955666], [-70.99913756900507, 42.320468667635936], [-70.99914556830383, 42.32054566748451], [-70.99919156868637, 42.320620667693284], [-70.99923856874943, 42.32067466820019], [-70.9994935695501, 42.320849667675446], [-70.99961456865093, 42.320883667731344], [-70.99979756868393, 42.320943668121416], [-71.00013256904622, 42.321068667624736], [-71.00054856992057, 42.32118266805278], [-71.00213556954705, 42.32133466746763], [-71.00339957026044, 42.32134866783467], [-71.00386157068345, 42.32131866812699], [-71.00449357024529, 42.321239667834924], [-71.00497257016771, 42.32114566791796], [-71.00594457111157, 42.320912667620526], [-71.00637657155642, 42.32083366771592], [-71.00677757092896, 42.32069566786981], [-71.00717957132328, 42.32046766781109], [-71.00744257199307, 42.3202516677611], [-71.00786057169756, 42.3198436673335], [-71.00846457166732, 42.31933766732235], [-71.00880457162611, 42.319088666964944], [-71.00936057190987, 42.318772667355326], [-71.00950057187312, 42.318657667122324], [-71.00951657205917, 42.318522666786734], [-71.00945457265375, 42.318451667299506], [-71.00945457191122, 42.31838366662808], [-71.00970357252706, 42.31791566665478], [-71.01006057256411, 42.31745866638661], [-71.01057057182649, 42.31700466642679], [-71.01134457285791, 42.31640966625632], [-71.01188557217212, 42.31605766678477], [-71.01253457349567, 42.31568166621169], [-71.01339957342073, 42.31526166606688], [-71.01398657314104, 42.31503466661259], [-71.01483557343713, 42.31478566607095], [-71.0153295732606, 42.314570666088], [-71.01574657364057, 42.31432866631995], [-71.01673557416298, 42.31368066603158], [-71.01690657454017, 42.31351166546459], [-71.01699957413557, 42.31337466578638], [-71.01709257375768, 42.31311166606867], [-71.01707857451102, 42.31292766563986], [-71.01704757457055, 42.31290066585484], [-71.01708157469038, 42.31262166558036], [-71.01715657465496, 42.31238566582235], [-71.01713357409163, 42.31225966553074], [-71.01711457395648, 42.31211666542901], [-71.01711357393134, 42.312003665200415], [-71.01689957390012, 42.311543665660665], [-71.01659357361532, 42.31117966507558], [-71.0160565742888, 42.31041066502224], [-71.015672573198, 42.31010166504779], [-71.01522657326815, 42.30983466514], [-71.0147805731313, 42.309640665421135], [-71.01459657374356, 42.30958466558498], [-71.01439657293929, 42.309480664812874], [-71.01411957331031, 42.30939966499772], [-71.01396557274579, 42.3093976651029], [-71.0137645731692, 42.309455664898934], [-71.01362557251404, 42.30955666504529], [-71.01364057301079, 42.309637664859196], [-71.01367157313558, 42.30965966531332], [-71.01373257312783, 42.30966366510975], [-71.01390257252034, 42.30961566534965], [-71.01408757331015, 42.30961666563228], [-71.01422657308855, 42.309663664807296], [-71.01502557323735, 42.31008666526068], [-71.01508757338387, 42.31013466544739], [-71.01508757319304, 42.310179665274504], [-71.01504057337809, 42.310211665365095], [-71.01490157340385, 42.310245665616776], [-71.01460857367596, 42.310269665690726], [-71.01416157351038, 42.310254665656515], [-71.01394557309456, 42.31030366504422], [-71.0137145727833, 42.31028966579323], [-71.01352957293203, 42.31025166518109], [-71.01323857245131, 42.31008166488435], [-71.01280757225463, 42.309954665754006], [-71.01216257195283, 42.309429665518124], [-71.01199357269428, 42.30926566540829], [-71.01174857238217, 42.308968665388484], [-71.01164057189547, 42.30888966492159], [-71.01157857234033, 42.30889066544715], [-71.01154857249118, 42.308913664921164], [-71.0114855721653, 42.3090586655235], [-71.01143757198119, 42.309446664932814], [-71.01131357173237, 42.30970166527818], [-71.01101957226132, 42.31003066558698], [-71.01069357171981, 42.31049966552505], [-71.01049057215445, 42.31090866566195], [-71.010351571382, 42.31111366572993], [-71.01001057163636, 42.31146666597926], [-71.0097165714457, 42.311728665969696], [-71.00917457221883, 42.31219766620895], [-71.00874157132043, 42.31267766611149], [-71.00863257107144, 42.31285966623366], [-71.008585571984, 42.3130996659849], [-71.008538571061, 42.31316766651198], [-71.0084305710241, 42.313245665965106], [-71.00809057127566, 42.31340466575861], [-71.0077815713541, 42.31359966627568], [-71.00765857148463, 42.31364666636571], [-71.00753457158237, 42.313621665751775], [-71.0073355711673, 42.31350866574936], [-71.00713457153277, 42.3135886663768], [-71.00722557065917, 42.31390666620693], [-71.0073015713618, 42.314044666305534], [-71.00734757134182, 42.31407966649556], [-71.00734757141329, 42.31419266614857], [-71.00725457068765, 42.31426166634734], [-71.007053571535, 42.31432866646718], [-71.00694557127181, 42.314456666413356], [-71.00685157087318, 42.31471866610721], [-71.00677157154742, 42.315404666412356], [-71.00661557116896, 42.31589366663427], [-71.00641357051875, 42.31621266669037], [-71.00590257039354, 42.316725666974385], [-71.00554557087217, 42.31711466731059], [-71.00537557093854, 42.31736566652257], [-71.00529757009372, 42.31758266727787], [-71.00520357087125, 42.317728667018216], [-71.00478557006537, 42.318141667252625], [-71.0044915708409, 42.3184936668078], [-71.00421257008145, 42.31878166753181], [-71.0034085695746, 42.319349667486044], [-71.00288357012359, 42.31961066774235], [-71.00254357031743, 42.31971166719457], [-71.00211156948747, 42.31975466764074], [-71.00175656923166, 42.31983366754036], [-71.00161856994355, 42.319844667814635], [-71.00129456981145, 42.3198236673577], [-71.00114056949153, 42.31978966717222], [-71.00080256959426, 42.31965166797092], [-71.00052556884717, 42.319422667475365], [-71.00028056881266, 42.31913466730437], [-71.00006556866526, 42.3189846675172], [-70.99992756934333, 42.318937667406054], [-70.99963356851399, 42.318938667399394], [-70.99954156836624, 42.318948667123514], [-70.99942956842258, 42.31899166756753], [-70.99923656921521, 42.3190936674235], [-70.99917556888887, 42.319180667896006], [-70.9991675691874, 42.319351667892654], [-70.99932956932791, 42.31978566737695], [-70.99935356852353, 42.31980366721706], [-70.99936856886897, 42.31988866792764]]], [[[-70.98614056440813, 42.319060668105536], [-70.98593256489877, 42.3192576677253], [-70.98575556452937, 42.319490668327134], [-70.98570256468868, 42.319572668430254], [-70.98560956463854, 42.31966366807921], [-70.985502564277, 42.31982366809981], [-70.98540956430264, 42.319906668396335], [-70.98539456367521, 42.31994666830317], [-70.98535556382382, 42.3199746677508], [-70.98528656426454, 42.32009766782074], [-70.98504756385817, 42.320335668115796], [-70.98497856417966, 42.320440668245894], [-70.98473256360641, 42.320674667978494], [-70.98472456454448, 42.320710668527894], [-70.98459356450644, 42.32083466862802], [-70.98447856376309, 42.320984668152136], [-70.98437956419019, 42.321148667922856], [-70.98430856405295, 42.321266668038], [-70.98427056404793, 42.32141166860606], [-70.98427056408752, 42.32173566853728], [-70.98432556358458, 42.321991668698494], [-70.9844025642467, 42.3222286685008], [-70.98440256390461, 42.3222696682648], [-70.98442556378734, 42.322287668544924], [-70.98444856427844, 42.32239466820202], [-70.98447956439938, 42.32243466902839], [-70.98450256455301, 42.32256466868972], [-70.98452556457124, 42.322582668948705], [-70.98454156355915, 42.322667668905616], [-70.98457256414585, 42.32273966824562], [-70.98463356372126, 42.32296766869669], [-70.98465756409094, 42.32297666859042], [-70.98466556418084, 42.32302566828976], [-70.98471956378074, 42.32311466846661], [-70.98472656480826, 42.32313766835893], [-70.98495056414201, 42.323399668981295], [-70.98498856383145, 42.323520668783104], [-70.98501956463048, 42.32357366891363], [-70.98510456472538, 42.32380666883259], [-70.98510456480517, 42.32389166903836], [-70.98514356439534, 42.32399466901553], [-70.98515156444546, 42.32414366879823], [-70.98515156479662, 42.32443566909579], [-70.98513656460129, 42.324886669296134], [-70.98511356390097, 42.325035668834914], [-70.98510656501287, 42.32543666875378], [-70.98507556426738, 42.32575666902482], [-70.985044564994, 42.325860668932954], [-70.98499056479412, 42.326118669487684], [-70.98486056420904, 42.32659766943747], [-70.98478356450315, 42.32667566946333], [-70.98463756386782, 42.32679066948433], [-70.98421356453701, 42.32709566965466], [-70.98369756433067, 42.327356669676945], [-70.98342056463741, 42.32755966933257], [-70.98340556369061, 42.32762266982498], [-70.98341256397721, 42.32769466957021], [-70.9834435646338, 42.32777067007154], [-70.98351356449427, 42.327868670002246], [-70.98372156368659, 42.32804066972424], [-70.98389056443783, 42.328136669702616], [-70.984160564419, 42.328248670008286], [-70.98459956430844, 42.328376669636604], [-70.98521656484363, 42.32846066947817], [-70.98678056571568, 42.328518669465645], [-70.98755056538825, 42.328482669724096], [-70.98780456497974, 42.32844666976536], [-70.98820556558535, 42.328372669417185], [-70.98850656560683, 42.32829566949099], [-70.98881456568432, 42.32818666990484], [-70.98915356629063, 42.32808166955949], [-70.98943056556698, 42.32797266919912], [-70.98974656559568, 42.32788666933019], [-70.99006956673215, 42.327750669034046], [-70.99046256695509, 42.32753666907113], [-70.9906775665797, 42.32740166927214], [-70.99090856656161, 42.32715966894931], [-70.99113956612568, 42.326754669565844], [-70.99117056640134, 42.32666866959936], [-70.99120056649986, 42.326469669315074], [-70.99117756704037, 42.32639866880108], [-70.9911625660842, 42.32624066888313], [-70.99113956633317, 42.32622766935365], [-70.99113956623107, 42.3262006693236], [-70.9911085659718, 42.32616566882354], [-70.99110856648007, 42.32614266883354], [-70.99103156659284, 42.32604066951174], [-70.99096156688933, 42.32596966879422], [-70.99083856605696, 42.325890669074475], [-70.99064556674799, 42.32581766927086], [-70.99041456599146, 42.325771669065226], [-70.99002956569807, 42.325706668628335], [-70.98962056621968, 42.32553866940462], [-70.98955156594174, 42.325467668647825], [-70.98932756638628, 42.325295668649225], [-70.98918156620304, 42.325131669224845], [-70.98918156588786, 42.32511366859686], [-70.98912756562494, 42.32507366859217], [-70.9890885656963, 42.325015668887836], [-70.98901956531066, 42.32496766869987], [-70.98884956604425, 42.32490766850834], [-70.98842556605965, 42.3247076690651], [-70.98822556523264, 42.32455366896831], [-70.98814856581193, 42.324424668508414], [-70.98812556518165, 42.324289668486735], [-70.98814756564336, 42.32410966921449], [-70.98816356484544, 42.3240866684286], [-70.98816356594698, 42.324023668922536], [-70.98822456556756, 42.32396366893951], [-70.98835556606457, 42.32390766907796], [-70.9884255660222, 42.323870668545425], [-70.9884635659445, 42.32383366871008], [-70.98848656590404, 42.32378866865157], [-70.9883635654805, 42.32370466864099], [-70.98798556480523, 42.3235536685852], [-70.98792456473949, 42.323518668598226], [-70.98791656588274, 42.32338866899277], [-70.98808556573145, 42.323371668741935], [-70.98810856500342, 42.32334866852665], [-70.98813956531947, 42.323271668721794], [-70.98817056559506, 42.32321266864237], [-70.98820856581096, 42.32306366863569], [-70.98830056538745, 42.32286366834081], [-70.98830056586844, 42.32277866813817], [-70.98822356582944, 42.322729668499115], [-70.98817756525769, 42.32271266853698], [-70.98786156580445, 42.32267766890288], [-70.9877305650645, 42.32263966857638], [-70.98764556542449, 42.3225866688629], [-70.98764556552446, 42.322321668562786], [-70.98766856457476, 42.3222986684304], [-70.98768356561217, 42.32196966858075], [-70.98771456562817, 42.3216946681166], [-70.98772956507024, 42.321365668213446], [-70.98777556487912, 42.32103166842054], [-70.9877835649806, 42.32092366779732], [-70.98782956485081, 42.320742668038], [-70.987813565082, 42.320256668428556], [-70.987751565037, 42.31987866841675], [-70.98772856465872, 42.31986566817097], [-70.9877125653614, 42.319627667605765], [-70.98768156511237, 42.319564667600204], [-70.98759756494061, 42.31949466823819], [-70.98736556487937, 42.3194716681101], [-70.98721156500173, 42.31944266751084], [-70.98694956519489, 42.31930266800343], [-70.986679564555, 42.31911466762829], [-70.98646456451846, 42.3190786683009], [-70.98625656403354, 42.31904466791961], [-70.98614056440813, 42.319060668105536]]], [[[-70.92923354693234, 42.33246067187798], [-70.92931854708064, 42.33253567235733], [-70.92935654665516, 42.332575672434125], [-70.92936454716096, 42.33261167208962], [-70.9294575467213, 42.332690672606894], [-70.92956354706199, 42.3328416727429], [-70.92958754673671, 42.33284667237736], [-70.92958754709667, 42.332864672155345], [-70.929711547239, 42.3329836719269], [-70.92974254659055, 42.33305067236748], [-70.92977354620113, 42.33307267201169], [-70.92984254675473, 42.33317567229952], [-70.9298265469659, 42.33329767234286], [-70.9297965465275, 42.3333566726028], [-70.92974954618855, 42.33353767242242], [-70.92972654673272, 42.33357367221759], [-70.92974254654841, 42.33365867273794], [-70.92987354672893, 42.333755672095144], [-70.93005054660074, 42.33382467214423], [-70.93011954709037, 42.33383767248477], [-70.93023554718783, 42.33382167287226], [-70.93035854657731, 42.33377867260638], [-70.93176054771719, 42.3330936719878], [-70.93213054783651, 42.332857672470205], [-70.93214654754108, 42.33278967233591], [-70.93213054765243, 42.33270867219844], [-70.93169154731943, 42.33234767228685], [-70.93146054780618, 42.332360672046725], [-70.93139154778639, 42.33232967182667], [-70.93117554657508, 42.33217167214837], [-70.93085154756551, 42.33176667198225], [-70.93077454746363, 42.3315926724922], [-70.93074354638478, 42.331426672162245], [-70.93072854754136, 42.33112967217974], [-70.93075154645602, 42.33089567186942], [-70.93077454692971, 42.33078667159335], [-70.93084354681278, 42.33063667143757], [-70.93087454654561, 42.33053767170859], [-70.93107454708128, 42.330083671330705], [-70.93116754710661, 42.3297486718571], [-70.93122954753699, 42.3295766720827], [-70.93144454664187, 42.32924867169611], [-70.9315915469627, 42.32897667123142], [-70.93160654676092, 42.32889067178652], [-70.93152954734947, 42.328792671901724], [-70.93142954657692, 42.32873567150386], [-70.93131454648089, 42.32870667191201], [-70.93115254691449, 42.32869567169959], [-70.93088254681042, 42.32875867192024], [-70.93055954708302, 42.32880467140888], [-70.9300965467124, 42.3288166719112], [-70.92991154635118, 42.328788671600684], [-70.92923354617717, 42.32859767190036], [-70.92870954603808, 42.32842567111711], [-70.9283405455925, 42.328287671817215], [-70.92810154545448, 42.32817467142239], [-70.92792454531987, 42.32805667180203], [-70.92789354535371, 42.32804767112174], [-70.92780854524331, 42.32798667102142], [-70.92777754621734, 42.327982671508344], [-70.9274005454835, 42.32772767160008], [-70.92685354605649, 42.32732267116081], [-70.92675254591778, 42.327207671202196], [-70.92662954498925, 42.32712367145736], [-70.9263835450555, 42.32689867144472], [-70.92628354570371, 42.32676967090057], [-70.92624454551645, 42.32667067132892], [-70.92618254488907, 42.326595671603805], [-70.92615254567471, 42.32651467081883], [-70.92613654535916, 42.32639767097852], [-70.92611354486816, 42.32636667117022], [-70.92612154513787, 42.32602867072586], [-70.92605954515199, 42.325795670907304], [-70.92598254535127, 42.3256986710194], [-70.92591354535732, 42.32564067085499], [-70.92570554504685, 42.32555467088067], [-70.92549754468303, 42.32552167061716], [-70.924765544373, 42.325434671092644], [-70.92423354409179, 42.32531767136085], [-70.92391054483046, 42.3253456712321], [-70.92371754440077, 42.325411671214965], [-70.92360954437314, 42.32549967116872], [-70.92333254480292, 42.325778671240634], [-70.92327054380887, 42.32593267077015], [-70.92323954443411, 42.32596067138937], [-70.92320154416815, 42.326100670909064], [-70.92320154395702, 42.3262496714944], [-70.92323254377551, 42.32633867100775], [-70.92328654422445, 42.326391671053635], [-70.92329354368049, 42.326436671034585], [-70.92335554391886, 42.326498671023515], [-70.92342454439996, 42.32661067124943], [-70.92364754463114, 42.326835671283746], [-70.92384854487803, 42.32699067168679], [-70.92391754500159, 42.32707967149331], [-70.92403354461143, 42.3271626712498], [-70.92414054432717, 42.32725967146367], [-70.92421054419296, 42.3273036716295], [-70.9242335440923, 42.32733467181238], [-70.924395544583, 42.327471671435916], [-70.92441154454204, 42.32750767103614], [-70.9245575446962, 42.327626671525636], [-70.92526554500256, 42.328294671283956], [-70.92551254478606, 42.3285116712987], [-70.9255435448352, 42.328528671831485], [-70.92559754543993, 42.32858167164891], [-70.9256435450893, 42.32866667151759], [-70.92579754579656, 42.32882167123393], [-70.92592854523176, 42.32896367160386], [-70.9260595457799, 42.329064671937886], [-70.92607454487498, 42.329100671692245], [-70.9262055453378, 42.32921967164902], [-70.92621354500068, 42.32924267205478], [-70.92629054562913, 42.32929967205192], [-70.92630654533359, 42.329353672060044], [-70.92640554527567, 42.32944667151904], [-70.9264835450643, 42.3295396714534], [-70.9266755461192, 42.329734671903005], [-70.92667554581563, 42.3297566717477], [-70.92686054611647, 42.329942671722726], [-70.92698454616824, 42.33004467231088], [-70.92707654577868, 42.330159672128296], [-70.9271915452896, 42.330284671822], [-70.92733054521723, 42.33039467214718], [-70.92751554575892, 42.330593672322266], [-70.92764654610497, 42.33067267184219], [-70.92772354545528, 42.33077067160574], [-70.92774654565095, 42.33082867207979], [-70.92783954620631, 42.33093067224061], [-70.92783854625323, 42.33094867245146], [-70.92791654647418, 42.33102367158037], [-70.927916546054, 42.331046671654434], [-70.92799254568061, 42.33111267213418], [-70.92810854662031, 42.331245672353425], [-70.92815454593257, 42.33127167239801], [-70.92815454588491, 42.331289672182095], [-70.92820954665447, 42.331343672330696], [-70.9282245465619, 42.331383671834175], [-70.92826254598351, 42.33140567250496], [-70.92828554598478, 42.33144067188496], [-70.92831654672696, 42.33146267194178], [-70.92831654672544, 42.33148067172511], [-70.92835554579175, 42.331507672223566], [-70.92835554580121, 42.33152567200674], [-70.92868654610197, 42.33187567221371], [-70.92869454643044, 42.33191567197415], [-70.92894054607794, 42.33216367213061], [-70.92900254600919, 42.33220367181104], [-70.92903354677412, 42.33225667183812], [-70.92910254622242, 42.332318671846245], [-70.92923354693234, 42.33246067187798]]], [[[-70.92601454528213, 42.31834866935913], [-70.92598354420771, 42.31845766954515], [-70.92578354514399, 42.31884866952261], [-70.92571454414683, 42.318970670165086], [-70.92562154461777, 42.31921566959288], [-70.92564454431154, 42.31944966983114], [-70.92568354404744, 42.31964666997175], [-70.92571354448702, 42.31989866987435], [-70.92577554482487, 42.32015867040379], [-70.92581354497023, 42.32039266987365], [-70.92586754466552, 42.32052166996319], [-70.92587554511648, 42.32059367052886], [-70.92591454529274, 42.32077767011276], [-70.92592154503639, 42.32087267030368], [-70.92595254495909, 42.320925670425765], [-70.926014545418, 42.32126267036603], [-70.92606854474644, 42.32132467042972], [-70.92606854544493, 42.3213466703199], [-70.92638354454058, 42.32157567010294], [-70.92665354535302, 42.32169267062069], [-70.92710754470967, 42.321806670528254], [-70.92751654511068, 42.321948670008005], [-70.92817154541527, 42.32212667007784], [-70.92834054508118, 42.32215967057478], [-70.92907954569725, 42.322169670153855], [-70.92953454604368, 42.32215367021839], [-70.93015054578417, 42.322120670462006], [-70.93028954609467, 42.32209967025319], [-70.9303895468897, 42.32207167029684], [-70.9304365460171, 42.32204767057079], [-70.93046654585808, 42.32201167014379], [-70.93047454631657, 42.321844670621196], [-70.93049754661719, 42.32174966996139], [-70.93056754583671, 42.32164467017305], [-70.93063654607155, 42.321612670306315], [-70.93069054592141, 42.32155267040741], [-70.93072154604327, 42.32143966989175], [-70.93062854672507, 42.32118967050137], [-70.93059754593224, 42.32114967027864], [-70.9305515467403, 42.32086167033748], [-70.93048254680667, 42.320673669539], [-70.93045154635072, 42.32063367017279], [-70.93039754579164, 42.320341670035965], [-70.93038954600465, 42.320260669448174], [-70.93036654618945, 42.32021667003035], [-70.93036654667767, 42.31995966949299], [-70.93052054568605, 42.31988966945639], [-70.93055954685333, 42.3198616696008], [-70.9305675467959, 42.319812669549485], [-70.93039754665293, 42.31958066990512], [-70.93035954621058, 42.31949666934622], [-70.93029054560378, 42.3194166700275], [-70.93027454650712, 42.31937166993059], [-70.93021254624045, 42.319300669613874], [-70.93021254582631, 42.319277669482304], [-70.93017454588838, 42.319219669708794], [-70.92997354614845, 42.319074669870574], [-70.92985054569859, 42.31895566945356], [-70.92965854632858, 42.318787669448774], [-70.92942754569765, 42.31855267004405], [-70.92930354531036, 42.318280669531994], [-70.92926554618728, 42.31824466933825], [-70.92919654567598, 42.31807966956581], [-70.92910354559692, 42.31791866943716], [-70.92886454526742, 42.31776066925343], [-70.92872654606316, 42.31765466909879], [-70.9285105459041, 42.31755966982292], [-70.92831854554744, 42.31740566906054], [-70.92821754565068, 42.317361669192636], [-70.92814854494233, 42.31738066898431], [-70.92749954514103, 42.31790366917592], [-70.92742454457259, 42.31796466947667], [-70.92727754460222, 42.318057669795294], [-70.92713154522424, 42.31810466923037], [-70.9270165446342, 42.3181296691754], [-70.926846545039, 42.31809166945803], [-70.92660754430108, 42.3179516697992], [-70.92649154493688, 42.31791766982009], [-70.92630754430907, 42.31794366978132], [-70.926206545262, 42.31799866951317], [-70.92601454528213, 42.31834866935913]]], [[[-70.93642954900768, 42.3266706710707], [-70.93703154899976, 42.32674567060393], [-70.93746954893227, 42.32683767072894], [-70.9375935487461, 42.326884671086724], [-70.9378095486357, 42.326934670967525], [-70.93831754901711, 42.32710667092181], [-70.93840254913465, 42.32716867065918], [-70.93868754971957, 42.32727567112992], [-70.93879554933478, 42.32734167129451], [-70.93945054963216, 42.32757867091665], [-70.9395965499, 42.32760767125761], [-70.9397975499788, 42.32767167140299], [-70.94016654999184, 42.32774667106447], [-70.94039055018564, 42.3277696706926], [-70.94058355046947, 42.327775670730176], [-70.94089854960939, 42.32773867117537], [-70.941114549666, 42.32768567092187], [-70.94123055070366, 42.32762467117028], [-70.94155355072154, 42.327384671232366], [-70.94163855066601, 42.32730667126248], [-70.94176955033625, 42.3270306710603], [-70.94177655019016, 42.32685867042501], [-70.94176154984416, 42.32684167095742], [-70.94176155061785, 42.326642670411566], [-70.94173855090189, 42.32661167107235], [-70.94173055064923, 42.32648167059275], [-70.94170754986212, 42.32647267107668], [-70.94170755058234, 42.32641867082788], [-70.94164554980551, 42.32622667057343], [-70.94163054997559, 42.32620867084991], [-70.94163055036857, 42.32618167072408], [-70.94157655046088, 42.326110670582665], [-70.9413145505145, 42.32587567031962], [-70.94123754988351, 42.32584167056559], [-70.94102155051787, 42.32567867089273], [-70.94095254950831, 42.325647670947916], [-70.94079854996394, 42.32553867013405], [-70.94073655026716, 42.32551667025137], [-70.94049454959496, 42.32533267039068], [-70.94043654981171, 42.325287670825304], [-70.94035154969451, 42.32517167049171], [-70.94031255006503, 42.325059670864874], [-70.94028255016734, 42.325024670389574], [-70.94028254973355, 42.32500167030377], [-70.94025154942466, 42.324975670696034], [-70.94024354949985, 42.32488167053782], [-70.94021254973516, 42.32479567011307], [-70.94015854942307, 42.32470267032265], [-70.94011254962203, 42.32465367045638], [-70.94008954985955, 42.324599670680456], [-70.94003554972672, 42.32455167076188], [-70.9399435499036, 42.32458867070948], [-70.93975855015238, 42.3247406706166], [-70.93969654938856, 42.324768670384586], [-70.93948054953948, 42.32489867013098], [-70.93877154949426, 42.325275670315165], [-70.9380555493459, 42.32558867066674], [-70.9374315490339, 42.32582467086461], [-70.93693054838704, 42.325923670401075], [-70.93609854886817, 42.32596867098759], [-70.9353665485015, 42.32598167111557], [-70.93490454786608, 42.32602967107759], [-70.93424254735709, 42.32621667067451], [-70.93404154818211, 42.32630567116586], [-70.93391054715153, 42.32634367076955], [-70.93385654768413, 42.32641667072868], [-70.93387254746061, 42.32646167114203], [-70.9339335473726, 42.32652367125035], [-70.93410354818286, 42.326610671083806], [-70.93535954878062, 42.32667967092876], [-70.93582954871215, 42.32669367095347], [-70.93614454804083, 42.32667067066413], [-70.936214548451, 42.32665567102832], [-70.93642954900768, 42.3266706710707]]], [[[-70.89517653546075, 42.34408367521372], [-70.89525453612244, 42.34406867588828], [-70.89528453633045, 42.34408167561404], [-70.89560053674727, 42.34390067532358], [-70.89580153572373, 42.34377167557971], [-70.89599353592894, 42.343700675328925], [-70.8962795368991, 42.343664675233164], [-70.89650253634727, 42.343584675405026], [-70.89660253624005, 42.34351967520171], [-70.8968645366486, 42.34330367501537], [-70.89711153676623, 42.34306967502043], [-70.89727353663416, 42.34289167531647], [-70.89727353624829, 42.342783674808885], [-70.89721153655502, 42.34271267498747], [-70.89715853645502, 42.342618675426394], [-70.89718153662068, 42.34255967483121], [-70.89718953610509, 42.342343675227774], [-70.89715853657036, 42.34223167507746], [-70.89714353651019, 42.34212367513215], [-70.89711953681045, 42.342043675177656], [-70.89712053648972, 42.341934675152814], [-70.89691953623768, 42.34180367465979], [-70.89686553656188, 42.34173267517814], [-70.89686553689715, 42.34158367477248], [-70.8969205364092, 42.34145667461225], [-70.89715953625159, 42.34126767473496], [-70.89720553710212, 42.341091674985876], [-70.89725153661479, 42.34098267498047], [-70.89728253690842, 42.340770675292156], [-70.89732153595418, 42.34067967525941], [-70.89738353670242, 42.340615674374206], [-70.89750653713642, 42.3406006744089], [-70.89769853633503, 42.34064267486516], [-70.89785253692634, 42.34060867483999], [-70.89811553652592, 42.34042867476876], [-70.89834653673047, 42.34032567446594], [-70.89840753630978, 42.34027467449411], [-70.89843953692811, 42.34021167475305], [-70.89834653672885, 42.340113674305115], [-70.89823053643046, 42.34010667504416], [-70.89815353704104, 42.340130674757965], [-70.89783753703011, 42.34013967434823], [-70.89774553673728, 42.34011867451302], [-70.89769153709648, 42.34007067457792], [-70.89766853663549, 42.33984567503567], [-70.8974525364125, 42.339759675066844], [-70.89731353626244, 42.33964467439621], [-70.89714453687445, 42.339462674909896], [-70.89714453604354, 42.339444674207606], [-70.89704453586512, 42.339347674920475], [-70.89698253689723, 42.339253674814515], [-70.89679053667751, 42.339220674369905], [-70.89669753648612, 42.33912767464109], [-70.89669753623735, 42.33904267413503], [-70.89667553589668, 42.3389706747247], [-70.89672853575165, 42.33874467464918], [-70.89669753585207, 42.338636674327354], [-70.89663653611855, 42.338601674456456], [-70.89643653668506, 42.338614674832876], [-70.89602753621206, 42.33876967430356], [-70.89573453560156, 42.3388196744651], [-70.89552653625653, 42.338804674937286], [-70.89529553601787, 42.33881367413455], [-70.89515653619239, 42.3388876745879], [-70.89515653601495, 42.33899167424664], [-70.89531853633517, 42.33925467456689], [-70.89534153587412, 42.339402674251936], [-70.89534553570859, 42.33956167476676], [-70.89534853643758, 42.33965467495837], [-70.89537253629359, 42.33970867453111], [-70.89536453628725, 42.339856675021174], [-70.8953025361987, 42.339893674690465], [-70.89511753597291, 42.339910674309195], [-70.89505553556009, 42.339938674394915], [-70.89504053570833, 42.33999267499235], [-70.89501753573418, 42.34000267519705], [-70.89499453554868, 42.340060675158945], [-70.89494753585369, 42.34011567504377], [-70.89478653595265, 42.34016367459586], [-70.89475553626689, 42.3402586745488], [-70.89479353511693, 42.34042067469171], [-70.89477753567867, 42.341010674621344], [-70.89475453607285, 42.34118667478284], [-70.89479353542403, 42.34123067540577], [-70.89483953571279, 42.34125667525752], [-70.89489353524003, 42.34133667515801], [-70.89491653600989, 42.34160267511072], [-70.89501653579529, 42.34168667489719], [-70.89507053529357, 42.34177067475754], [-70.89505453626957, 42.34213567491947], [-70.89496253568446, 42.342200675374556], [-70.89484653547277, 42.34225167484604], [-70.89482353621041, 42.34229767549557], [-70.89476953604886, 42.342437674912254], [-70.89476953580157, 42.342545675447106], [-70.89480053625161, 42.34259967504046], [-70.89513853578485, 42.34268867517664], [-70.89540853570601, 42.34284567507985], [-70.89541653589859, 42.342917674880816], [-70.89549353554156, 42.342952675742595], [-70.89560853565187, 42.34313567568481], [-70.89560853624562, 42.34321667517197], [-70.89559353607005, 42.343324675157504], [-70.89553153630175, 42.34338467501612], [-70.89537753612869, 42.34348167525358], [-70.89535453554005, 42.3435986757892], [-70.895354535948, 42.34378367571866], [-70.89533053636482, 42.343860675872875], [-70.89519253584353, 42.343930675247904], [-70.89512353549274, 42.343953675167754], [-70.89509253647847, 42.343972675960764], [-70.89510753621973, 42.34401767555474], [-70.89517653546075, 42.34408367521372]]], [[[-70.87644253016015, 42.34338767621147], [-70.87653453026238, 42.3433866761113], [-70.87666552941212, 42.34336167634994], [-70.87672753014807, 42.34338767567868], [-70.87685852973821, 42.3433676759984], [-70.87697352967633, 42.343316675674174], [-70.87716653001242, 42.34331267601071], [-70.87721252997616, 42.34328967568902], [-70.8772515297885, 42.343248676334625], [-70.87729053053341, 42.34310867574862], [-70.87738253064896, 42.343048676134146], [-70.87741352979003, 42.343047676299044], [-70.87742152972686, 42.3430206762326], [-70.87749053007794, 42.34297467598679], [-70.87758353077786, 42.342878675699545], [-70.87759852967532, 42.3427926759551], [-70.87752153058713, 42.342717675973624], [-70.87751352998345, 42.342618675541104], [-70.8775985307662, 42.34251767574105], [-70.87776852969616, 42.342456675540866], [-70.87790753025665, 42.34244967607566], [-70.87797653070328, 42.342484676056], [-70.87802253016315, 42.34252867616887], [-70.87813853057868, 42.342544675453574], [-70.87830052983423, 42.34259167600195], [-70.87849253043349, 42.34257567574527], [-70.87865453062324, 42.34254067594783], [-70.87874753088848, 42.342548675343906], [-70.87876253038395, 42.342597675404576], [-70.87881653096734, 42.34261467594277], [-70.87893253113285, 42.342590675639066], [-70.87903953107897, 42.34260267575297], [-70.87906353051623, 42.342619676195774], [-70.87910153034571, 42.3425746761595], [-70.87941753081537, 42.34251967555389], [-70.8797725308083, 42.34241067616151], [-70.88015053148717, 42.34225067581937], [-70.88027353093514, 42.34216367609552], [-70.88065153121674, 42.34211167568536], [-70.88058953165077, 42.3420366757331], [-70.88058153097965, 42.34200067531943], [-70.8806595314442, 42.34195467575166], [-70.88084353163018, 42.34187967556375], [-70.88110653102497, 42.34169467515238], [-70.88111353146121, 42.341501675571735], [-70.88114453170822, 42.34147367547016], [-70.88129853166559, 42.34141667584317], [-70.88159953169729, 42.34138467508719], [-70.88168453141037, 42.34134367585797], [-70.8816765312642, 42.34119467543836], [-70.88169953179516, 42.34115867526193], [-70.88183853113604, 42.341056675284854], [-70.88183853130572, 42.340993675484576], [-70.88177753203846, 42.34096767527899], [-70.88165353149213, 42.34096967515182], [-70.88139953166846, 42.34102867521806], [-70.8809835311273, 42.34119267499421], [-70.88074453149441, 42.341209675882666], [-70.88062153117028, 42.34117167584014], [-70.8803595304853, 42.34100467533217], [-70.88022853098421, 42.34095267520946], [-70.88008953077156, 42.3409686751236], [-70.87995053132603, 42.34101567511019], [-70.8799125309436, 42.34108367554781], [-70.87989653041252, 42.34113367507209], [-70.8798505312534, 42.34117567562571], [-70.87974953118993, 42.34122667511737], [-70.87964253098927, 42.34122767516525], [-70.87925753096701, 42.341058675050576], [-70.87906453060246, 42.341025675609494], [-70.87857953086963, 42.341065675730256], [-70.87818553087835, 42.341053675456216], [-70.87789353024014, 42.34102767593727], [-70.8776005296831, 42.341031675666045], [-70.8772915299998, 42.341086675870066], [-70.8769685293318, 42.341226675609306], [-70.87676752923609, 42.341266675301945], [-70.87659052994815, 42.34121967585176], [-70.87654853021625, 42.34121567582935], [-70.87639752961294, 42.34120067529314], [-70.876282529531, 42.34115267557215], [-70.87615152961607, 42.34116367601927], [-70.876050529126, 42.341237676000134], [-70.87604352942206, 42.34126867517037], [-70.87598153001524, 42.341328675407674], [-70.87581952950913, 42.3413446758764], [-70.87572752896318, 42.34132867580391], [-70.87559652916377, 42.34134367568209], [-70.87552652986612, 42.34138567562116], [-70.87547252922337, 42.34156167577216], [-70.87548852970872, 42.34157967607708], [-70.87561952923727, 42.34167667530973], [-70.87564952954696, 42.341725675334935], [-70.87564952912419, 42.34176667527567], [-70.87559552979252, 42.341789675648876], [-70.87548752895773, 42.34179567570464], [-70.87526452942153, 42.34177267589766], [-70.87514152923077, 42.34181967599758], [-70.87511052889539, 42.34189667545823], [-70.87510252886399, 42.34201367538104], [-70.87497152969439, 42.34213767552351], [-70.87474752913002, 42.342325675831546], [-70.87462352932549, 42.3425706760664], [-70.87456952938555, 42.3427156755322], [-70.87456952934203, 42.342819676186316], [-70.87463152953625, 42.34286867587088], [-70.87502452960528, 42.3429296756776], [-70.87509352890841, 42.34295067582545], [-70.87521752900396, 42.34302067596999], [-70.87531752925638, 42.343045676139255], [-70.87544853002586, 42.34317467600066], [-70.87556352929124, 42.343231675971325], [-70.87577152905875, 42.34325467565514], [-70.8759485291503, 42.34324267567859], [-70.87599552939187, 42.343196675754896], [-70.87599552911279, 42.34317467587938], [-70.87604952995164, 42.34309267558325], [-70.87608052954202, 42.34280867575345], [-70.87615752922702, 42.342820676003406], [-70.87619552966541, 42.342891675936336], [-70.87622652916897, 42.34305867620251], [-70.8762885300391, 42.343129675760515], [-70.87631252950831, 42.34313467570178], [-70.87637252964302, 42.343244676411416], [-70.87638852985764, 42.34334367619253], [-70.87644253016015, 42.34338767621147]]], [[[-70.89600153615235, 42.33101667266948], [-70.89600153546411, 42.331205673149974], [-70.89592453518831, 42.33145467329851], [-70.89588553527872, 42.331562673504884], [-70.89583953592215, 42.33164467296808], [-70.89579253554734, 42.33178067294157], [-70.89576153606244, 42.33180367309201], [-70.89573853528157, 42.33188067335289], [-70.89569253528585, 42.33195367328622], [-70.89553053501783, 42.33232067330527], [-70.89549953543728, 42.33241567359443], [-70.89542253552737, 42.33261067298163], [-70.89542253500466, 42.33264667353266], [-70.89539153573511, 42.33267467298476], [-70.89538353541333, 42.33271967323844], [-70.89532253565133, 42.332936673759534], [-70.8952295349834, 42.33315867365367], [-70.89519853482652, 42.33327167367067], [-70.89513653581108, 42.33344367330791], [-70.89510653486073, 42.33357067381336], [-70.89509053583862, 42.333610673965026], [-70.8950445350602, 42.33372467356557], [-70.89501353589893, 42.33381567364401], [-70.8949825353586, 42.33385667339815], [-70.89496753489976, 42.3339466736915], [-70.89486753547361, 42.334047673984394], [-70.89467453483446, 42.334190673578526], [-70.89452753527543, 42.33426967378778], [-70.89398053550973, 42.334669674075215], [-70.89398053570541, 42.33480967348207], [-70.89406553554343, 42.33498867383548], [-70.89417253490306, 42.335089674096814], [-70.89427253495651, 42.33512467375296], [-70.89446553576754, 42.335121674234394], [-70.89488953579678, 42.33506967413599], [-70.89497453539573, 42.33504567369646], [-70.89506653553684, 42.335039673837365], [-70.89524453499601, 42.33497767354796], [-70.89532153501426, 42.33496767374375], [-70.89535953579575, 42.33493967423034], [-70.89542853534272, 42.33492067423131], [-70.89547453592367, 42.33487467371729], [-70.89550553556082, 42.33474867414193], [-70.89553653523568, 42.33469367359043], [-70.89565253538632, 42.33463367395547], [-70.89599153585628, 42.33457367387151], [-70.89623053620997, 42.33449767407845], [-70.8964305364457, 42.33440867388847], [-70.89677753641833, 42.3341556734756], [-70.89687853614068, 42.33401867354724], [-70.89693953659653, 42.333904673596514], [-70.89700853581981, 42.333750673553254], [-70.89704053656426, 42.33354367375864], [-70.89701753635927, 42.33327367374054], [-70.89697853623656, 42.333138673522754], [-70.89694053571189, 42.333062673798764], [-70.89694053602257, 42.332873673406475], [-70.89713253599501, 42.33262267302621], [-70.89716353658753, 42.332599673416745], [-70.89717953647053, 42.33255967298057], [-70.8972335359657, 42.332504673724074], [-70.8972415365874, 42.33246867371069], [-70.897326535803, 42.33236767283955], [-70.89740253549542, 42.33224967286153], [-70.89746453591835, 42.33217667329564], [-70.89750353601703, 42.33204967341505], [-70.89754953614276, 42.331981673071674], [-70.89755753585035, 42.33193567332538], [-70.8976575362775, 42.33179067271643], [-70.89801953592702, 42.331424673115855], [-70.89820453595418, 42.33127267337357], [-70.89862853619056, 42.33093667321248], [-70.89887553692913, 42.33077067284659], [-70.89943853656823, 42.330364672898526], [-70.89951553625052, 42.33028767309147], [-70.89951553635477, 42.3302326724617], [-70.89948453678562, 42.33020667262463], [-70.89937653717952, 42.33019967299143], [-70.89926053622592, 42.33024667234727], [-70.8989685363306, 42.330458672620054], [-70.89887553639295, 42.33050067270341], [-70.89862853608159, 42.33065767271065], [-70.89838953690915, 42.33079167251623], [-70.89820553663553, 42.33081767268841], [-70.89807353588004, 42.33079267329951], [-70.89761253579479, 42.33057067277681], [-70.89760453611574, 42.33052567314155], [-70.89750453552128, 42.33043267315785], [-70.89745753586341, 42.33041167294249], [-70.89732653634385, 42.330381673130624], [-70.89703453589885, 42.33034667296565], [-70.89668753599963, 42.33036967287781], [-70.89665653544465, 42.33035267263497], [-70.89640953540973, 42.330397673343], [-70.89617853578041, 42.330414672497874], [-70.89610153591312, 42.33044267269109], [-70.89604753524982, 42.33057467287016], [-70.89600153615235, 42.33101667266948]]], [[[-70.9493315522779, 42.31223566815698], [-70.94943955213074, 42.31238266817601], [-70.94947055166479, 42.31240066796027], [-70.94947755226603, 42.31242266807346], [-70.94956255258123, 42.31251166808546], [-70.94981755238346, 42.312718667705354], [-70.95035655277323, 42.31301966781881], [-70.95066455224296, 42.31314566815163], [-70.95108755291211, 42.313268667990094], [-70.95156555254779, 42.31337766789169], [-70.95198955270425, 42.31341066826094], [-70.95224355315962, 42.313424668034685], [-70.95238955350936, 42.31339066783024], [-70.95258255368914, 42.31332466757355], [-70.95292155359994, 42.31308466761877], [-70.95303655318835, 42.31294266774638], [-70.95316755388106, 42.31273766754931], [-70.95325255313347, 42.31253866766594], [-70.95326055366837, 42.31241666742681], [-70.95328355381048, 42.31233066796339], [-70.95338355361854, 42.31225666762381], [-70.9534915530768, 42.31224166719391], [-70.95363755340377, 42.3122616675776], [-70.95376855386176, 42.312263667782844], [-70.95415355313743, 42.31198266770405], [-70.95435355363821, 42.31184866789469], [-70.95461555381951, 42.31172766711377], [-70.95490755321082, 42.31163266753102], [-70.95570955447896, 42.311604667322534], [-70.95594755422808, 42.31162766724951], [-70.95662555488259, 42.31166166731996], [-70.95701855409375, 42.31160966766147], [-70.95715755446358, 42.311535667358584], [-70.95722655479254, 42.31143966772504], [-70.95727255513219, 42.31130366776543], [-70.95741855483229, 42.31092266699373], [-70.95744955486208, 42.310769667670115], [-70.9576805546044, 42.3106616670331], [-70.95768855467846, 42.31063866685105], [-70.95762655484917, 42.31059066702146], [-70.95746455515646, 42.31053066757068], [-70.95737255494578, 42.310531667379756], [-70.95735755409785, 42.31062266702527], [-70.95729555500641, 42.31071766716138], [-70.95723355464968, 42.31078166701302], [-70.9571575546648, 42.31083766720273], [-70.95704155418665, 42.31087966765935], [-70.9570255547085, 42.31091166727419], [-70.95693355477405, 42.31095866698137], [-70.95665655414074, 42.31102566746373], [-70.9563485544958, 42.311049666959214], [-70.9561405542625, 42.31102166728011], [-70.9558475545758, 42.31091366689201], [-70.95551655402103, 42.31064466758494], [-70.95532355433409, 42.3104726668583], [-70.95529255395893, 42.31042366749389], [-70.9552615535661, 42.3103966671079], [-70.9551385531825, 42.3100976675052], [-70.95510055372684, 42.3100436670068], [-70.95510055385606, 42.31002166711764], [-70.95500055392688, 42.30989666700633], [-70.95490755386184, 42.309826667323236], [-70.95480755335042, 42.30983266704156], [-70.95470755336908, 42.30988366759879], [-70.95448355327123, 42.31007266728616], [-70.95435355299766, 42.31022366711411], [-70.95436055394605, 42.31035866710498], [-70.95448455348159, 42.31070266689649], [-70.9545385541322, 42.310787667267626], [-70.95455355355028, 42.31088666772965], [-70.95458455339089, 42.310917667462476], [-70.95461555424474, 42.31103866721685], [-70.95461555378007, 42.31126766733187], [-70.9545695532606, 42.31134966768431], [-70.95443055405183, 42.311460667466086], [-70.9542995540471, 42.31155266718806], [-70.95425355318085, 42.31155766781634], [-70.95421455386222, 42.31159866711403], [-70.9541535531129, 42.3116406674736], [-70.95378355318441, 42.311781667408226], [-70.95332955268677, 42.3118306676358], [-70.95289055366622, 42.31189666775276], [-70.95274355273361, 42.311898667835756], [-70.95269755367032, 42.311881667965984], [-70.95269755306721, 42.31182266728825], [-70.95276655283979, 42.31177666791447], [-70.95297455357674, 42.31167866772019], [-70.9530515536673, 42.3116096674181], [-70.9530675536233, 42.31156466792935], [-70.95305955360143, 42.31150166782955], [-70.95303655354036, 42.31145666728531], [-70.95276655285075, 42.31124566720762], [-70.95265155325824, 42.31121566780573], [-70.95254355296605, 42.31122266731495], [-70.95248155254795, 42.31126866749497], [-70.95246655354211, 42.311317667235606], [-70.95242055311142, 42.31135066756303], [-70.95192755252758, 42.31154366768811], [-70.95173455288376, 42.31164166734123], [-70.95157255294734, 42.3117476679874], [-70.95136455210402, 42.311818667264745], [-70.95101855193332, 42.31180166738637], [-70.95078755284969, 42.31181466785071], [-70.95009355162594, 42.31181766740208], [-70.9495315518002, 42.31186366805711], [-70.94943155166983, 42.31189666780911], [-70.94933155245775, 42.31196566803632], [-70.94930055246583, 42.31203866759247], [-70.94929255248888, 42.312150667900084], [-70.9493315522779, 42.31223566815698]]], [[[-70.88667153255254, 42.33974367468762], [-70.8867105326355, 42.339783675345366], [-70.88674153328498, 42.33983267509032], [-70.88678753292433, 42.33985867458977], [-70.8873185326435, 42.33985867496445], [-70.88740353312939, 42.339835674940495], [-70.88744253331029, 42.33973067482003], [-70.88751953299953, 42.339716674752744], [-70.88761153303264, 42.33973767468948], [-70.88770453278698, 42.33974967501936], [-70.88778953386134, 42.33971667501943], [-70.8878275332688, 42.33967967492799], [-70.88784253358578, 42.33963867475149], [-70.88795853345728, 42.33961967467238], [-70.88808153283868, 42.339598675239614], [-70.8882435335992, 42.33951067449236], [-70.88832853344036, 42.339491674741964], [-70.88839753350202, 42.339544674587636], [-70.88845153321247, 42.339570674563774], [-70.88870653392254, 42.339565674521154], [-70.88886853426347, 42.339536675323124], [-70.8890295335044, 42.33948867502987], [-70.88925353385156, 42.33934967500373], [-70.88946153411767, 42.33933267461646], [-70.88956953369615, 42.3392996747941], [-70.88970853354458, 42.33927967508977], [-70.88977753398358, 42.339305674843125], [-70.88993953431114, 42.3392936746104], [-70.89050953476898, 42.33910867436606], [-70.89061753364622, 42.33901667473508], [-70.89081053442666, 42.33901367498895], [-70.89107253425317, 42.33893267509416], [-70.89126553434781, 42.33889767502239], [-70.89152753394647, 42.338812674935944], [-70.89168953465844, 42.33871967445876], [-70.89170453499077, 42.338656674818345], [-70.89158853420169, 42.338595674807436], [-70.89161253514038, 42.338531674852085], [-70.89172053512378, 42.33850367421625], [-70.8918045344056, 42.3384656746645], [-70.89190553408056, 42.33838267496754], [-70.89192053412661, 42.338319674394064], [-70.89182053409837, 42.338298674289106], [-70.89122753431712, 42.338277674629616], [-70.89090353469737, 42.338201674322], [-70.89080353469802, 42.3381896745858], [-70.89058753397491, 42.33820267453051], [-70.8900555345624, 42.33831867476794], [-70.88997853390994, 42.33832067454493], [-70.88994753394473, 42.3383436749213], [-70.88981653388397, 42.3383546746949], [-70.8897395336404, 42.338382674244116], [-70.88879953307153, 42.33843867471232], [-70.88819853308912, 42.338410674641864], [-70.88737453256988, 42.33837267475539], [-70.88715853270453, 42.33832667482104], [-70.88699653316031, 42.33834267479212], [-70.88661853269342, 42.33846167511966], [-70.88627953222553, 42.33848467480622], [-70.88604853330338, 42.33856567451102], [-70.88597853319452, 42.33861567459771], [-70.88592553317454, 42.338679675172074], [-70.88579353321269, 42.338821674852724], [-70.885693533195, 42.33888667474322], [-70.88540853277361, 42.33895867505169], [-70.8852235320943, 42.339028675068455], [-70.88497653301134, 42.33923167485901], [-70.88497653257755, 42.33927167454949], [-70.88498453268403, 42.33933467483893], [-70.88500753203948, 42.33939767523406], [-70.88507653305004, 42.33943267457762], [-70.88527753223515, 42.33949167513849], [-70.88533853278527, 42.339504674886186], [-70.88540753281585, 42.33955267534027], [-70.88551553232624, 42.33959167497175], [-70.88570853272155, 42.3395296750331], [-70.88582453313488, 42.339541674636735], [-70.88593153299915, 42.33959867465216], [-70.88604753295034, 42.33970967525237], [-70.88614753270564, 42.33980667517769], [-70.88624053237916, 42.33982767524797], [-70.8863865329433, 42.3398066752691], [-70.88654053303833, 42.33969667485188], [-70.88661053239136, 42.339708674881564], [-70.88667153255254, 42.33974367468762]]], [[[-70.88884553307757, 42.32859467247313], [-70.88884453350126, 42.328743672585205], [-70.88892153265715, 42.32879667251323], [-70.88904553331089, 42.32879467302789], [-70.88932953295047, 42.32873067303328], [-70.88972353329221, 42.328611673198296], [-70.8899085333176, 42.32857267256336], [-70.89017053325865, 42.32857267274229], [-70.89027053371555, 42.32858467313761], [-70.89033953396292, 42.32856567259813], [-70.89056353314773, 42.32846267230786], [-70.89111053343137, 42.32845367260799], [-70.89130353395272, 42.328414672498546], [-70.89141853415579, 42.32835467269986], [-70.89158053419955, 42.328279673053736], [-70.89189653357582, 42.32823867240522], [-70.89204253385574, 42.32825867254945], [-70.89228153402621, 42.32828167247696], [-70.89228153474431, 42.32819567240478], [-70.89221953461055, 42.32817467264173], [-70.89201253399548, 42.32815567264721], [-70.8919885338306, 42.32807467287471], [-70.8922895342876, 42.328069672540465], [-70.89232053374657, 42.32802867256134], [-70.89220453470423, 42.32798967285792], [-70.89198853459743, 42.32794867213017], [-70.89185853386554, 42.3278926722301], [-70.89185053360623, 42.32783367235846], [-70.89176553381631, 42.32783067295409], [-70.89171953432394, 42.32778667279243], [-70.89168853452486, 42.32773767245568], [-70.8916965342738, 42.327665672170234], [-70.89177353415052, 42.3276146729576], [-70.89185053358297, 42.32757267226649], [-70.89185053376887, 42.327487672417234], [-70.89191253449717, 42.32743667208183], [-70.89191253368796, 42.32739167289739], [-70.89185853359439, 42.32735667225216], [-70.89159653349512, 42.32736567266841], [-70.89146553432882, 42.327439672364356], [-70.89127253438036, 42.32757367231318], [-70.89123453320562, 42.32763667266768], [-70.89120253378005, 42.32773667233107], [-70.89109553371647, 42.3278236722087], [-70.89099553320855, 42.327870672387895], [-70.89091753345522, 42.32785867215423], [-70.89085653378258, 42.327836672208115], [-70.89073353338104, 42.32774467240691], [-70.89058753359241, 42.32771067260708], [-70.88958553378667, 42.327713672161266], [-70.88933853270659, 42.327798672749886], [-70.88929253349279, 42.32783567230534], [-70.8893075337786, 42.32788067285794], [-70.88934653271605, 42.327893672516346], [-70.88950853358466, 42.32789067249581], [-70.8895845333363, 42.327898672901924], [-70.88966953275641, 42.32799167228403], [-70.88966153316241, 42.328045672583606], [-70.88949253331188, 42.328165672957844], [-70.88936853303476, 42.32840167280565], [-70.88926853297605, 42.328452672458084], [-70.88915353290527, 42.32844567281795], [-70.88902253360213, 42.3284076723577], [-70.88882953338658, 42.32843267246216], [-70.88877553277351, 42.32846967248199], [-70.88877553324684, 42.32852867235176], [-70.88884553307757, 42.32859467247313]]], [[[-70.8826565313477, 42.34024667536147], [-70.88244053212826, 42.3402946756475], [-70.88223253150257, 42.340379675165885], [-70.88204753116999, 42.340499674885336], [-70.88192353116551, 42.34056967515403], [-70.88187053176064, 42.3406286753676], [-70.88185453168909, 42.340718675753934], [-70.881885531874, 42.340740675739646], [-70.8820625310201, 42.34079167519017], [-70.88214753155924, 42.34078167495517], [-70.88232453107875, 42.34067067566797], [-70.88257153173349, 42.34057667530159], [-70.88262553220633, 42.34053067515849], [-70.88272553178392, 42.340416675177714], [-70.88292653142213, 42.340291675317985], [-70.88294953168507, 42.340237675072615], [-70.88285653207163, 42.340225675399026], [-70.8826565313477, 42.34024667536147]]], [[[-70.88338053179325, 42.34005467477665], [-70.88328053184193, 42.3401286747337], [-70.88324153182299, 42.34020067546103], [-70.88311853136572, 42.340328675578164], [-70.88308753141548, 42.340414674817076], [-70.88317253193262, 42.34041867538362], [-70.88331853242605, 42.340366675457744], [-70.8834265318956, 42.34034167520183], [-70.88346553223136, 42.34029167519056], [-70.88347353235761, 42.340174674727116], [-70.88349653179901, 42.3401296747272], [-70.88349653246935, 42.340074675043965], [-70.88346553236732, 42.34004367513303], [-70.88338053179325, 42.34005467477665]]]]}, "properties": {"TOWNNAME": "Boston", "TOWNCODE": "035"}}, {"type": "Feature", "geometry": {"type": "Polygon", "coordinates": [[[-71.12778861598014, 42.39751467865437], [-71.12828461562762, 42.398116678028444], [-71.12882161607226, 42.39870367821118], [-71.12914161557832, 42.39908067895625], [-71.12973861655792, 42.39983267843235], [-71.13021161706857, 42.40041567840396], [-71.13069861715721, 42.40095167900141], [-71.13129261749381, 42.40157767900622], [-71.13365361768516, 42.40347167920782], [-71.13380861738626, 42.40364067926599], [-71.13429361811025, 42.404006678998414], [-71.13442461852914, 42.40410467897009], [-71.13444961816445, 42.404125679026045], [-71.1344556180662, 42.40413067931837], [-71.1345146186262, 42.404180679053184], [-71.13451561767621, 42.40416167916759], [-71.13451661813973, 42.404151679360936], [-71.13451861843815, 42.40413367926199], [-71.13457961846171, 42.40347067895367], [-71.13474261780108, 42.40292667869478], [-71.13479861791085, 42.402815679302925], [-71.13492161850135, 42.402570679016385], [-71.13542361796304, 42.40199467905732], [-71.1358446186608, 42.401571678523716], [-71.13605961815787, 42.40131667875825], [-71.13627761852223, 42.40109167903027], [-71.13639161845482, 42.40097367880134], [-71.13688961902969, 42.40067167825486], [-71.13747161910204, 42.40043967843646], [-71.13816861865558, 42.40029267875551], [-71.13888661912715, 42.40021967880455], [-71.13933461984877, 42.400156678683615], [-71.13979461902973, 42.40002467834461], [-71.14041261938947, 42.39972867833585], [-71.14053861948688, 42.39964767871285], [-71.14079361975789, 42.39948467830334], [-71.14110361955431, 42.39919867818889], [-71.14134462007428, 42.39895367785346], [-71.14162462026745, 42.39867067797357], [-71.14174062056078, 42.39858467814857], [-71.14256561997749, 42.39797667828054], [-71.14258662077245, 42.397961678246276], [-71.14267062058336, 42.397899677641405], [-71.14273762028986, 42.397863678259576], [-71.14340962095838, 42.39750367769728], [-71.14342462018813, 42.397497677903125], [-71.14349062036092, 42.397466677833], [-71.1435576205408, 42.39743667743077], [-71.14359362107821, 42.39742067754739], [-71.14365962075995, 42.39745567770023], [-71.14606862160517, 42.39848167784943], [-71.14641362222652, 42.39862967819138], [-71.14784762254371, 42.399245678224666], [-71.14932662223018, 42.3998816781767], [-71.15031662331914, 42.400307677956], [-71.15205762318305, 42.40104867780602], [-71.15224362389391, 42.40093367858809], [-71.15225162432976, 42.40091967824096], [-71.15235662364633, 42.40079967788542], [-71.15238162417003, 42.40076767831759], [-71.1536826244162, 42.39908267812138], [-71.15481562411193, 42.397617677562636], [-71.15487662452067, 42.39753767725613], [-71.15495562485624, 42.39745467714422], [-71.1554866245337, 42.39689667767374], [-71.15601962506278, 42.396219677506046], [-71.15630262523574, 42.39586067734745], [-71.15682162466156, 42.39555067684843], [-71.15713662512388, 42.395363677298555], [-71.15838762569868, 42.39460167680767], [-71.15837462507527, 42.39455467698404], [-71.15834062516674, 42.39443767667314], [-71.15821162589451, 42.39403467639866], [-71.15808462532675, 42.39363767683161], [-71.15796462523862, 42.39329667632774], [-71.15790862516145, 42.39310967679462], [-71.15778862490303, 42.39268267601291], [-71.15766162448618, 42.392266676349294], [-71.15748562513087, 42.39174167610729], [-71.15726562506985, 42.3910046763435], [-71.15725562518023, 42.39095667607398], [-71.15711862430707, 42.39056867603415], [-71.15707162468811, 42.39037767582997], [-71.15705462436267, 42.39026167636874], [-71.15705562441849, 42.39012767634667], [-71.15709162443088, 42.38990367615125], [-71.15717062415878, 42.38961667555087], [-71.1573456251989, 42.38895167587657], [-71.15738162472567, 42.388740675572976], [-71.15744262439551, 42.38848467536969], [-71.15757462511552, 42.38799967517618], [-71.15763662484237, 42.38772467559691], [-71.15768862417492, 42.38753967512111], [-71.15775862506685, 42.3873736754553], [-71.15788062468026, 42.38719267505149], [-71.15798462445024, 42.38705167537246], [-71.15810562451723, 42.38694367546605], [-71.15823462462932, 42.38685367508784], [-71.15838162516953, 42.3867846748287], [-71.15861362479757, 42.386733675633444], [-71.15892362455126, 42.38669667520257], [-71.15987962534751, 42.38655867524457], [-71.16026762531534, 42.386476675269925], [-71.16033262569067, 42.386452674849664], [-71.16026662551191, 42.38634767477532], [-71.1586596242779, 42.383853674482594], [-71.15828962505036, 42.3832806745788], [-71.1580106248424, 42.38286967490014], [-71.1579716243148, 42.38281367492265], [-71.1578106245983, 42.38246267446252], [-71.15781862428223, 42.38235367421502], [-71.15779262438596, 42.38221967466585], [-71.15759762424378, 42.38215967413455], [-71.1569366243689, 42.3819016740581], [-71.15656662374809, 42.381784674264395], [-71.15617162404425, 42.381688674151434], [-71.15586162354035, 42.38161867410551], [-71.1554206238963, 42.38151867429256], [-71.15514062380481, 42.381311674493176], [-71.15520662371424, 42.38117567413111], [-71.1553336241707, 42.380916674576035], [-71.15500662406588, 42.38032567422929], [-71.15505162406622, 42.380208674417084], [-71.15529862324244, 42.380304674437625], [-71.1556596242658, 42.380432674494095], [-71.15572962347962, 42.38045767413653], [-71.15625062363868, 42.380654674129644], [-71.15620262352819, 42.3805226745666], [-71.15620962411039, 42.38048467389542], [-71.15615362351315, 42.380385674527396], [-71.15601662336572, 42.379957674426436], [-71.15582762392718, 42.379406674214806], [-71.1556916231462, 42.37900667357367], [-71.15539862294942, 42.37815067336076], [-71.15525462361305, 42.37772967333836], [-71.15511962306968, 42.37742167378562], [-71.15473462374477, 42.376201673464315], [-71.15470562305542, 42.37610967297848], [-71.15464362349037, 42.37591367361333], [-71.15449662277828, 42.375180673119715], [-71.15446862339117, 42.37507667298799], [-71.15436162322733, 42.37506567329417], [-71.15437362305636, 42.37510367337117], [-71.15382062217357, 42.375036673446346], [-71.15291362297573, 42.3749266735585], [-71.15278562222278, 42.374910672781716], [-71.15237662260316, 42.37486267328479], [-71.15164262178426, 42.37477367283896], [-71.15061062199628, 42.37464967288925], [-71.15037862212006, 42.37462167324445], [-71.1503016221733, 42.37449167330276], [-71.15023962214322, 42.37438567274385], [-71.1498646208515, 42.3744596731907], [-71.14970262164817, 42.37449267323158], [-71.14933962108951, 42.374561673228605], [-71.14897662164155, 42.37463667337192], [-71.14890662070773, 42.37468667303763], [-71.14849462077824, 42.374762673563225], [-71.14841162127495, 42.37475067302722], [-71.1472846209426, 42.37497667369357], [-71.14645461979279, 42.37513267378982], [-71.1461196198148, 42.37517867363294], [-71.14593762004836, 42.37520367355564], [-71.14569562041528, 42.375225673227504], [-71.14521062030292, 42.37527267310353], [-71.14509161941632, 42.37528367390462], [-71.14469261942595, 42.37529167374204], [-71.14444862027135, 42.375291673400675], [-71.14383161971301, 42.375286673187375], [-71.14363061973384, 42.37528567347701], [-71.14364061933811, 42.375217673654944], [-71.14387761892169, 42.37431667305258], [-71.14392561912474, 42.37408267323559], [-71.14360461879448, 42.3740426735018], [-71.14206261837778, 42.37384367307805], [-71.14185961912534, 42.37381767306662], [-71.14175761871545, 42.37380467316737], [-71.1416246185786, 42.37378667366198], [-71.14123561889828, 42.3737366729614], [-71.14087961881881, 42.37369067309553], [-71.14044761866307, 42.3736356730446], [-71.14031661814957, 42.37361867308746], [-71.13999261817537, 42.37357767346775], [-71.14007461865981, 42.372671672905334], [-71.14011261757615, 42.372013673434324], [-71.14019261756086, 42.37156367273773], [-71.14027861791483, 42.37110767320807], [-71.14036061755365, 42.3707016727538], [-71.14037261851531, 42.37064667319633], [-71.14045061814011, 42.370367673147726], [-71.1405996185901, 42.37002567242114], [-71.14081161771814, 42.36968967235291], [-71.14089061862842, 42.36955067292025], [-71.14100861873868, 42.36934267220702], [-71.14134761891587, 42.36882067248811], [-71.14162161855292, 42.368391672096735], [-71.14183361888442, 42.36804967236159], [-71.14210161789234, 42.367646672118966], [-71.14224761812581, 42.367396672473134], [-71.14246161856997, 42.36702567236624], [-71.14255961824556, 42.36691267159009], [-71.14261561903795, 42.366865671572825], [-71.1427636181864, 42.36679867207359], [-71.14294561877159, 42.366726671520865], [-71.14320461900813, 42.3666576716317], [-71.14359561883879, 42.36656867168797], [-71.14426961952742, 42.3664626717527], [-71.14424861921562, 42.36640267213215], [-71.14385561839718, 42.36564167207289], [-71.1438056187642, 42.365543671554164], [-71.14375961886864, 42.36545267141278], [-71.14360661833832, 42.36517367169845], [-71.14350161904932, 42.36497767200291], [-71.14335561900629, 42.36496467120945], [-71.1426976179472, 42.364904671360925], [-71.14202961817881, 42.36480567137344], [-71.14158961761102, 42.36474067165131], [-71.14136761801149, 42.36470767201744], [-71.141033617698, 42.36465867189708], [-71.14070161816936, 42.364608671436024], [-71.14047861794468, 42.36457567145797], [-71.14038261731103, 42.36456167169609], [-71.14023861765668, 42.364540671456545], [-71.14009461771384, 42.36451867171846], [-71.13999761813926, 42.36450467120957], [-71.1399436172486, 42.36453967183006], [-71.13986261781434, 42.36459267192735], [-71.13978261698996, 42.36464467127655], [-71.13972761711891, 42.36468067158467], [-71.139313617176, 42.364951671715794], [-71.13869061676536, 42.365358671935546], [-71.1380686171663, 42.36576567191801], [-71.13765361753597, 42.36603767212672], [-71.13738361677287, 42.36621367238225], [-71.1369786161731, 42.36647867224172], [-71.1365736170255, 42.36674367247519], [-71.13630361662241, 42.36692067220508], [-71.13616161681163, 42.367012672506554], [-71.13594661618916, 42.367150672147794], [-71.13573261652287, 42.36728967207176], [-71.13558961589032, 42.36738167209629], [-71.13450361557408, 42.368083672677436], [-71.13199761511211, 42.36970467251297], [-71.13235661488913, 42.37052467266929], [-71.13243561587777, 42.370703673049626], [-71.13275361621862, 42.3712156731524], [-71.13297461608218, 42.37165867294706], [-71.1329836154353, 42.37167767335364], [-71.13299761577838, 42.37170567365286], [-71.13300461532104, 42.37173767318537], [-71.13300961615441, 42.37175967318406], [-71.13301261611807, 42.37177267295819], [-71.13302161627854, 42.37181267339686], [-71.13302461530024, 42.37182667338338], [-71.13317161537049, 42.37248667341359], [-71.13319761549816, 42.37260467374712], [-71.13266061592803, 42.37318967355848], [-71.1316556152323, 42.37366967386482], [-71.13151861595827, 42.37373467405381], [-71.13099761563466, 42.3738046738098], [-71.12973661428103, 42.37376867354844], [-71.12962761519623, 42.37376567402484], [-71.1283386147029, 42.3734326734547], [-71.12749761377059, 42.373004673298524], [-71.12648161414342, 42.37203667351587], [-71.1261326134777, 42.37170467343057], [-71.12556761345711, 42.37116667291088], [-71.12513561285454, 42.37075467296811], [-71.12448461320179, 42.37013567340329], [-71.12383761237386, 42.369518672733236], [-71.12340461200142, 42.369106672695764], [-71.12338361215367, 42.369086673423155], [-71.1233196121894, 42.36902567298859], [-71.12329761188478, 42.36900467290729], [-71.12327261244782, 42.36900167320819], [-71.12319561203094, 42.368991672704325], [-71.1231686118045, 42.36898867273031], [-71.12312861221967, 42.36898367293916], [-71.12277561186794, 42.368939673043904], [-71.12224461164969, 42.368873673443126], [-71.12171361131468, 42.36880767318665], [-71.12135961129513, 42.368763672852296], [-71.12078761195258, 42.36869267270386], [-71.11996061069384, 42.36858867286993], [-71.11907061132187, 42.368477673011284], [-71.11856061126753, 42.368413673233945], [-71.11849761056392, 42.36840567322442], [-71.11845961134887, 42.36837067281789], [-71.11834661072939, 42.368266673245465], [-71.11830761125653, 42.36823067285181], [-71.11818461060366, 42.36811767308453], [-71.11781561001455, 42.36777667253679], [-71.1176926098794, 42.36766267291032], [-71.1175916105229, 42.36756967254065], [-71.11728761017027, 42.36728867251321], [-71.11719761020976, 42.36720567274912], [-71.1171976099176, 42.36718967286474], [-71.11719761009539, 42.36659967307213], [-71.11719761061704, 42.36482867210505], [-71.11719760958609, 42.36430567222588], [-71.11719361068793, 42.36423767197123], [-71.11715361002022, 42.36362667179871], [-71.1170346105033, 42.3617936722169], [-71.1169966101758, 42.36120567164192], [-71.11699560953491, 42.36118167205299], [-71.11699560929387, 42.36116567214692], [-71.11698260938768, 42.360677671328894], [-71.11696261035762, 42.359944671717216], [-71.11694260938158, 42.359212671293236], [-71.11692961028011, 42.35872467115654], [-71.11694061002815, 42.35852167129308], [-71.11695760959846, 42.35821467124436], [-71.11697461026324, 42.357910670935624], [-71.11698560972536, 42.357707671031086], [-71.11699961003899, 42.35744167085289], [-71.11702060971268, 42.35704467054093], [-71.11704260926152, 42.35664367083928], [-71.11705660922826, 42.35638567055275], [-71.11705660908535, 42.35637667037086], [-71.11706960923608, 42.35614967086611], [-71.11709960968813, 42.35560267094427], [-71.11697960918077, 42.355543670664545], [-71.11677460948408, 42.35544267037664], [-71.11676960974171, 42.35544067038015], [-71.11570160867224, 42.354915670990316], [-71.11409760896125, 42.35412667035396], [-71.11281660807825, 42.35349667003216], [-71.11249460794477, 42.35333867046551], [-71.11142560704836, 42.35281367072599], [-71.11142060775738, 42.352810670274714], [-71.11126360775407, 42.35273366998792], [-71.1110016068974, 42.35260567037183], [-71.11076660748844, 42.35260567014962], [-71.11069660725144, 42.35260566997007], [-71.1105916067134, 42.35259367011442], [-71.11056060742479, 42.352590670707684], [-71.11046560696919, 42.35258066993374], [-71.11043360754992, 42.352577670706026], [-71.10967660664093, 42.35249767076462], [-71.10879860670978, 42.35240567024659], [-71.10739860674776, 42.35246366996161], [-71.10663760584605, 42.35249567016619], [-71.10591460618241, 42.35252567088896], [-71.10482760482327, 42.352571670833456], [-71.10374260472653, 42.35261667078343], [-71.10301760433977, 42.352646670714506], [-71.10294960490636, 42.35264967069089], [-71.1028466050981, 42.35265367061453], [-71.10274560435158, 42.352657670149405], [-71.10267660474342, 42.35266067101079], [-71.10198160420586, 42.35268967060927], [-71.10093660373097, 42.35273267045521], [-71.09989360423613, 42.35277667069435], [-71.09919660317496, 42.352805670816586], [-71.09892960369646, 42.35285267044442], [-71.0981276033471, 42.352995670658956], [-71.09790060296555, 42.353035671079745], [-71.09785960331874, 42.35304267061149], [-71.09783560343057, 42.35304667039647], [-71.09780660249712, 42.35305167091346], [-71.09775860362745, 42.35306067068143], [-71.09764660285893, 42.35308067042859], [-71.09761760310866, 42.35308567090212], [-71.09759260303773, 42.353089670737894], [-71.09733960263554, 42.35313467110733], [-71.09697060340872, 42.353200670629256], [-71.09657760212835, 42.35327067118499], [-71.09632360223439, 42.353316670539535], [-71.09586760295132, 42.35339467075921], [-71.09524160188981, 42.35350067134802], [-71.09449860181317, 42.35363567120539], [-71.09404260226911, 42.353718670709966], [-71.09347060179012, 42.35381967112076], [-71.09175360170994, 42.35412467111273], [-71.0912976006049, 42.35420567100289], [-71.09118460140259, 42.35424167167322], [-71.0904376013082, 42.35447867087171], [-71.08819460007942, 42.35518867162397], [-71.08744560015936, 42.35542567126506], [-71.0870365996071, 42.35555567171762], [-71.0858085990251, 42.355944671344865], [-71.08539959900105, 42.356074671388235], [-71.08498159935128, 42.35620667215698], [-71.08372659837354, 42.356604672082014], [-71.0833075982507, 42.3567376723795], [-71.08249459862814, 42.35699567186281], [-71.08005259725277, 42.357768672414004], [-71.07923859742594, 42.35802667227347], [-71.07881059755319, 42.35816267256783], [-71.07752459667907, 42.35856967254153], [-71.0770955964489, 42.35870567269239], [-71.07685259612646, 42.35924867269371], [-71.07648659679755, 42.36006467320365], [-71.07612159684297, 42.360878672974195], [-71.07587759587571, 42.36142267264853], [-71.07586959616202, 42.361439673019916], [-71.07584559688719, 42.36149467321477], [-71.07583759652476, 42.36151267290242], [-71.07582259675704, 42.36154567350284], [-71.07579559579516, 42.36160567272532], [-71.07576959641354, 42.3616406728028], [-71.07574659619469, 42.36167067292766], [-71.07492359573965, 42.36276967358014], [-71.07438659551718, 42.36348367308777], [-71.07368759643889, 42.364417673747134], [-71.07245159560222, 42.36606767419961], [-71.07162859585935, 42.36716667402287], [-71.07157159512454, 42.367242674731806], [-71.07145059496487, 42.36733167392034], [-71.07141159499437, 42.3673606745418], [-71.07089659512742, 42.36781767458804], [-71.07079759483588, 42.36790567480973], [-71.07073859533348, 42.36800367428608], [-71.07072659455963, 42.36802367441623], [-71.07070359553195, 42.36806067415255], [-71.07069459463077, 42.36807567447129], [-71.07068559493936, 42.36809067479383], [-71.07067759464171, 42.36810367480428], [-71.07066159453761, 42.368130674145206], [-71.07061359533907, 42.36821167485895], [-71.07059659478362, 42.3682386749571], [-71.07058959555988, 42.368250674877004], [-71.07056759554693, 42.368287674713216], [-71.0705595952001, 42.3683006747149], [-71.07054759552727, 42.368320674829555], [-71.07050859483307, 42.368384674741414], [-71.07049559522731, 42.368405674937996], [-71.07044959492735, 42.36845167443964], [-71.07030959501441, 42.36859167480837], [-71.07026259453568, 42.36863867431925], [-71.07014559540809, 42.36875567432742], [-71.0697955953453, 42.36910567443826], [-71.06962759523817, 42.36910567438496], [-71.06924159417497, 42.369105674466034], [-71.06808259416786, 42.369105674897924], [-71.06769559387759, 42.369105675041745], [-71.06763859383393, 42.369105675071566], [-71.06746759370324, 42.36910567499152], [-71.0674105936597, 42.369105674908354], [-71.06643059327774, 42.369105674527226], [-71.06619559388419, 42.369105675282654], [-71.06618359356395, 42.36909067443645], [-71.06609559334926, 42.36897967458013], [-71.06603959331096, 42.36890967477497], [-71.065916593988, 42.36893367509925], [-71.0657315940204, 42.36896967524863], [-71.06574559347837, 42.36898967488844], [-71.06582759397398, 42.3691056750765], [-71.06578159352843, 42.369105675191264], [-71.06569559386169, 42.369105674617224], [-71.06564359341192, 42.36910567452959], [-71.0655975929663, 42.3691056745708], [-71.06556859334317, 42.36910567488337], [-71.06548159326596, 42.369105674872365], [-71.06545259364286, 42.36910567515572], [-71.06539559359302, 42.36910567497431], [-71.06534359392137, 42.3691016747732], [-71.0653335930973, 42.36910067457378], [-71.0652285933662, 42.369092674812066], [-71.06518759372535, 42.36908967492451], [-71.06513459367596, 42.36908567444837], [-71.06499859356818, 42.36907467454952], [-71.06479459308919, 42.369058674508246], [-71.06459059270733, 42.369042675005446], [-71.0644535927803, 42.36903267449818], [-71.06442059320082, 42.36903067513977], [-71.0643705932446, 42.36902667486848], [-71.0643215924837, 42.36902267475885], [-71.06428759251057, 42.36902067517422], [-71.06426759335, 42.369018674600056], [-71.06420559341551, 42.369014674713505], [-71.06418459263622, 42.369012674831495], [-71.06416759265429, 42.36901167502018], [-71.06411359353972, 42.369007674789], [-71.0640955927663, 42.369005674555396], [-71.06418559340135, 42.36909367486465], [-71.06432159320266, 42.36922667469358], [-71.06445859277025, 42.36935967453993], [-71.06454959279415, 42.36944867495673], [-71.06459359289556, 42.369491675431235], [-71.06472559317014, 42.36961967472894], [-71.06476959351025, 42.369662675134435], [-71.06478559365354, 42.3696766748355], [-71.06483459291132, 42.3697206754431], [-71.0648505926789, 42.36973067515309], [-71.06486759326931, 42.36974167526577], [-71.06490459329449, 42.369766674883216], [-71.06491659303218, 42.36977467521833], [-71.06493459325768, 42.369786674820695], [-71.06500359334682, 42.36982667539716], [-71.06501659312481, 42.36983367478193], [-71.06519659309298, 42.3699376750892], [-71.065261593033, 42.36997467503234], [-71.0652785933506, 42.36998467486207], [-71.06529559325716, 42.3699936753679], [-71.06533059395103, 42.37001567473232], [-71.06534759348753, 42.37002667476876], [-71.06536859317937, 42.37004867523245], [-71.06538659402807, 42.37006767540508], [-71.06543359402644, 42.370116674698934], [-71.06545559340366, 42.370139674641386], [-71.06551059291766, 42.37019667527261], [-71.06567559411965, 42.370369674750954], [-71.06567959384608, 42.370373675428006], [-71.0657315936664, 42.370427674766475], [-71.06603659334515, 42.37074767540793], [-71.06627359394618, 42.370995674893784], [-71.06695359433793, 42.37170667508662], [-71.06696859347491, 42.37172267564597], [-71.06709159351935, 42.37185167537795], [-71.0672385940843, 42.37187667491698], [-71.06733059395573, 42.371892675196385], [-71.06738459431071, 42.3719016750069], [-71.06745359426489, 42.371913675135715], [-71.0676455946823, 42.371946674956945], [-71.06766159415123, 42.371945675452814], [-71.0676825946643, 42.37194467493544], [-71.06773259442579, 42.37194267513821], [-71.06775059479696, 42.37194167503814], [-71.06779359396667, 42.371942675674994], [-71.06783059408455, 42.37194367536451], [-71.06786659403748, 42.371950675302585], [-71.0678985941711, 42.37195667528996], [-71.06797359424961, 42.37197067557651], [-71.06799659429377, 42.371974675506195], [-71.06800959499472, 42.37197667525317], [-71.06802959399485, 42.371978675170844], [-71.06811859437067, 42.3719926757196], [-71.06819559499127, 42.372005675049884], [-71.0682085944846, 42.37200767567002], [-71.06824959434562, 42.3720146753498], [-71.06826459474944, 42.3720166753711], [-71.06861259422622, 42.372074675661715], [-71.06879559435708, 42.37210567537795], [-71.06965259472983, 42.372276675786296], [-71.06979559495402, 42.37230567506458], [-71.07000259488244, 42.37232867532664], [-71.07003359470093, 42.3723316757228], [-71.0700565945212, 42.372334675019204], [-71.07007259551355, 42.37233667494274], [-71.07008559464828, 42.37233767512957], [-71.07012759512857, 42.372341675419186], [-71.07015859545255, 42.372345675102416], [-71.07020659552855, 42.37235067549385], [-71.07030159574285, 42.372361675401386], [-71.0703515948222, 42.37236767531606], [-71.07039959493008, 42.37237267562693], [-71.07042459569475, 42.372375675120054], [-71.07050259522457, 42.37238367553566], [-71.07052859524063, 42.37238667513592], [-71.07058159573042, 42.37239267535272], [-71.07069459558737, 42.37240567504386], [-71.07074059554961, 42.37240967563093], [-71.0707935955816, 42.37241467552895], [-71.07115359493481, 42.372452675189635], [-71.07169459573008, 42.37251067516323], [-71.07223459530601, 42.372567674947774], [-71.0725955956049, 42.372605675610615], [-71.07267559626517, 42.372764675445055], [-71.0729155961809, 42.37324467522001], [-71.07296859627624, 42.37335067551072], [-71.07307459612673, 42.37335667504467], [-71.07407659650173, 42.37289467545561], [-71.07443059694967, 42.372732675374614], [-71.0747475960911, 42.37277067573508], [-71.07522059625124, 42.372825675323874], [-71.07525359698914, 42.372857675442056], [-71.07546759741017, 42.37306867521596], [-71.07559159736716, 42.37319167532545], [-71.07585659724415, 42.373452675368824], [-71.07702659701586, 42.37371767577225], [-71.07780459789264, 42.373736675035104], [-71.07808359723327, 42.37375367515713], [-71.078173597839, 42.373759675225855], [-71.07867559769275, 42.3738396751239], [-71.07906259875955, 42.373920675430035], [-71.07947159858433, 42.37397767578775], [-71.07976759853591, 42.37412267548067], [-71.0802395987816, 42.37416767553548], [-71.08083159925555, 42.37422867512426], [-71.08095459827659, 42.37415867493345], [-71.08106659942143, 42.3740966750176], [-71.08128659845772, 42.37397167537389], [-71.08131659850777, 42.373953675304996], [-71.08187259902847, 42.37372667552817], [-71.0819805995807, 42.37368167559503], [-71.08203059938025, 42.37365867490041], [-71.08245159977211, 42.37347567479199], [-71.08250459891966, 42.37346967498478], [-71.0826015996801, 42.373458675278755], [-71.08297759983219, 42.37341567555739], [-71.08322760002852, 42.37338567475591], [-71.08349459936181, 42.373301675461555], [-71.08373960025806, 42.37324767541791], [-71.08400959988313, 42.37324967484675], [-71.08411259935608, 42.3732816752353], [-71.08434259935244, 42.373354675296056], [-71.08465560041905, 42.373527675022046], [-71.08528460031319, 42.37394667519504], [-71.0854436007316, 42.374053675636674], [-71.08550459985253, 42.373975674978496], [-71.08608860081092, 42.37306767477529], [-71.08621560010786, 42.373099675005925], [-71.08640460041586, 42.37314767465092], [-71.08701360105114, 42.373304674992625], [-71.08750660142567, 42.37343067527162], [-71.08790260093092, 42.373538674962155], [-71.08861560135054, 42.373729674891315], [-71.08952260168344, 42.373976675460966], [-71.08961960177096, 42.37398067490451], [-71.0903096023197, 42.37400767526586], [-71.09085960244418, 42.37405367473137], [-71.09146660261527, 42.374103675013686], [-71.09282460286137, 42.37419667456367], [-71.09374560312847, 42.37425967468036], [-71.09474960318086, 42.37430067506818], [-71.09552060417404, 42.37433367509577], [-71.0963376042719, 42.374377675313575], [-71.09741660381101, 42.37443667459292], [-71.09746360401128, 42.3744396749662], [-71.09763960487648, 42.37443567493436], [-71.09893760506989, 42.374406674688004], [-71.09947760434387, 42.37439467458005], [-71.10036160564346, 42.374368675211635], [-71.10157060519425, 42.37434267429666], [-71.10317260621981, 42.37430567503822], [-71.1036646058152, 42.374771674369846], [-71.10417360697835, 42.375209674441635], [-71.10470260627199, 42.375699674748226], [-71.10499660706091, 42.37595867475631], [-71.1054276068379, 42.37634067541784], [-71.1055996072114, 42.37650267457576], [-71.10576960652044, 42.37666267518041], [-71.10594360678131, 42.37682767500604], [-71.10727260821452, 42.37809567520117], [-71.10801460849852, 42.378736675650764], [-71.10845760815775, 42.37912067529807], [-71.10785560771278, 42.3793826754772], [-71.10878560856783, 42.38013967552129], [-71.10908860828111, 42.38038667559326], [-71.10964960800182, 42.380841676068236], [-71.11064360936636, 42.381648676098315], [-71.11123660944979, 42.38173867602986], [-71.11157860887472, 42.38179467553058], [-71.11165660874211, 42.38175767611514], [-71.1129396095322, 42.38285867596437], [-71.11326860941055, 42.38314067601794], [-71.11358160993976, 42.38340967620033], [-71.11406261033682, 42.383830675739084], [-71.11471461104988, 42.38439367586645], [-71.11558461127484, 42.385166675913176], [-71.11615861056428, 42.38582167688525], [-71.11692461156967, 42.3866966769927], [-71.1176106114988, 42.387495676899555], [-71.11784261194686, 42.38770367635921], [-71.11819361217535, 42.388017676920136], [-71.11815961192463, 42.388033676433885], [-71.1173946113962, 42.388423676893254], [-71.1177686113529, 42.3888626773371], [-71.11790061188155, 42.389015676565684], [-71.11796661184803, 42.38913467705769], [-71.11708561205755, 42.38958967675352], [-71.11801561177178, 42.39053567748294], [-71.11836861229447, 42.390894677236886], [-71.118820611706, 42.39129267722843], [-71.11911661217648, 42.39156067712585], [-71.11986061253126, 42.392306677536034], [-71.12021461245449, 42.39264967762631], [-71.12027261249051, 42.392722677434655], [-71.12054061231584, 42.39310867813259], [-71.12097461282997, 42.39371467740871], [-71.12217361339633, 42.392771677605396], [-71.12283861374138, 42.392250677349836], [-71.12298761312475, 42.39238567744939], [-71.12373761424658, 42.39306467776275], [-71.12431361476618, 42.393592677257935], [-71.12436861384016, 42.39366167782856], [-71.12522461427837, 42.39464067771758], [-71.12543361466878, 42.39488267824784], [-71.12581661427117, 42.39526167810716], [-71.12638261512697, 42.395851678011354], [-71.1273756151444, 42.397093677795645], [-71.12778861598014, 42.39751467865437]]]}, "properties": {"TOWNNAME": "Cambridge", "TOWNCODE": "049"}}, {"type": "Feature", "geometry": {"type": "Polygon", "coordinates": [[[-70.97566855626388, 42.23726665227501], [-70.97563855606342, 42.23765965260278], [-70.97563055588198, 42.23769965229654], [-70.97567755631357, 42.23776265247564], [-70.97586855668818, 42.23785565252621], [-70.97603655696017, 42.23801065299759], [-70.9762265569928, 42.238166653021686], [-70.97645655656899, 42.23826465303073], [-70.97669655653308, 42.23836465275601], [-70.97689255698819, 42.23841065297523], [-70.9771305570805, 42.23842365306774], [-70.97750055720068, 42.23837965307491], [-70.97781755690443, 42.238279653214065], [-70.97808755749904, 42.238166652477666], [-70.97838955750667, 42.23793365272198], [-70.97857755774191, 42.23771765275064], [-70.97878455686113, 42.23738065229522], [-70.97880555693266, 42.23734765286836], [-70.97896055794325, 42.23712565215034], [-70.97916355704929, 42.23694365227236], [-70.97943455748303, 42.2367626528025], [-70.97973755731131, 42.2364846525353], [-70.97990955819509, 42.23621865251199], [-70.98002055724608, 42.23593765208894], [-70.98010755709727, 42.23568665218347], [-70.98015655724373, 42.2354466521539], [-70.98022555764356, 42.23541665183077], [-70.98040455815163, 42.235328652212175], [-70.98061455725627, 42.23559065258493], [-70.98085155769864, 42.23569565208917], [-70.98110555746209, 42.235757652236806], [-70.98115155745475, 42.23575065223731], [-70.98171355808103, 42.235655651766606], [-70.98231155824416, 42.235554651848695], [-70.98319755877229, 42.235411652337255], [-70.98335455856353, 42.2353786521308], [-70.9836875591296, 42.235308651806825], [-70.98466755882816, 42.23514465151144], [-70.9859795598057, 42.2349246520795], [-70.98626755915312, 42.234870652068764], [-70.98653455929937, 42.23482765201428], [-70.98684855964429, 42.23477765173348], [-70.98703255976349, 42.23474865208896], [-70.98872556018617, 42.23446465158912], [-70.98920556000864, 42.234384651849254], [-70.98972056068526, 42.234288651319005], [-70.99012256091895, 42.234252651502096], [-70.99115356154657, 42.23405865195147], [-70.99277156209358, 42.23378765159731], [-70.99511356290323, 42.23339565097437], [-70.9961915624664, 42.23321265102297], [-70.9965425631314, 42.2331566510205], [-70.99688556264475, 42.233098651281935], [-70.99782856390074, 42.232939650722145], [-71.00008356445129, 42.232567651334286], [-71.00210356509494, 42.232227650876425], [-71.00217056448285, 42.23221665062629], [-71.00367756470521, 42.231596651091785], [-71.0037795648989, 42.231554650280806], [-71.0041835653879, 42.23138865096442], [-71.00548256585945, 42.230856650683535], [-71.0059005653033, 42.23068365077123], [-71.00685356611957, 42.23028964999674], [-71.00721256587946, 42.23014165019472], [-71.00807256699801, 42.22978865006953], [-71.00833756606383, 42.22967765019382], [-71.00841056691777, 42.229648650371004], [-71.00864056727619, 42.22955465002644], [-71.00995356757903, 42.22901764985603], [-71.00998756729341, 42.229003650141145], [-71.01026256755537, 42.228891649567544], [-71.01079056694203, 42.2286766494746], [-71.01123856712631, 42.22866165029572], [-71.01135956703851, 42.22865764954479], [-71.0128345683315, 42.22860564979397], [-71.01465856898643, 42.22854164957842], [-71.01653056954031, 42.228474649886984], [-71.01823156990305, 42.2284166497107], [-71.01903057007748, 42.22838964948953], [-71.02019556989278, 42.2283466497565], [-71.02134857135216, 42.228304649637046], [-71.02225757055407, 42.228271649311225], [-71.02330557163576, 42.228235649476176], [-71.02344257136839, 42.228230649077666], [-71.02360057147335, 42.22822664951211], [-71.0239005713556, 42.22821464897031], [-71.02424557131775, 42.228204649235515], [-71.02605557217669, 42.228138648924194], [-71.02687057276181, 42.228109648916586], [-71.02781357338937, 42.22807564908969], [-71.02819057359707, 42.22806264956016], [-71.0286215728794, 42.22804664926346], [-71.02884657316413, 42.228039649500076], [-71.02916257298475, 42.2280306494306], [-71.0305665732047, 42.22797864917483], [-71.0314685737907, 42.22794664929137], [-71.0319545743333, 42.22792964918734], [-71.03229557395271, 42.22791764896186], [-71.03244957417806, 42.22791064897479], [-71.03306857519912, 42.227821649246614], [-71.03349957462468, 42.227369648956966], [-71.03398957467148, 42.22685864852272], [-71.03407257471221, 42.22677064919534], [-71.03416857466479, 42.226669648890244], [-71.0341895750899, 42.226650648325965], [-71.03449057541268, 42.226333648369966], [-71.03503757559851, 42.2257756485311], [-71.03510757521816, 42.225685648392755], [-71.03696257605488, 42.223741648151126], [-71.0408315761395, 42.219694647282545], [-71.04493857820704, 42.21539264652146], [-71.04493857753728, 42.211665645181824], [-71.04492557705886, 42.211318645238144], [-71.04492157691429, 42.20875064510506], [-71.04488757788904, 42.20732564434305], [-71.0448835768478, 42.20659164445314], [-71.04493857711175, 42.20658064464984], [-71.04504657765646, 42.206591644523854], [-71.04527657749436, 42.20654764485737], [-71.04536857789128, 42.206500644591195], [-71.04592257728658, 42.20635064420083], [-71.04626057824348, 42.20634964425078], [-71.04681557788199, 42.20646164439096], [-71.0470155779865, 42.20644864495734], [-71.04749157861112, 42.20636764455343], [-71.04793757781587, 42.20636864474032], [-71.04824557825994, 42.20644464472832], [-71.0486625782868, 42.20665364466668], [-71.04887857820722, 42.206721644473255], [-71.04927857895991, 42.206786644070775], [-71.04950957905474, 42.206786644730016], [-71.04954857940037, 42.20677664406953], [-71.04890257877356, 42.20348064395659], [-71.04889357876584, 42.20343764353668], [-71.04857557873554, 42.20181264339127], [-71.04848857791201, 42.201471643528585], [-71.04845557779593, 42.20128764318878], [-71.04727157707443, 42.19460064236301], [-71.04666557698536, 42.194495642102815], [-71.04600757656857, 42.19438164209827], [-71.04149357499078, 42.19359964236123], [-71.0382605747299, 42.19303964180285], [-71.03570957371998, 42.19259864212967], [-71.02964057117507, 42.19151864250141], [-71.02575357058662, 42.189800642003846], [-71.02492357028257, 42.18945864166821], [-71.02488556920463, 42.18944264218063], [-71.02410456934554, 42.189120642328824], [-71.02349856962101, 42.18882964214382], [-71.02294956918226, 42.188563641896735], [-71.02236156922467, 42.188302641737934], [-71.02193956828543, 42.18811364155704], [-71.02162056807485, 42.18796864150391], [-71.0214595687847, 42.18789964164454], [-71.02133056794142, 42.1878426413662], [-71.0202305679056, 42.18735164199396], [-71.01976656741019, 42.18714464153744], [-71.01928156761218, 42.186928641568024], [-71.01913056819441, 42.18685964160479], [-71.01923156760421, 42.18662464124141], [-71.01929856785986, 42.186455641454224], [-71.01934356776563, 42.186255641317885], [-71.01936856771586, 42.18618964163269], [-71.01944356715437, 42.186131641953146], [-71.01950656721357, 42.186065641196215], [-71.01950656819211, 42.185984641790284], [-71.01951756778034, 42.185956641893206], [-71.01958256773179, 42.18581164157575], [-71.01961256720828, 42.18566264123575], [-71.01959856783532, 42.18530764170569], [-71.01959456766306, 42.18519964102839], [-71.01954856731075, 42.18507864109826], [-71.01954856727419, 42.184965641468665], [-71.01945556796328, 42.18472164133602], [-71.01942356737642, 42.18463464130867], [-71.01935356770876, 42.18453164082743], [-71.01929956786432, 42.18445264157236], [-71.01900556698438, 42.18415564082019], [-71.01899056743133, 42.184097641168556], [-71.01898556787357, 42.1840066406692], [-71.01916856780038, 42.183943640820324], [-71.01920156697331, 42.183917640964545], [-71.01923756755836, 42.18385164148611], [-71.0192915681504, 42.183791640676205], [-71.0193325674743, 42.18372764103156], [-71.01938356771305, 42.183680640884894], [-71.01934256794465, 42.18362664139064], [-71.01929256816297, 42.18360264076493], [-71.01925356730185, 42.18358264134702], [-71.01923156756953, 42.18356164090128], [-71.0192245676044, 42.18354064121101], [-71.01922956768944, 42.183519641408076], [-71.01925556720276, 42.18350164128155], [-71.01927156753392, 42.183495641068646], [-71.0192985677287, 42.183486641164045], [-71.01931556714861, 42.18347164099273], [-71.01929456752359, 42.18343464059147], [-71.0192795679153, 42.18332264133863], [-71.01984556757968, 42.1825876407621], [-71.01979656742036, 42.182084640595235], [-71.01984256750309, 42.181939640624165], [-71.01996456798844, 42.18172964026039], [-71.01994856741248, 42.18162664101856], [-71.01982456721821, 42.18142164025202], [-71.0198395675764, 42.181263640330705], [-71.0199315679461, 42.181158640736314], [-71.02017656737682, 42.18101064080028], [-71.02019956713505, 42.180960640284596], [-71.0200715681176, 42.18041864062464], [-71.02000356731992, 42.180130640251285], [-71.01998756798284, 42.18004064077552], [-71.02010956749825, 42.17968364062349], [-71.02012456766268, 42.17953864040813], [-71.02006256785076, 42.17942264062968], [-71.01986156728778, 42.17924163979683], [-71.0197535677904, 42.17904563976352], [-71.01970456708864, 42.17855563992831], [-71.01973556696869, 42.17851864037036], [-71.01988956750425, 42.17847564018493], [-71.0199965671068, 42.17840663976285], [-71.01999556701277, 42.178355640285396], [-71.01999556766377, 42.178289640184694], [-71.01993356758665, 42.17811963972738], [-71.01994856783081, 42.17793864001128], [-71.0199935680453, 42.17783464009864], [-71.02007056756123, 42.177788639768515], [-71.02014756732726, 42.17777763951388], [-71.02031556726163, 42.1776396401479], [-71.02053856803937, 42.17750564017219], [-71.02062156776648, 42.17746463975504], [-71.02063756779789, 42.17744163941816], [-71.02062356711953, 42.177370639797836], [-71.02060456738663, 42.17712263972134], [-71.02060556778025, 42.177087640173426], [-71.02061656739549, 42.17705264011161], [-71.02067356806485, 42.176953640076654], [-71.0206905677905, 42.17690564008715], [-71.02061156806927, 42.17674863981947], [-71.02057256755863, 42.17664163971445], [-71.0205745677863, 42.176573639332226], [-71.02062256790714, 42.17651464003673], [-71.02075656789746, 42.176431639176364], [-71.02077656726647, 42.176398639416504], [-71.02085956781782, 42.17631163942688], [-71.02090256729082, 42.1762946399859], [-71.020997567285, 42.17627963949862], [-71.0210455676839, 42.17627663933908], [-71.02107856828057, 42.17625863922302], [-71.02112356769628, 42.17619763926773], [-71.0211615672334, 42.17618363943997], [-71.0211515675882, 42.1761516397486], [-71.02111656742868, 42.176076639669596], [-71.02106156714632, 42.17585263959015], [-71.02100756824598, 42.1757676394389], [-71.02099056722811, 42.17573363967337], [-71.02096256772073, 42.175593639205104], [-71.02094456792065, 42.175560639121535], [-71.02092556814362, 42.175490639599275], [-71.02087956771727, 42.1753896398074], [-71.02084256702229, 42.175249639504074], [-71.02083956725302, 42.17521363917331], [-71.02085956704244, 42.175035639330616], [-71.0209285673111, 42.1748536396888], [-71.020998567572, 42.17473263941021], [-71.02106056714564, 42.17463663921341], [-71.02108956734872, 42.17460763931703], [-71.02113556804777, 42.17454563966436], [-71.02121456721201, 42.17445663927629], [-71.02129956748372, 42.17437063946104], [-71.02144956809268, 42.17423063926544], [-71.02152356820632, 42.17413963888538], [-71.02153956771433, 42.17410563913891], [-71.02155956777742, 42.17403563947049], [-71.02155256723428, 42.17396563878192], [-71.02125256767947, 42.17369263875704], [-71.0212215672195, 42.17367063861931], [-71.02122056795444, 42.17348563919508], [-71.02141856798922, 42.173085639093834], [-71.02151056767302, 42.17284463858746], [-71.02189556797853, 42.17184063855862], [-71.0223465677358, 42.170664638354594], [-71.02228456784593, 42.17062963829104], [-71.02202056716904, 42.17056763824172], [-71.02183856819036, 42.17052563818924], [-71.02166856759628, 42.17041163842895], [-71.02160656785563, 42.17030863818735], [-71.02162156711837, 42.17015963832135], [-71.02178856760702, 42.169737638258596], [-71.02183356741435, 42.16943963798872], [-71.02170856806494, 42.1690866381152], [-71.02165656780787, 42.16899563771495], [-71.0202615671479, 42.16892463841367], [-71.01702056555428, 42.168759638536905], [-71.01689356595543, 42.1687536385184], [-71.01478556489782, 42.16864363859627], [-71.01391856466068, 42.168599637971916], [-71.0120545647521, 42.16850363798208], [-71.01097556411507, 42.16848363822862], [-71.00904056333425, 42.16845263838178], [-71.00780256329215, 42.16842463877151], [-71.00725156298876, 42.168413638891586], [-71.00705056282006, 42.16841763846698], [-71.00702456265277, 42.1684136381684], [-71.00638656304248, 42.168317638301644], [-71.00475656227603, 42.16833963859194], [-71.00371256100945, 42.168357638915445], [-71.00272356164501, 42.16836863866834], [-71.00184756083443, 42.16837063864733], [-71.00168856141865, 42.16837163854412], [-71.00052756084267, 42.168368638681365], [-70.99895856061637, 42.168366638579855], [-70.99718455891858, 42.1683606390591], [-70.99666255913037, 42.168362638759604], [-70.99620455928131, 42.16836163922029], [-70.99387855855642, 42.16835863936293], [-70.9931595576054, 42.16835263894857], [-70.99076655728126, 42.16835463941897], [-70.98775955655614, 42.168349639451456], [-70.98614055556153, 42.168347639392934], [-70.98477055485402, 42.1683456390673], [-70.98325555530506, 42.168343638815564], [-70.98196855431318, 42.1683406393598], [-70.97887755377215, 42.168351639762776], [-70.97656555319118, 42.168339639827565], [-70.97615655273314, 42.17046164028749], [-70.97611155241485, 42.1706896400781], [-70.97590855296708, 42.172119640470676], [-70.97586755300053, 42.17237564060149], [-70.9757045532671, 42.173463640785414], [-70.97557755230854, 42.174309640369415], [-70.97496555257922, 42.17835864177195], [-70.97484055325722, 42.17919764185197], [-70.97478155316485, 42.179583641794814], [-70.974542553187, 42.181171641591476], [-70.97430455275224, 42.18275064273198], [-70.97406255256561, 42.18434764290519], [-70.97400155267508, 42.184759642518046], [-70.97397955246977, 42.18490264312256], [-70.97392155307328, 42.185297642950594], [-70.97366555283807, 42.18700064310272], [-70.97363655259115, 42.187198643010895], [-70.9733055524514, 42.18937664365645], [-70.97305255228682, 42.191052643607996], [-70.9726415527849, 42.19377764432213], [-70.97223655282994, 42.19645764479804], [-70.9721455524106, 42.19706664516592], [-70.9720115533126, 42.19797364494212], [-70.97171955281598, 42.19988564596678], [-70.97170155300576, 42.2000316461059], [-70.97132855338111, 42.202474646445836], [-70.97113455310374, 42.20376164671272], [-70.97095755306796, 42.20493364632662], [-70.97079655258965, 42.20600064700747], [-70.97059455252665, 42.207380647268266], [-70.97029955323592, 42.209320647926816], [-70.97009555280378, 42.21064964757925], [-70.96992555334113, 42.211669648201664], [-70.96989155242647, 42.211907648054776], [-70.96955955284328, 42.21424364870774], [-70.96945755271777, 42.214931649003965], [-70.96931655354925, 42.215875649100646], [-70.96921655279755, 42.21655364847353], [-70.96911355281038, 42.21715664870851], [-70.96907555261005, 42.217394649417436], [-70.96907155356527, 42.217420649312814], [-70.96892855331781, 42.218378649208304], [-70.96874155320667, 42.21960264942875], [-70.96870055324561, 42.21988664965949], [-70.96864655284713, 42.219924649778015], [-70.96857755257822, 42.21997664972872], [-70.9681415527306, 42.22027864937296], [-70.9680265523083, 42.22035865005], [-70.96768455310291, 42.22067064960868], [-70.9678195522701, 42.220905650107454], [-70.96801655315436, 42.221209649498114], [-70.96806155254754, 42.221358649684866], [-70.96809755281933, 42.22148464994727], [-70.96809055310901, 42.22152765015301], [-70.96806655248955, 42.221698650338816], [-70.96798755332449, 42.221696650035035], [-70.96795455324357, 42.22170765021689], [-70.96792055272749, 42.221761649589766], [-70.967904553453, 42.22183664958281], [-70.96786255328331, 42.22191564977482], [-70.96783055290891, 42.22201865026797], [-70.96781955257796, 42.22209564963345], [-70.96776855266855, 42.222178649592976], [-70.96776555329382, 42.22220465045941], [-70.96772855334122, 42.222274649871856], [-70.96767755259114, 42.222350649789384], [-70.96764855266305, 42.222431650394554], [-70.96762255273872, 42.222464649888146], [-70.96759155334315, 42.222536649695655], [-70.96738655300973, 42.22280165054439], [-70.96724755234536, 42.22292665051978], [-70.96702255215415, 42.22336165009656], [-70.96699855278946, 42.22338065064445], [-70.96679055242184, 42.22353265070552], [-70.96665955269361, 42.22357564989839], [-70.96647555194892, 42.22357865067565], [-70.9662605529917, 42.22354665016326], [-70.96614455216663, 42.223584650622435], [-70.96591355282926, 42.22370065081261], [-70.96541455212049, 42.22390765018936], [-70.96498355246933, 42.22417165045845], [-70.96473755154214, 42.224288650631465], [-70.96433755190719, 42.22456565055072], [-70.9642835518698, 42.22459365055258], [-70.96418355205928, 42.22459065019042], [-70.96408355144933, 42.22455665078751], [-70.96404555157571, 42.224579650287026], [-70.96401455125135, 42.22462465029619], [-70.96393855233359, 42.22466165053319], [-70.96391455234827, 42.224662650319125], [-70.96372855155728, 42.22470265045759], [-70.96289155186186, 42.225507651050485], [-70.96176455127664, 42.22629665107176], [-70.96089155062553, 42.22690765076394], [-70.96069155053696, 42.22810765152338], [-70.96064555035572, 42.22831965170928], [-70.9605965511837, 42.22854765177559], [-70.96038455028308, 42.22872365188541], [-70.9603285507279, 42.22948365155534], [-70.96025055062631, 42.23054565188571], [-70.96019155064023, 42.23130765205509], [-70.96028055149543, 42.232435652065305], [-70.96037455104121, 42.2336216522448], [-70.96042855127347, 42.23430165283079], [-70.96049155161144, 42.23510765299473], [-70.96326855200837, 42.236180652408294], [-70.9660445530737, 42.23725465251336], [-70.96661055333279, 42.23747365315887], [-70.96799155346206, 42.23800765339597], [-70.9723445548566, 42.23722865275771], [-70.97301855539115, 42.237107652887154], [-70.97566855626388, 42.23726665227501]]]}, "properties": {"TOWNNAME": "Braintree", "TOWNCODE": "040"}}, {"type": "Feature", "geometry": {"type": "Polygon", "coordinates": [[[-71.1197236097964, 42.35149766980602], [-71.11991860998133, 42.351521669791865], [-71.12028661019194, 42.35156566996609], [-71.12049161083809, 42.3515896695895], [-71.12053561064529, 42.35159467005006], [-71.12110661118207, 42.35166066963803], [-71.12131161114073, 42.35168366937438], [-71.12153061094416, 42.35171066979122], [-71.12218361076253, 42.35178966935664], [-71.12222961119483, 42.35179566965991], [-71.12224361076208, 42.35179767017659], [-71.12227561163574, 42.35180166994479], [-71.12240061103786, 42.351816669646645], [-71.1224236106634, 42.35181967020534], [-71.1226266110676, 42.351746669526925], [-71.12323361184708, 42.35152967003488], [-71.12343461145949, 42.35145766969966], [-71.12352261159084, 42.351469669694985], [-71.12388361131075, 42.35153866976504], [-71.12421661208622, 42.351533669792694], [-71.1244066117482, 42.351425669776674], [-71.12469761142722, 42.3512686695943], [-71.1247556118439, 42.35123866948775], [-71.12552761148578, 42.350797669552996], [-71.12588961203012, 42.350585669317205], [-71.1262156126657, 42.35042066935133], [-71.12685461216842, 42.35009666899601], [-71.12748461243424, 42.35001266919561], [-71.12750661282962, 42.35000266893105], [-71.1276746127279, 42.349976668893866], [-71.12793561236556, 42.349939669131416], [-71.12858361343915, 42.34984166894796], [-71.12858061269918, 42.349704669480275], [-71.12878061268182, 42.3495676692179], [-71.12900461284735, 42.34938366902623], [-71.1291456130068, 42.34925266904499], [-71.12928161345208, 42.34907566870374], [-71.12974661341492, 42.348858669428516], [-71.13013761403722, 42.34866866852489], [-71.13052761359354, 42.348484668903815], [-71.13075561307755, 42.34837666884577], [-71.13107461399406, 42.34822466881204], [-71.13127561405291, 42.348129668599015], [-71.13200761410171, 42.347781668689755], [-71.13338161445276, 42.347130668728155], [-71.13425461429158, 42.34658566873278], [-71.13515561436817, 42.34603166792023], [-71.135278614614, 42.345949668146545], [-71.1359856151323, 42.34537466813212], [-71.13675861556607, 42.3447536675962], [-71.13710961545178, 42.34446966769195], [-71.13736161531867, 42.344265667557046], [-71.13782461571925, 42.3438846676135], [-71.13796661632881, 42.3437766677113], [-71.13849761604723, 42.343346667486685], [-71.13865361625344, 42.34322066803713], [-71.13875061543503, 42.343142667428175], [-71.13880961620194, 42.34309566769531], [-71.13890261576283, 42.34301966744097], [-71.13997761684695, 42.3421486670737], [-71.14007061581862, 42.34209766691913], [-71.14071061710118, 42.34156066680052], [-71.14109561602966, 42.34124466733901], [-71.14130261691234, 42.34108166758773], [-71.14132661684701, 42.341056667579], [-71.1414496166514, 42.34088466726365], [-71.14161961721756, 42.340649666970855], [-71.1417546167085, 42.34040466677544], [-71.14193961692311, 42.340016666977874], [-71.14234461642086, 42.340063666806344], [-71.14239561719013, 42.34006966653078], [-71.14248761711713, 42.34006766680791], [-71.14250861711677, 42.3400676672854], [-71.14263161725606, 42.340064667280274], [-71.14421261757539, 42.34003066727077], [-71.14465561819172, 42.339745666681225], [-71.14468861753188, 42.33972466676418], [-71.14477961775322, 42.339665666543496], [-71.1452756181685, 42.3393466666809], [-71.14556061838209, 42.33913966681168], [-71.14593461826817, 42.33891166649019], [-71.14625361786648, 42.33871766625634], [-71.14632161786852, 42.33867566624744], [-71.14652861781438, 42.33854866687673], [-71.1465976180996, 42.338505666855966], [-71.14658161843411, 42.33842566648281], [-71.1465336187089, 42.338183666693794], [-71.14651761823994, 42.33810166675794], [-71.14651161864268, 42.338073666382556], [-71.14649661784487, 42.338003666786726], [-71.14644561835654, 42.33790166639829], [-71.14619761767932, 42.337406666443805], [-71.14628161866845, 42.337385666354876], [-71.14648761863327, 42.337332666049804], [-71.14655861855103, 42.33731466606275], [-71.14664061876955, 42.337294666085825], [-71.14674161820983, 42.3372696665977], [-71.1467936187222, 42.337256665917955], [-71.14709761876658, 42.33718166625865], [-71.14724961827272, 42.33714366601487], [-71.14755461861667, 42.337071666185686], [-71.14846561934624, 42.33685766626865], [-71.14876961944697, 42.33678566646373], [-71.14874261932124, 42.33672566602892], [-71.14866161872719, 42.33654466625772], [-71.14863461932055, 42.33648566601894], [-71.14862761912876, 42.336476666025085], [-71.14860761863505, 42.336447665950594], [-71.14860161833404, 42.33643866631031], [-71.14857661900115, 42.33640366581805], [-71.14850261880215, 42.336296666010924], [-71.14847861875792, 42.3362626660733], [-71.14842061885939, 42.33593166605807], [-71.148398618333, 42.33580666631457], [-71.14852661872995, 42.33576066572335], [-71.14960061963329, 42.33550966602174], [-71.15005861972175, 42.335401665802465], [-71.15006061933562, 42.335394665825625], [-71.15010361903484, 42.33528966613735], [-71.1501326197927, 42.3352216653981], [-71.15019561899003, 42.33520666559638], [-71.15022861964306, 42.33518466566282], [-71.1504986198205, 42.335004666078845], [-71.15027561977575, 42.33478166556822], [-71.15012561914858, 42.334630665199725], [-71.15008061880903, 42.33458866560607], [-71.14999061952754, 42.334504665468266], [-71.14979761910266, 42.334505665820245], [-71.1506836190344, 42.3339636654625], [-71.15430661984965, 42.33174666465498], [-71.15551362095388, 42.331008664784704], [-71.15553662089864, 42.33099266440307], [-71.15557862037888, 42.33096266469203], [-71.15577162033367, 42.33082566473452], [-71.15583562143068, 42.33078066443118], [-71.15588162039, 42.33074966465516], [-71.15601962064245, 42.330656664326156], [-71.15606562063485, 42.33062566447933], [-71.15625262131235, 42.33052166485411], [-71.15681162129732, 42.330209664475454], [-71.15683362098602, 42.3301976644439], [-71.15699762094566, 42.33010566424906], [-71.1575566213933, 42.32971866414894], [-71.15923562171902, 42.328556663973295], [-71.15979562240047, 42.3281696640059], [-71.15980662212657, 42.32816266438009], [-71.15983962164941, 42.328138663924264], [-71.15985162163913, 42.328130664328945], [-71.16023162195883, 42.32786766412387], [-71.16137162212505, 42.32707866403902], [-71.1617526221392, 42.326814664205465], [-71.16189262282752, 42.32671666336334], [-71.1619266224664, 42.32669366367112], [-71.16219662239507, 42.32650566350416], [-71.16241362258225, 42.32628866350064], [-71.16256362254036, 42.326138663321295], [-71.16260162285587, 42.32610566392396], [-71.16270162319401, 42.32603866327006], [-71.16312662280428, 42.325754663731104], [-71.16326862310197, 42.32565966323673], [-71.16349562296301, 42.3255066634282], [-71.16354262305177, 42.325466663283635], [-71.1643116233398, 42.32481066296974], [-71.16456762377439, 42.324591663366014], [-71.16479462345568, 42.324398662788184], [-71.16502862405764, 42.32423966279653], [-71.16647262423112, 42.32326166263455], [-71.16695462424177, 42.32293566256513], [-71.16702262459174, 42.32290366241488], [-71.16764562422802, 42.32262266291449], [-71.167855623828, 42.32256866269512], [-71.1684676242375, 42.32241266229239], [-71.16891262472248, 42.32228966229221], [-71.16940062497464, 42.32215566294372], [-71.16939962480357, 42.322140662992695], [-71.16939962515757, 42.32210366276799], [-71.16939862534714, 42.32199266281447], [-71.16939762483462, 42.321955662410666], [-71.16939762489507, 42.321945662860465], [-71.16939762424438, 42.321914662181506], [-71.16939762467638, 42.32190366240714], [-71.16949662426904, 42.321854662397854], [-71.16979562457969, 42.3217056626563], [-71.16989562478055, 42.32165566225161], [-71.17003662492621, 42.32158566242852], [-71.17018562494437, 42.32151066265513], [-71.17040662491692, 42.32140066232845], [-71.17022762514974, 42.32102366267335], [-71.17006862450845, 42.32068866205676], [-71.1706326252672, 42.32028266215474], [-71.17081762497047, 42.32014866227909], [-71.17118462543002, 42.31988466205492], [-71.1717206256329, 42.31949866221363], [-71.17220462565203, 42.319151661710315], [-71.17286862516723, 42.3186716617568], [-71.1730986259302, 42.31850466178172], [-71.17321262524099, 42.31841466135856], [-71.17355562535941, 42.31814566157791], [-71.17367062569166, 42.31805466151424], [-71.17394262561427, 42.31784666178981], [-71.17399762647092, 42.317804661580695], [-71.1746546257903, 42.317386661603805], [-71.1750416260623, 42.31710866193881], [-71.1760366271631, 42.31639566117689], [-71.17634262729824, 42.31617966154021], [-71.17760262654473, 42.31527766077454], [-71.178847626888, 42.314387660945634], [-71.17893562769594, 42.31432466119186], [-71.17585662681772, 42.31206466012183], [-71.17439562578748, 42.310989660391236], [-71.1711516242842, 42.30861166015595], [-71.17040562439055, 42.30812465996741], [-71.16961262442966, 42.30760666031007], [-71.16935962417674, 42.30738566006147], [-71.16859862380407, 42.30672065956192], [-71.16835362319625, 42.30650666009971], [-71.16834562333979, 42.30649965972007], [-71.16795762363724, 42.306160660071406], [-71.1671686235355, 42.305471659779705], [-71.16679262335488, 42.305143659149756], [-71.16640462247476, 42.304803659283564], [-71.1663246226659, 42.30472965945022], [-71.1662976231189, 42.30470465905004], [-71.16607662258431, 42.30456665976603], [-71.1650426224353, 42.30392065967671], [-71.16480462191494, 42.303772659176985], [-71.16469762227653, 42.30370565935073], [-71.16431762160258, 42.30346565893352], [-71.16343762140201, 42.30290965903799], [-71.1631666215336, 42.30271065926671], [-71.16287462157995, 42.302495659280986], [-71.16151062070132, 42.30150265888009], [-71.16010462090549, 42.300462659064074], [-71.1587436196817, 42.299463658743704], [-71.15771861990461, 42.29871165872249], [-71.15720561917763, 42.298335658669565], [-71.15697661906572, 42.29816765850707], [-71.15683961989158, 42.298066658256815], [-71.15681861945757, 42.29797465803638], [-71.15680261870861, 42.297904658013934], [-71.15603861949744, 42.29739865858039], [-71.1557626194511, 42.29721565851703], [-71.15574661946299, 42.29720465845456], [-71.15569861894467, 42.29717265848277], [-71.15568161850338, 42.297161658113886], [-71.15563261937224, 42.29712865849163], [-71.15548361891835, 42.29702965799233], [-71.15543361830717, 42.29699665798156], [-71.15528561894122, 42.296897658422616], [-71.15483861796645, 42.2965996583323], [-71.15468961877617, 42.29650065858951], [-71.15464961882577, 42.29647365816432], [-71.15452761884437, 42.29639165866106], [-71.1544866185692, 42.29636465787112], [-71.154304618591, 42.29624365862262], [-71.15375661830565, 42.295878658027824], [-71.1535736176444, 42.29575665795514], [-71.1535256181041, 42.295724657962666], [-71.15337761740824, 42.295625657698885], [-71.15332861823603, 42.29559265797662], [-71.15319661843753, 42.295506658346376], [-71.15311261732461, 42.295430658158494], [-71.1525096179766, 42.29488765760169], [-71.15230861725345, 42.29470665758995], [-71.15228961738174, 42.2946896582724], [-71.1522306176767, 42.29463565805284], [-71.1522106180549, 42.29461765816488], [-71.15219561799286, 42.29460565769266], [-71.15214361710416, 42.29462265814692], [-71.15193161751209, 42.2946926579891], [-71.15192861693568, 42.29470465797987], [-71.15183161708943, 42.294743657593], [-71.15113061721446, 42.2951086584097], [-71.15030061715804, 42.29553965848067], [-71.15001661699209, 42.295685658479755], [-71.14878261607072, 42.296316658089445], [-71.14829061583683, 42.296566658563506], [-71.14792061651809, 42.2967576588851], [-71.14749761582864, 42.29697165828774], [-71.14741761556063, 42.29702565848308], [-71.14729761622698, 42.29710565889343], [-71.14720061589415, 42.29714465819723], [-71.14703661556698, 42.297209658390486], [-71.14688361607686, 42.297288658486686], [-71.14682461549246, 42.29733065881104], [-71.14596761582972, 42.2979476587015], [-71.14414461463895, 42.29926265891026], [-71.14405361556503, 42.29932865877379], [-71.14347261458968, 42.29974665913292], [-71.14230861446433, 42.30058965900118], [-71.14153461397642, 42.30114665951981], [-71.14013561406017, 42.30215565974483], [-71.14009661436255, 42.30218165973048], [-71.13966361386736, 42.30267065963963], [-71.13930961334232, 42.30306465982847], [-71.13861461398943, 42.30384266035607], [-71.13824161334685, 42.30426066058952], [-71.13650261250231, 42.30621266088632], [-71.13546361275013, 42.30775866078373], [-71.13533161301527, 42.30791966067877], [-71.13529061257763, 42.307977660920976], [-71.13506061299412, 42.3083586610383], [-71.13494461261753, 42.308538660728814], [-71.13459661237157, 42.30907866087337], [-71.13448061299007, 42.3092586609804], [-71.13415161252107, 42.3097466614103], [-71.13316361203344, 42.3112126613194], [-71.13283461212141, 42.31170166167685], [-71.13269561160466, 42.31190766170231], [-71.13261361173079, 42.31201966201438], [-71.13192661142112, 42.31295966225474], [-71.13169761195498, 42.31327266192164], [-71.13156361202263, 42.31345566229489], [-71.1311606121631, 42.31400666239859], [-71.13102561127734, 42.31419166207205], [-71.13096761203929, 42.314270662262054], [-71.13079561207076, 42.31450566231007], [-71.13072561124599, 42.314582662073946], [-71.13028961196763, 42.3150536625692], [-71.12898061116945, 42.31646866289899], [-71.12854361095974, 42.31694166289567], [-71.12849061058328, 42.31699866304195], [-71.12832961151622, 42.31717266295698], [-71.12827561136633, 42.317230662698464], [-71.1280316104407, 42.3174946627146], [-71.12729661051178, 42.318289663175236], [-71.12709661074834, 42.31850566327034], [-71.127053610198, 42.318557663438376], [-71.1270426107572, 42.31857066311901], [-71.1270106109674, 42.3186106629219], [-71.12699961029014, 42.31862366349459], [-71.12675361001699, 42.31892866360728], [-71.12601461004564, 42.31984466399331], [-71.12576861012793, 42.320150663979334], [-71.12554260993717, 42.3204306641506], [-71.12486361012212, 42.32127266363273], [-71.12463660967205, 42.321553664346695], [-71.1245936097437, 42.32160466424917], [-71.12450360948276, 42.321676663921636], [-71.12426960964106, 42.32186466400314], [-71.12397261023294, 42.32232166450499], [-71.12371160995386, 42.322724664465234], [-71.1233676098777, 42.32257966440977], [-71.12152860908425, 42.323890664555954], [-71.12039160903907, 42.32305066398487], [-71.12014160918098, 42.322864664559454], [-71.12011260885781, 42.322843664773934], [-71.1200446081688, 42.32282466436225], [-71.11996360912508, 42.32280166413851], [-71.11992460831311, 42.322796664586924], [-71.11986460830154, 42.32279066467017], [-71.11953960900017, 42.32275366400546], [-71.11943660848375, 42.32274366466042], [-71.11894460841876, 42.32285066417746], [-71.11887060796073, 42.32286666464305], [-71.11878960795097, 42.32292466400176], [-71.11880160805289, 42.32293366443338], [-71.11880060770713, 42.32300166397396], [-71.11872360778993, 42.32306966442039], [-71.1185846080933, 42.323311664307035], [-71.11850760827525, 42.32336666435241], [-71.1184296086839, 42.32339066478387], [-71.1177816079337, 42.32350166443333], [-71.11736560773582, 42.32360366478436], [-71.11687160740475, 42.32377566445997], [-71.1166086078463, 42.32395866459674], [-71.11658260806618, 42.3240326649139], [-71.1165046081562, 42.32422566463415], [-71.11649960750267, 42.32425866445173], [-71.11647560809486, 42.3243356648941], [-71.11642260697033, 42.32448766481858], [-71.11626160751926, 42.32494566451344], [-71.11620760808889, 42.32509866481795], [-71.11616660697713, 42.32521566521348], [-71.11610460699586, 42.32539266490126], [-71.11604260787844, 42.32556766499931], [-71.1160006076564, 42.32568566491648], [-71.11599360719691, 42.32570666520215], [-71.11598760767272, 42.325721664768636], [-71.11594460754408, 42.32582766490061], [-71.11592960805761, 42.32586366526697], [-71.11586160719483, 42.326052665481285], [-71.11565760701346, 42.326621665406584], [-71.1155896069421, 42.326811665664295], [-71.1155976068476, 42.32686866482783], [-71.11558060747166, 42.32690066564998], [-71.11544460714018, 42.32701666558546], [-71.11537960731262, 42.32712366503226], [-71.11530460721255, 42.3272486656634], [-71.11530360755427, 42.327865665281834], [-71.11525660692627, 42.327979665244264], [-71.11505560721717, 42.328113665475804], [-71.11501360692709, 42.32816766579056], [-71.11500860733221, 42.328217665771575], [-71.1151326072192, 42.328319665658064], [-71.11511660695218, 42.32843666558745], [-71.11507960767192, 42.32849466556729], [-71.1149926068579, 42.328627665403566], [-71.11494660698018, 42.32861966526662], [-71.11493060718372, 42.32854766559349], [-71.11486960716606, 42.32848166596513], [-71.11481960688603, 42.32848766544698], [-71.11477760712722, 42.328492665383564], [-71.11471560699032, 42.32856966588972], [-71.11470860664457, 42.32860766543444], [-71.11468360727102, 42.328741665993135], [-71.11477660705141, 42.32881166582759], [-71.11480760715631, 42.328869665799964], [-71.11477560722429, 42.3289966656362], [-71.11466760737378, 42.32913366597158], [-71.11446560673059, 42.32950666545626], [-71.11429560747916, 42.32962266609943], [-71.11424960658957, 42.32971366557043], [-71.11423360764476, 42.3298846658618], [-71.11409460698664, 42.33005866630234], [-71.11408260679852, 42.33010866613194], [-71.11404760702528, 42.33026166604758], [-71.11390860745436, 42.3304356662573], [-71.11387760685734, 42.33053566576414], [-71.11378460664122, 42.33060466604112], [-71.1137556075617, 42.33071066639052], [-71.11367060684628, 42.331030666441244], [-71.11364160734684, 42.33113766607773], [-71.11363460656266, 42.331162666202125], [-71.11361460758299, 42.331238666569334], [-71.1136076067426, 42.331264666017], [-71.11360360698109, 42.33127866653888], [-71.1135936073857, 42.33131866627064], [-71.11358960762317, 42.331332665891566], [-71.11356660754907, 42.33141766629563], [-71.11349860673252, 42.33167366655652], [-71.11348060746333, 42.331739665956725], [-71.11347960683962, 42.33175966620789], [-71.11347560689825, 42.33177666650046], [-71.11346560682298, 42.331794666650325], [-71.11344460750855, 42.33187366609331], [-71.11343760652268, 42.33189966642739], [-71.11343260666486, 42.33191866650807], [-71.11341660713845, 42.331978665863524], [-71.11341060740745, 42.331998666407465], [-71.11336060678244, 42.33211566600712], [-71.11328660654821, 42.332290666364244], [-71.11321260707743, 42.332466665996456], [-71.11316260692452, 42.33258366640259], [-71.11309660724399, 42.33264166624859], [-71.11303760651556, 42.33269366665493], [-71.11294560720799, 42.332830666038454], [-71.11293160739508, 42.332850666627635], [-71.11287960658227, 42.33292266622233], [-71.11287360714697, 42.33293166605535], [-71.11285360673267, 42.33295866691272], [-71.11284660741079, 42.33296866630348], [-71.11282360722804, 42.33300066628344], [-71.11280560659074, 42.333024666888626], [-71.11268260718846, 42.33319566653969], [-71.11265360734477, 42.333236666306256], [-71.11264260702255, 42.33325366638584], [-71.11263860713694, 42.333263666867126], [-71.11262460643322, 42.33329666674515], [-71.11261960665365, 42.333307666782744], [-71.11260960625994, 42.333322666176294], [-71.11259260639056, 42.3333486669692], [-71.11258160686434, 42.33337266682319], [-71.11249860663969, 42.333551666919014], [-71.11245660647923, 42.33362966626536], [-71.1124456070217, 42.333650666329426], [-71.11237960712216, 42.33374466666866], [-71.1122706063527, 42.33385966712693], [-71.112219606897, 42.33392066641043], [-71.11183060607853, 42.33428166655913], [-71.11174260701469, 42.33436966651561], [-71.11159960694948, 42.33451266674418], [-71.11157360642741, 42.334538666682825], [-71.11148860694941, 42.33459966689332], [-71.1112876064176, 42.33474566674519], [-71.1111946069649, 42.334813666472684], [-71.11087760587758, 42.33508466690542], [-71.11082160629793, 42.335141666641555], [-71.11073760631318, 42.33524666698186], [-71.11072360665227, 42.33526466684608], [-71.11069360607519, 42.3353326669979], [-71.1106996064828, 42.33536166683817], [-71.11074460638952, 42.335379666613726], [-71.11076760591374, 42.33540766706234], [-71.11076860634067, 42.33544466707603], [-71.11079360688723, 42.33545766731552], [-71.11086860592329, 42.335499666866966], [-71.11089460630261, 42.33551366709235], [-71.1109906067695, 42.33556666719473], [-71.1111606058821, 42.33565966724098], [-71.11126460663904, 42.33574966738563], [-71.11134860655885, 42.33582266711775], [-71.1113776061475, 42.33584566679235], [-71.11145660658272, 42.335906667549786], [-71.11146360607894, 42.33591866689681], [-71.11148360612066, 42.33595166718794], [-71.11150960664689, 42.33610366680848], [-71.11151160697428, 42.33611266748992], [-71.11151260677983, 42.33614766703803], [-71.11154260656106, 42.3362886668806], [-71.1115836067204, 42.336425666965035], [-71.1115946066504, 42.33646066698442], [-71.11161660608181, 42.33655466701243], [-71.11162660668056, 42.33659966680035], [-71.11163760658557, 42.33667066680535], [-71.1116526062164, 42.33670466749924], [-71.11164260716443, 42.33674166724928], [-71.1116236069745, 42.336808667643105], [-71.11158160658456, 42.33682666754227], [-71.11154560695655, 42.33684166722104], [-71.11151260627587, 42.33684966734621], [-71.11146660683234, 42.33685966719654], [-71.11141160638462, 42.336879667662735], [-71.11137860659123, 42.3368916668511], [-71.11138760713978, 42.33695366709778], [-71.11140160612696, 42.33704666689794], [-71.1114356070339, 42.33713566767802], [-71.11144060672113, 42.33714966701538], [-71.1114686070352, 42.33718966710134], [-71.11155160721923, 42.33730766708605], [-71.11159760645467, 42.337408667832925], [-71.1116006071437, 42.33751566779782], [-71.11159660618283, 42.3375866675298], [-71.11158460725177, 42.33765666702421], [-71.11151760618685, 42.337827667212515], [-71.11146360613803, 42.337963667423175], [-71.11142960679172, 42.33802966727043], [-71.11133560709189, 42.33826766765577], [-71.1111776069801, 42.338600667311205], [-71.11115160620996, 42.338668667559844], [-71.11108860678704, 42.33880166797397], [-71.11105960687075, 42.3389056679324], [-71.11102060673001, 42.3390816673068], [-71.11090560652426, 42.33975366745909], [-71.11089760708047, 42.33978266759508], [-71.11086660602791, 42.33989266745956], [-71.11078960696783, 42.340096667721035], [-71.11074760700203, 42.34019666768435], [-71.11072660666126, 42.340228667675795], [-71.11067960685293, 42.34032766756503], [-71.11065960623104, 42.34037566821209], [-71.1106376061111, 42.34041866816585], [-71.11061060714316, 42.34043666809093], [-71.11057060690304, 42.340462668079624], [-71.110531606582, 42.34048866784039], [-71.11050460625161, 42.34050766795992], [-71.11012760614065, 42.34075866811099], [-71.10899460609077, 42.34151166782944], [-71.10861760611044, 42.341762668417246], [-71.10855060649628, 42.3418066680495], [-71.10843560560106, 42.34188166866943], [-71.10841260563427, 42.3418966684202], [-71.10791760622473, 42.34227966882966], [-71.1077446057554, 42.34241266849717], [-71.10767560611546, 42.342465668210224], [-71.10757160563703, 42.34254666812801], [-71.107468606086, 42.342627668667454], [-71.10739860585586, 42.34268166862228], [-71.10733560623571, 42.34272966859283], [-71.10724060574691, 42.342803668569886], [-71.10714660516213, 42.342876668959896], [-71.10708360608979, 42.342926668340645], [-71.1068546057376, 42.34310466900496], [-71.10616760544008, 42.3436386691492], [-71.1060426056504, 42.343736668870214], [-71.10598060516315, 42.34378466881685], [-71.1059646056313, 42.343796668887336], [-71.10593860478308, 42.34381666887837], [-71.10589060475142, 42.34385366838389], [-71.10574660535778, 42.34396566880623], [-71.10569760492851, 42.34400366862525], [-71.10571760535119, 42.34408366866692], [-71.10577660553297, 42.34432466915383], [-71.10579660478577, 42.34440566849456], [-71.10583060548284, 42.344456668613496], [-71.10591060587703, 42.3445746685055], [-71.10625160595576, 42.345078669106584], [-71.10634960569605, 42.34526166919472], [-71.10638260512843, 42.34533466882027], [-71.10648060611925, 42.34555466894298], [-71.10651360570347, 42.3456286687489], [-71.10652760587934, 42.34565466934325], [-71.10657160610897, 42.34573566872334], [-71.10658660500317, 42.345762669348915], [-71.10661660618112, 42.34581866925086], [-71.10670960576493, 42.34599166946397], [-71.10674060583811, 42.34604866936851], [-71.10675660514605, 42.346090669534384], [-71.10680560537784, 42.34621866938793], [-71.106821605844, 42.346261668869595], [-71.10686360541759, 42.346343669608984], [-71.10699060607024, 42.34658966884648], [-71.10703360598646, 42.34667266955715], [-71.10704260522199, 42.34668966899008], [-71.10706960630108, 42.34674266954188], [-71.1070786054132, 42.346760669194055], [-71.10710760546813, 42.34683066955181], [-71.10718560604893, 42.34701966936138], [-71.10718060605814, 42.34704366933147], [-71.10716660569473, 42.34711866972197], [-71.1071576061493, 42.34718966919817], [-71.107130605746, 42.34740566917877], [-71.10712160583459, 42.34747866909212], [-71.10710760544758, 42.34755266924606], [-71.1070646052365, 42.347774669878376], [-71.10705060593659, 42.34784866912444], [-71.10703260618233, 42.347923669323514], [-71.1069786062353, 42.3481516696625], [-71.10696060617016, 42.348227669167116], [-71.10693860604495, 42.34830166985437], [-71.1068726053718, 42.348523670083004], [-71.10685060611334, 42.34859867007447], [-71.10684260622095, 42.34864366983935], [-71.10683060536486, 42.34870966959775], [-71.10683060599588, 42.34873866974914], [-71.10682560588168, 42.348761669472786], [-71.10682160627705, 42.348781670149215], [-71.10681260611545, 42.34882766941341], [-71.10680960639309, 42.34884067015047], [-71.10680160610629, 42.3488796694747], [-71.10679860623738, 42.34889366953298], [-71.10679160582531, 42.34892566981796], [-71.10677260579173, 42.349022669632355], [-71.10676560641795, 42.34905567014082], [-71.10675460541326, 42.3491056697471], [-71.10672060569112, 42.3492566698717], [-71.10670960568063, 42.34930766969743], [-71.10670360615248, 42.349333670263114], [-71.10668660627961, 42.34941267019408], [-71.10668060537456, 42.34943967007531], [-71.10666560542808, 42.349503669906646], [-71.10662260544566, 42.349696670145704], [-71.10660760522906, 42.349761670187576], [-71.10660060598869, 42.34979267023718], [-71.1065786054023, 42.34988767009658], [-71.10657060573621, 42.349920669866144], [-71.10663760638742, 42.349928669485834], [-71.1068276062592, 42.34995166988338], [-71.10690760556115, 42.349961670119384], [-71.10730360582662, 42.35001067009808], [-71.10848960664401, 42.35015566988744], [-71.10888460678257, 42.35020467000888], [-71.10899160678287, 42.35021766946205], [-71.10931260703096, 42.35025666992471], [-71.10941860709512, 42.350269670083904], [-71.1095016065079, 42.350277670155464], [-71.10974960729327, 42.350300670004216], [-71.1098316066814, 42.35030867004459], [-71.10994860660213, 42.35032466989029], [-71.1102996067138, 42.35037266961302], [-71.11041560675724, 42.35038867009544], [-71.11049960741843, 42.35040067012404], [-71.11075160733016, 42.35043467029035], [-71.11083460679316, 42.35044667028578], [-71.11088060779325, 42.35045067019435], [-71.11089460679774, 42.350451670071116], [-71.11091660666693, 42.350452670009275], [-71.11093660745514, 42.35045466970344], [-71.11111360674514, 42.35047566989176], [-71.11128160767691, 42.35049566977751], [-71.11150660714226, 42.35052266998814], [-71.11321560853324, 42.350725670087805], [-71.11363560765753, 42.350775669741495], [-71.11378460825532, 42.350788669893575], [-71.11401460794049, 42.350815670278024], [-71.11409460826168, 42.35082466978787], [-71.1147016090781, 42.35089466988201], [-71.11492960808705, 42.35092166983216], [-71.11510660875682, 42.35094267016999], [-71.11563260846604, 42.35100466970962], [-71.1158086094773, 42.35102567012497], [-71.11609460894982, 42.35106366949975], [-71.1169516092568, 42.351176669704486], [-71.11723760886285, 42.35121466983229], [-71.11744561003508, 42.351238669577825], [-71.118069609622, 42.35131067014121], [-71.11827761020083, 42.35133467017782], [-71.11831060950476, 42.35133866986426], [-71.1183406096212, 42.35134167016929], [-71.11840760954408, 42.35134866989721], [-71.11843960995354, 42.35135266983301], [-71.11880960955182, 42.35139467013045], [-71.1197236097964, 42.35149766980602]]]}, "properties": {"TOWNNAME": "Brookline", "TOWNCODE": "046"}}, {"type": "Feature", "geometry": {"type": "Polygon", "coordinates": [[[-71.08706060413171, 42.435502687047325], [-71.08686660451205, 42.43667968674409], [-71.08685260496235, 42.43677868722388], [-71.08679960453283, 42.437156687205324], [-71.08667360438004, 42.437931687485516], [-71.08666360391743, 42.438007687702665], [-71.08657860449743, 42.43855468697646], [-71.08634660408417, 42.44011668762854], [-71.08611460411585, 42.44187668759663], [-71.08594960407858, 42.44299068822151], [-71.08569660423514, 42.44470368854058], [-71.08915860584958, 42.445442688623565], [-71.09329460715111, 42.44631368898904], [-71.093930607853, 42.44646468844779], [-71.09503260808944, 42.44668968851678], [-71.09522060787, 42.446732688224124], [-71.09546360787157, 42.44678668856821], [-71.09642760795873, 42.44701268847109], [-71.10185860953078, 42.448215688955564], [-71.10372461081643, 42.44866668912605], [-71.10392661124612, 42.448698689031545], [-71.10442661027662, 42.44878568900978], [-71.10444861140667, 42.448793688741674], [-71.10472261046442, 42.44885568839168], [-71.10537961071184, 42.449052688460604], [-71.11142561278415, 42.4509856892515], [-71.11239561302176, 42.45128068868186], [-71.11433961449335, 42.45187268927439], [-71.11471061406621, 42.45200568872997], [-71.11919761592895, 42.45340368926361], [-71.11940261617318, 42.453453688880245], [-71.12027661665356, 42.45130068833507], [-71.12134661700323, 42.44867868806339], [-71.12288161713272, 42.44622368742318], [-71.12408861676231, 42.44423168746316], [-71.12411361729768, 42.444190687078276], [-71.12415361657106, 42.44412468744598], [-71.12400561710552, 42.443835686939764], [-71.12362761694985, 42.44309568750144], [-71.12302661653747, 42.44189468677614], [-71.12246661635533, 42.44077268686592], [-71.12225661571253, 42.440352686585996], [-71.12197661613733, 42.439794686839996], [-71.12209761604076, 42.43977468655581], [-71.12231961597944, 42.43973868653563], [-71.12328561636726, 42.43956468648877], [-71.12518061768743, 42.43934068626529], [-71.12672161755115, 42.439037685869195], [-71.12709761744206, 42.43897468598617], [-71.12837761830258, 42.43692568595552], [-71.12888361827487, 42.43579168565583], [-71.12896361791049, 42.43561168581352], [-71.1300196187888, 42.435553685168024], [-71.13046361920823, 42.435575685701494], [-71.13145461888372, 42.43558968570936], [-71.13234561905685, 42.43560268544429], [-71.13474961970154, 42.43562768508866], [-71.13711862063475, 42.43565568509498], [-71.13738662033732, 42.43565868550538], [-71.13939162182366, 42.43568268486222], [-71.14144462199303, 42.43570768553866], [-71.14164762182155, 42.43570968497693], [-71.14274762223174, 42.43572568517323], [-71.14488262299149, 42.4357486849645], [-71.14533062295352, 42.4357646851982], [-71.1459976238154, 42.435757684563825], [-71.14620562431939, 42.43576568533769], [-71.14654862345844, 42.435768685068126], [-71.14790262479917, 42.435800684868], [-71.14979862531693, 42.43580368489803], [-71.1483326242628, 42.43080768387471], [-71.14832262371326, 42.43075268367405], [-71.14829962444212, 42.430625684191966], [-71.14803162457055, 42.429250683876376], [-71.14630262337748, 42.423733682380636], [-71.14619762274303, 42.4233996826266], [-71.14557062299009, 42.422800682222494], [-71.14493862303006, 42.42245468282736], [-71.14462862278238, 42.42241068246601], [-71.14350562238346, 42.4222216821658], [-71.14287962245872, 42.422035682019235], [-71.14255962239699, 42.42178168239937], [-71.14270062185389, 42.42116568216549], [-71.14283262129133, 42.420587682211426], [-71.14283662183553, 42.420551681877534], [-71.14283762188914, 42.4204686824514], [-71.14284462183326, 42.419760682095884], [-71.14265962109312, 42.419375682050855], [-71.14169362155151, 42.41851968150615], [-71.14126562123673, 42.417912681872345], [-71.14072362034425, 42.417165681422155], [-71.14068862049095, 42.417117681181004], [-71.13992162084413, 42.4164276818522], [-71.13916162093695, 42.415898681830356], [-71.1383156197673, 42.41555168156284], [-71.13819962052172, 42.41550368168547], [-71.13742161972314, 42.41531968162164], [-71.13679361980381, 42.41519668146188], [-71.13560861899903, 42.41523468123371], [-71.13417661917842, 42.41541368105239], [-71.13304761861204, 42.41535968116241], [-71.13238561868044, 42.41521368154807], [-71.13231761745234, 42.415224681792196], [-71.13193961852677, 42.41528768142115], [-71.13181461824995, 42.415425681889495], [-71.1316536179539, 42.41560368149155], [-71.1316326177155, 42.415832681209245], [-71.13157761803994, 42.41644068153333], [-71.13151961743522, 42.416616681507975], [-71.13146761784077, 42.416774681655674], [-71.13134861813981, 42.416882682024], [-71.13116061819584, 42.41705168169991], [-71.13073461724285, 42.4172516822525], [-71.13053661749322, 42.41733068165636], [-71.13008761802557, 42.41751168221994], [-71.1288356171781, 42.417776682281385], [-71.12852661737476, 42.417852682479456], [-71.12834461644479, 42.41789668204242], [-71.1276016168666, 42.41807968256367], [-71.12712161695428, 42.41811568194601], [-71.12699161638487, 42.41812668257089], [-71.12676261653084, 42.418120681818145], [-71.12581861611689, 42.418096682267944], [-71.12592061603014, 42.41797268219778], [-71.12616561616287, 42.41766168224799], [-71.1266806158158, 42.417007682310256], [-71.12679761585274, 42.41685968193649], [-71.12699261630263, 42.41663868152223], [-71.12791561701769, 42.415593681616606], [-71.12924261697044, 42.41409268110433], [-71.12973961672942, 42.4135376808839], [-71.12987261659765, 42.41339268167419], [-71.1292716174082, 42.413144681516805], [-71.12709761600144, 42.41225268149811], [-71.1274346165452, 42.41175668077398], [-71.12778061591239, 42.41125068084417], [-71.12784361667201, 42.41114768047884], [-71.12810161660379, 42.410728680375314], [-71.12741561673658, 42.41031768051614], [-71.12680261590641, 42.40978468084517], [-71.1261796161016, 42.409235680725104], [-71.1258546151345, 42.40973468077914], [-71.12570161531613, 42.40997168084038], [-71.12338961471514, 42.40915568068777], [-71.12343761508582, 42.40908668025872], [-71.123537614926, 42.408939680645425], [-71.12387361475135, 42.40847068055708], [-71.12396061488482, 42.40833168025478], [-71.12396961504753, 42.408317680640415], [-71.12399661443204, 42.40827668019656], [-71.12155661422543, 42.40744268068847], [-71.12160261397143, 42.40736768036889], [-71.12175261447632, 42.4071246798749], [-71.12166861388627, 42.40709668064338], [-71.11945661331701, 42.40633568037584], [-71.11932861326594, 42.4065336801096], [-71.11741961211527, 42.40583767987347], [-71.11682161265391, 42.40562268024684], [-71.11673661277251, 42.40559068043159], [-71.11665261278219, 42.405562680217706], [-71.11659461286443, 42.40554068048457], [-71.1165746126596, 42.40553367991531], [-71.11651661278333, 42.405509679724766], [-71.1158616125216, 42.405273679706966], [-71.1156356125454, 42.40519168047479], [-71.11554161241943, 42.40515367996738], [-71.11546961247443, 42.40505668023237], [-71.11534661225778, 42.402736680098556], [-71.11489461143589, 42.40218867946841], [-71.11401061080889, 42.40099667898899], [-71.11311961130443, 42.40060067926865], [-71.1130426112592, 42.400572679184535], [-71.11237461095544, 42.40023467918386], [-71.11168561050545, 42.40001267923384], [-71.11075061060579, 42.39971167926511], [-71.1093786091096, 42.39923867888762], [-71.10903860956316, 42.3991216790242], [-71.10900660940815, 42.39911067962222], [-71.10898360943517, 42.399103679225284], [-71.10866560888792, 42.399016679198276], [-71.10770460899442, 42.3986896792463], [-71.10608860905047, 42.398139678764835], [-71.1044636077092, 42.39758867919069], [-71.10419460758251, 42.39749767944535], [-71.10351260769664, 42.397259678821285], [-71.1035256077489, 42.397247678758305], [-71.10308160743124, 42.39709967886659], [-71.10253760770205, 42.39692167936669], [-71.10226560655701, 42.3968326786412], [-71.10203960696444, 42.396755678651964], [-71.1017756066483, 42.396666679220374], [-71.10178060680387, 42.39665767931207], [-71.10108460611451, 42.3964396784954], [-71.10051460624034, 42.3962346788412], [-71.10044860699335, 42.39621067869154], [-71.10033460639309, 42.396158678719615], [-71.09955060571504, 42.397083679025], [-71.09831260652022, 42.398545679282364], [-71.09723460603023, 42.39981767988255], [-71.09668860533802, 42.400462680236366], [-71.09625960563902, 42.400318679664245], [-71.09576660557171, 42.400154679841314], [-71.0954856056711, 42.40006068002346], [-71.09431460456514, 42.39967667932342], [-71.09353060469098, 42.39942067932562], [-71.0930076036171, 42.39923867935856], [-71.09262960446841, 42.39911467959192], [-71.09283060428754, 42.39927867931586], [-71.09405160440159, 42.40054568018099], [-71.09462460472082, 42.401484679987796], [-71.09491560470592, 42.402576679992904], [-71.09521060455872, 42.4030956803677], [-71.09542360563573, 42.40343168085204], [-71.09524060548887, 42.403488680501496], [-71.09517360486674, 42.403544680808885], [-71.0950766047361, 42.403721680233886], [-71.09491260463068, 42.40381468086492], [-71.09476860494533, 42.403943680938674], [-71.09474860485047, 42.40403868092915], [-71.0947586053002, 42.40423168023604], [-71.09480660512632, 42.404365680270445], [-71.09490260514096, 42.40450368082935], [-71.09509460568573, 42.404653680400905], [-71.09561460516487, 42.40490968088446], [-71.09590360492429, 42.405138680847095], [-71.09602860527386, 42.40520368048108], [-71.0965686057497, 42.40555868115869], [-71.09676060623241, 42.4056486805941], [-71.09691960606362, 42.405723680723185], [-71.09698260551107, 42.40575368077056], [-71.0970586060586, 42.40581068065267], [-71.09708560645223, 42.40587368126933], [-71.09667460580397, 42.40589768091003], [-71.09641760526385, 42.40591268073974], [-71.09598060606012, 42.40593768057466], [-71.09570060541527, 42.40596068076875], [-71.09555060516954, 42.40589068102298], [-71.09540160535465, 42.40581968078517], [-71.09517960480294, 42.40571468114906], [-71.09484360546725, 42.405513680992804], [-71.09455460515358, 42.40537468109093], [-71.09438060543206, 42.4052566805939], [-71.09423660497956, 42.40519568054315], [-71.0941976049432, 42.40518768090186], [-71.09400560436947, 42.40504268090241], [-71.09368760431174, 42.40475568040179], [-71.09351460441027, 42.40452068088431], [-71.09345760426561, 42.4043366803042], [-71.09340960474013, 42.404121680650256], [-71.0934866043948, 42.40407068082923], [-71.09353460511673, 42.40400668023977], [-71.09354460509748, 42.403893680958845], [-71.09343860466454, 42.40355768052399], [-71.09340060427607, 42.40331568074787], [-71.09336260468329, 42.403207680381215], [-71.09338160455009, 42.403027680762634], [-71.09217660461076, 42.40238968037048], [-71.09136060415834, 42.40195768003062], [-71.08967560287047, 42.401064680021165], [-71.08961760260186, 42.40104368033713], [-71.0893956035042, 42.401020680378366], [-71.08914460253119, 42.401074680069954], [-71.08883660355755, 42.40121968029612], [-71.0886436031728, 42.40127668057031], [-71.08843160303681, 42.40130368005467], [-71.08825860275776, 42.40130668036824], [-71.0880566025137, 42.401260680593126], [-71.08786360286302, 42.40125967990021], [-71.08758360261935, 42.401296680377136], [-71.08752560216905, 42.40133368020282], [-71.08752560233974, 42.401373680561704], [-71.08760260219793, 42.40143068047472], [-71.08762160301652, 42.40150268006167], [-71.08757360265697, 42.4015486807342], [-71.08744860211085, 42.401591680239136], [-71.08725560281448, 42.401603680380504], [-71.08687960201907, 42.401538680553315], [-71.08658160273379, 42.40154468034988], [-71.08627260238805, 42.40163968026068], [-71.08614760256911, 42.40170968046792], [-71.0860606025598, 42.40186868029658], [-71.08597260165101, 42.40228968052996], [-71.08588660264478, 42.40254268026986], [-71.08588560255826, 42.40288968066789], [-71.08601960176658, 42.403332681028346], [-71.08600060196581, 42.40358068034366], [-71.08600960254272, 42.40360768060747], [-71.08611560217416, 42.40368268065707], [-71.08620260212743, 42.40382468045157], [-71.08620260248277, 42.40390368091693], [-71.08620160189726, 42.404036681071766], [-71.08614460272013, 42.40407368108853], [-71.08611560241434, 42.404074680545506], [-71.08604760184245, 42.40402568042603], [-71.08590360244636, 42.40372268094814], [-71.08583660179265, 42.4036286810994], [-71.08569160238561, 42.40353768106957], [-71.08569260248451, 42.40347368106148], [-71.08575960154505, 42.4033876808036], [-71.08576960197598, 42.4032746803335], [-71.08564460160093, 42.402966680269856], [-71.0855776021336, 42.40287268025352], [-71.08547160208327, 42.40280768089797], [-71.08534660147187, 42.40278268085797], [-71.08496060122131, 42.402852680803214], [-71.0847296018667, 42.40285268028443], [-71.08453760146065, 42.40277468026934], [-71.08447960150406, 42.4027216802441], [-71.0844406016917, 42.402650681071044], [-71.08441260103531, 42.402565680830776], [-71.08442160131466, 42.402438680177866], [-71.08452760118618, 42.40228868096533], [-71.0846916014107, 42.402159680243585], [-71.08480760178539, 42.40202268089296], [-71.08484660220292, 42.401922680696174], [-71.08482760149423, 42.40176068051255], [-71.08476960136868, 42.40166768025627], [-71.0846926022013, 42.40159668088431], [-71.0845296012136, 42.40149568066545], [-71.08428860113229, 42.401401680859436], [-71.0837206017963, 42.401245680652], [-71.08369160102981, 42.40120968065996], [-71.08359560174364, 42.400824680334274], [-71.08352760092187, 42.400753680308085], [-71.0834416008499, 42.40072768044459], [-71.08335060053456, 42.40071468047329], [-71.08317360089302, 42.40068868042205], [-71.08291160077859, 42.400651680335805], [-71.08280560051668, 42.40069868059901], [-71.08239060099304, 42.40102168072866], [-71.0823046006513, 42.4010236805473], [-71.08201560090039, 42.40073568027814], [-71.08185160033722, 42.40064868006136], [-71.08033960029886, 42.40057768006908], [-71.0802236002843, 42.40058368051449], [-71.08007959981349, 42.400635680264216], [-71.07998259953834, 42.40063368057395], [-71.07952960020422, 42.4005336805978], [-71.07937559957212, 42.40050468066267], [-71.0792605992691, 42.40036668024148], [-71.07754759928446, 42.39924068006429], [-71.07751859931335, 42.39919668038671], [-71.077529599332, 42.39793068009674], [-71.07747159943735, 42.39784667974431], [-71.07735659926746, 42.3977806800304], [-71.07714359860465, 42.397776679951306], [-71.07701959844955, 42.39777368005067], [-71.0770005982869, 42.397503679642355], [-71.07694359942066, 42.397446680340785], [-71.07681959827225, 42.39743068014944], [-71.07673159916766, 42.397468679708986], [-71.07668259860714, 42.39750968015902], [-71.07661459841637, 42.39768168000757], [-71.07662459878149, 42.39792468032673], [-71.07667259897569, 42.398031679831185], [-71.07675859883905, 42.398133680266845], [-71.07669859884018, 42.3994456801877], [-71.07663059908015, 42.39980268058319], [-71.07645659939044, 42.40016568014196], [-71.07637959851814, 42.40027968022595], [-71.07577159869913, 42.400880680281404], [-71.0755495991078, 42.40118168095902], [-71.07539459827623, 42.40134268082776], [-71.075211599069, 42.401467681139955], [-71.07491259811465, 42.401594680806085], [-71.07473959819828, 42.40170068085853], [-71.07446859795965, 42.40189968107337], [-71.0741985980638, 42.402133680968575], [-71.07390959846403, 42.40233768094539], [-71.07382259814219, 42.40246968119306], [-71.0736485983261, 42.402837681025005], [-71.07295759763969, 42.403850681671905], [-71.07280759775901, 42.403818680896805], [-71.07275759840738, 42.403907681598284], [-71.07242759722371, 42.40449968156089], [-71.07205959792962, 42.40529568141537], [-71.07163459739733, 42.406364682169574], [-71.07156759746204, 42.406447681691574], [-71.07153459747838, 42.40649068136502], [-71.07136459800505, 42.40674168207385], [-71.07129759758479, 42.406930682207424], [-71.0714375972474, 42.40715268147333], [-71.07167859732061, 42.40729768190204], [-71.07190259826919, 42.40740968185011], [-71.07196759741954, 42.40744768223327], [-71.07229159793864, 42.40786268232545], [-71.0723305983549, 42.40789668226815], [-71.0723955980825, 42.407980682199565], [-71.07269259789814, 42.40824568240846], [-71.07303759820088, 42.408307682083986], [-71.07365959897724, 42.408527682555565], [-71.07374459880336, 42.40868768176111], [-71.07378559854622, 42.40887668252617], [-71.07380159878265, 42.409064682318146], [-71.0737485982546, 42.40914668246678], [-71.07362459802674, 42.40931168194386], [-71.07355259859413, 42.409401682623084], [-71.07349559887552, 42.40943568204183], [-71.07335759792257, 42.40952068273469], [-71.07322059886475, 42.40960568247523], [-71.07306359797771, 42.40970668235058], [-71.07279559780729, 42.4098806824633], [-71.07250659791983, 42.41007468288761], [-71.0721615979903, 42.410371682459534], [-71.07200859797439, 42.41078968227467], [-71.0719585980748, 42.410925682478066], [-71.07187359763469, 42.41110768277967], [-71.07186959835133, 42.411444682879534], [-71.07190759831789, 42.41168068291434], [-71.07199059790025, 42.41189168296094], [-71.07211159852075, 42.4120896828339], [-71.07221459829043, 42.41219868252235], [-71.07234359804758, 42.412294683260164], [-71.07308059790715, 42.41290868316012], [-71.07319659827577, 42.41300468331631], [-71.07357459839774, 42.412724683277254], [-71.07421359906029, 42.41259368327607], [-71.07429159930273, 42.41259368278886], [-71.074420599183, 42.41256268246583], [-71.07452659836417, 42.4125386830754], [-71.07473459944987, 42.412555682858084], [-71.07483559910308, 42.41261368279844], [-71.07492359946573, 42.41266768242115], [-71.07500459852685, 42.41273268273782], [-71.07508059875268, 42.41278768315384], [-71.07514759955164, 42.41287368290489], [-71.07533259941883, 42.412981683284755], [-71.07535259980327, 42.41312468258824], [-71.07536659874033, 42.41322768287788], [-71.07549059870966, 42.413285683348434], [-71.07568859955391, 42.413276683183675], [-71.07586259976691, 42.413274683038225], [-71.07661560020173, 42.41326868284913], [-71.07679859986838, 42.413273682544876], [-71.07713260031083, 42.413293682643165], [-71.0771795996993, 42.413329682771995], [-71.07931060115881, 42.41494668292391], [-71.07952060033168, 42.41502668276323], [-71.07991060104489, 42.41517468274291], [-71.08106860102116, 42.41510168343099], [-71.08172460098335, 42.41516568309838], [-71.08206160189107, 42.41532768324781], [-71.0834906026485, 42.41601568359315], [-71.08427760277385, 42.41657368361992], [-71.08578560319533, 42.41790368390339], [-71.0858716023653, 42.41802068360855], [-71.08603860250146, 42.41825068381516], [-71.086043603456, 42.41826368379064], [-71.0862686027118, 42.41880668344462], [-71.086583603469, 42.419570683412566], [-71.08722260315498, 42.42111568362706], [-71.08726060348762, 42.42120668384454], [-71.08773360373247, 42.42237068449825], [-71.08806660448806, 42.42315068435974], [-71.08810560454107, 42.423250684276326], [-71.08811560444774, 42.423265684435044], [-71.08817160383205, 42.42339968463322], [-71.08866560381796, 42.42479268504322], [-71.08871860472448, 42.42498468433906], [-71.08944660413685, 42.42663168543981], [-71.08943060495807, 42.42673268513646], [-71.08906260493725, 42.42912368536388], [-71.08865960411833, 42.42908868587323], [-71.08836060443652, 42.429062685973975], [-71.08803160418069, 42.4290346855799], [-71.087975603981, 42.42940068528673], [-71.08785460443681, 42.430207685662964], [-71.08773260456829, 42.431021686313315], [-71.08751460402316, 42.43247768630775], [-71.0874946047579, 42.4326046864843], [-71.08748960421715, 42.432638686308465], [-71.08748160407485, 42.43269468617507], [-71.08738660410827, 42.43332868662114], [-71.08726360381331, 42.434148686531714], [-71.08706060413171, 42.435502687047325]]]}, "properties": {"TOWNNAME": "Medford", "TOWNCODE": "176"}}, {"type": "Feature", "geometry": {"type": "Polygon", "coordinates": [[[-71.02499658481348, 42.44372369034668], [-71.02557258448145, 42.44440569087305], [-71.02569758523951, 42.44455269029521], [-71.02583558437553, 42.44471669075603], [-71.02577758497624, 42.44476169072713], [-71.02586458461509, 42.44475169038103], [-71.02609758497249, 42.44472569069342], [-71.02644458518726, 42.44469069026982], [-71.02855658566729, 42.44444769002745], [-71.02887258575265, 42.44441169022643], [-71.03075658588317, 42.44419769046968], [-71.03091458665546, 42.44417869016237], [-71.03201758618573, 42.44405269007261], [-71.03368058688696, 42.44391269029134], [-71.03555258845407, 42.44371969031982], [-71.03682858860893, 42.443589690064535], [-71.04284859010693, 42.44297168989704], [-71.04417659112687, 42.44283568927335], [-71.04418759059963, 42.44284068971676], [-71.04419659085306, 42.44283368970077], [-71.04441259105432, 42.4428096896575], [-71.04452859023048, 42.442796689407565], [-71.04528859091862, 42.4427146898075], [-71.04594059083539, 42.442639689381046], [-71.0462325913881, 42.442606689332386], [-71.04871059269838, 42.442331689059586], [-71.04967659304002, 42.442225689389225], [-71.05016959268055, 42.442170689159944], [-71.05123259320511, 42.442068688808995], [-71.05152559321765, 42.44204068927247], [-71.0526785930258, 42.44193068950954], [-71.05359959333532, 42.44184268929561], [-71.05491459448166, 42.44171668858646], [-71.05540459374252, 42.44166968931538], [-71.05544159466844, 42.4416526891539], [-71.05548259413787, 42.44166268920709], [-71.05571459428003, 42.441640688744265], [-71.05696859458615, 42.44152468876372], [-71.05703159544561, 42.441512689201886], [-71.05998859579451, 42.441209688855686], [-71.06173059585439, 42.44104568852908], [-71.06338259689868, 42.44086768875312], [-71.06455259711424, 42.440739688647604], [-71.06519459803566, 42.440672688102154], [-71.06632159839128, 42.44055768857742], [-71.06765759876748, 42.44041968847741], [-71.0686175983468, 42.440321688357066], [-71.06893959909961, 42.44028668785452], [-71.06983859916241, 42.440192688600526], [-71.0699845987962, 42.440179688373625], [-71.07031659854785, 42.440151688574], [-71.07055359933393, 42.440132688320055], [-71.07161960002146, 42.44000868856276], [-71.07401360049579, 42.43976568829384], [-71.07452460027515, 42.43971368802463], [-71.07833260158492, 42.439321688000874], [-71.08100360208566, 42.43903768755712], [-71.08291960326808, 42.43884868795786], [-71.08262760278927, 42.44075068763826], [-71.08246760351804, 42.44171968793435], [-71.0821356037928, 42.44382568833075], [-71.08210460268373, 42.44402568816304], [-71.08375660361804, 42.4443406890067], [-71.08483760424869, 42.444546688379965], [-71.08521460394479, 42.44468168845609], [-71.08569660423514, 42.44470368854058], [-71.08594960407858, 42.44299068822151], [-71.08611460411585, 42.44187668759663], [-71.08634660408417, 42.44011668762854], [-71.08657860449743, 42.43855468697646], [-71.08666360391743, 42.438007687702665], [-71.08667360438004, 42.437931687485516], [-71.08679960453283, 42.437156687205324], [-71.08685260496235, 42.43677868722388], [-71.08686660451205, 42.43667968674409], [-71.08706060413171, 42.435502687047325], [-71.08726360381331, 42.434148686531714], [-71.08738660410827, 42.43332868662114], [-71.08748160407485, 42.43269468617507], [-71.08748960421715, 42.432638686308465], [-71.0874946047579, 42.4326046864843], [-71.08751460402316, 42.43247768630775], [-71.08773260456829, 42.431021686313315], [-71.08785460443681, 42.430207685662964], [-71.087975603981, 42.42940068528673], [-71.08803160418069, 42.4290346855799], [-71.08836060443652, 42.429062685973975], [-71.08865960411833, 42.42908868587323], [-71.08906260493725, 42.42912368536388], [-71.08943060495807, 42.42673268513646], [-71.08944660413685, 42.42663168543981], [-71.08871860472448, 42.42498468433906], [-71.08866560381796, 42.42479268504322], [-71.08817160383205, 42.42339968463322], [-71.08811560444774, 42.423265684435044], [-71.08810560454107, 42.423250684276326], [-71.08806660448806, 42.42315068435974], [-71.08773360373247, 42.42237068449825], [-71.08726060348762, 42.42120668384454], [-71.08722260315498, 42.42111568362706], [-71.086583603469, 42.419570683412566], [-71.0862686027118, 42.41880668344462], [-71.086043603456, 42.41826368379064], [-71.08603860250146, 42.41825068381516], [-71.0858716023653, 42.41802068360855], [-71.08578560319533, 42.41790368390339], [-71.08427760277385, 42.41657368361992], [-71.0834906026485, 42.41601568359315], [-71.08206160189107, 42.41532768324781], [-71.08172460098335, 42.41516568309838], [-71.08106860102116, 42.41510168343099], [-71.07991060104489, 42.41517468274291], [-71.07952060033168, 42.41502668276323], [-71.07931060115881, 42.41494668292391], [-71.0771795996993, 42.413329682771995], [-71.07713260031083, 42.413293682643165], [-71.07679859986838, 42.413273682544876], [-71.07661560020173, 42.41326868284913], [-71.07586259976691, 42.413274683038225], [-71.07568859955391, 42.413276683183675], [-71.07549059870966, 42.413285683348434], [-71.07536659874033, 42.41322768287788], [-71.07535259980327, 42.41312468258824], [-71.07533259941883, 42.412981683284755], [-71.07514759955164, 42.41287368290489], [-71.07508059875268, 42.41278768315384], [-71.07500459852685, 42.41273268273782], [-71.07492359946573, 42.41266768242115], [-71.07483559910308, 42.41261368279844], [-71.07473459944987, 42.412555682858084], [-71.07452659836417, 42.4125386830754], [-71.074420599183, 42.41256268246583], [-71.07429159930273, 42.41259368278886], [-71.07421359906029, 42.41259368327607], [-71.07357459839774, 42.412724683277254], [-71.07319659827577, 42.41300468331631], [-71.07329659873866, 42.414804683667874], [-71.07315859857357, 42.414829683215935], [-71.07282559903948, 42.414888683754434], [-71.07107959850029, 42.41492068341115], [-71.07085559834795, 42.41492868386385], [-71.07036959765541, 42.414942683463934], [-71.06929059790912, 42.415020683693555], [-71.06812959754161, 42.41508068382914], [-71.0672455962148, 42.41510368349697], [-71.06637359601852, 42.41515868327661], [-71.06530659642824, 42.415216683603234], [-71.06450759536622, 42.41524968371179], [-71.06455859628969, 42.41531668362419], [-71.06455959568322, 42.41534268384964], [-71.06406059618084, 42.41538168401719], [-71.06388359575236, 42.41539868332918], [-71.06285759467985, 42.41549468381868], [-71.06228359504769, 42.4155376839774], [-71.06158459536027, 42.415618684079966], [-71.06131959523807, 42.4157056839391], [-71.06079259405044, 42.415894683813335], [-71.06044159425471, 42.41601568381997], [-71.06014459388376, 42.416182683581866], [-71.05988159425232, 42.41639668378518], [-71.05916059370682, 42.416931683805295], [-71.05907459362618, 42.416994684522855], [-71.05862459374937, 42.41732068388747], [-71.05859359400323, 42.41734468438464], [-71.05834959383286, 42.4175326845545], [-71.05795859318717, 42.41783168412318], [-71.05740559415823, 42.4182406840318], [-71.0568505939194, 42.41867968434444], [-71.05659159370232, 42.41883768426915], [-71.05632659392107, 42.41900168424925], [-71.0560465926963, 42.41917368505682], [-71.05602159275455, 42.41919068492547], [-71.0547355933477, 42.42004668466934], [-71.05458059275789, 42.42004268469803], [-71.05442059215379, 42.42005368450527], [-71.05285359254346, 42.42118568531], [-71.05259159205787, 42.421375685650695], [-71.0506815922262, 42.42277168554473], [-71.05032459149902, 42.42300368596386], [-71.04868959070839, 42.42308868609905], [-71.04736559091207, 42.42315868569948], [-71.04619359012995, 42.423224686024135], [-71.04577759060548, 42.423247686077616], [-71.0448905894666, 42.42329768566328], [-71.04437258928093, 42.42332768576188], [-71.04398158955286, 42.42334968623078], [-71.04346758983336, 42.42337868619389], [-71.04276658911665, 42.42341868635155], [-71.04192258897537, 42.423469685524104], [-71.04089758817271, 42.42350068640494], [-71.03954958847334, 42.423541686165485], [-71.03917758787226, 42.42356368599684], [-71.03757358707814, 42.42365868605248], [-71.03660158755227, 42.423715686065506], [-71.03654458648728, 42.42372168654118], [-71.03623058726951, 42.42373868601903], [-71.03593858670574, 42.423755685990116], [-71.03583858671124, 42.42376168653876], [-71.03551658695152, 42.42379368646317], [-71.03497058622138, 42.42383868660276], [-71.03484458655691, 42.42384968584443], [-71.03476058610704, 42.423854685971584], [-71.03451658613785, 42.4238726865553], [-71.03434658589725, 42.423886686223014], [-71.03371958625452, 42.42391368662655], [-71.03249758628087, 42.42397668658825], [-71.03103358525496, 42.42405268649078], [-71.0309885851384, 42.424050686413345], [-71.03089358570386, 42.42405668683657], [-71.0306825852039, 42.424061686796584], [-71.02825758438958, 42.424156686084444], [-71.02818458415524, 42.424290686914446], [-71.02739358457052, 42.425697686619124], [-71.02723958421272, 42.425972687188256], [-71.0271765846911, 42.426085687096844], [-71.02710858394352, 42.42620768721579], [-71.02685158355737, 42.426664686619766], [-71.02613558406193, 42.42794168716679], [-71.02589158443473, 42.42837668729192], [-71.02582858432416, 42.42849268704026], [-71.025721583277, 42.4286806870868], [-71.02562858377064, 42.428850687843756], [-71.0255295834839, 42.42902368782506], [-71.02541058337853, 42.429235687237785], [-71.02536858389598, 42.4293106873032], [-71.02535458353564, 42.429341687370304], [-71.02532158402863, 42.429416687607315], [-71.02531258414238, 42.42943768729276], [-71.02528958381836, 42.429489687935714], [-71.0252735839655, 42.42952768750978], [-71.0252225836055, 42.42964268755568], [-71.02520558329483, 42.42968168770361], [-71.02519558395092, 42.42970468727552], [-71.02496558349576, 42.43004068818935], [-71.02492958403539, 42.430093687547085], [-71.02408858348986, 42.43159068803147], [-71.02404358368764, 42.43165168847359], [-71.02303658283722, 42.43346868855608], [-71.0230025830268, 42.43352968822355], [-71.02221858302984, 42.43493368842396], [-71.02216158347201, 42.43503068898617], [-71.02205758286348, 42.43522368900189], [-71.02175258307618, 42.43577468921852], [-71.02162758298908, 42.436007689114035], [-71.02158158256027, 42.43608068868027], [-71.02154958305795, 42.43613668886418], [-71.02153258274939, 42.4361656890535], [-71.02134858305305, 42.43651368874588], [-71.02128658257737, 42.43661668910936], [-71.02115358290152, 42.43685868947225], [-71.02111758291224, 42.43692268895319], [-71.02100558309655, 42.437125689167615], [-71.02037758290263, 42.43825868986145], [-71.02116858301669, 42.439193689874244], [-71.02499658481348, 42.44372369034668]]]}, "properties": {"TOWNNAME": "Malden", "TOWNCODE": "165"}}, {"type": "Feature", "geometry": {"type": "Polygon", "coordinates": [[[-71.04845958243733, 42.27758165760199], [-71.04850058204168, 42.27759665763194], [-71.04856058235718, 42.277618658389024], [-71.04862158304542, 42.2776416578848], [-71.04866058237597, 42.27765665809903], [-71.0487945831526, 42.277707658477205], [-71.04891258232429, 42.2776936576371], [-71.04969158342259, 42.277600658004566], [-71.04995058315566, 42.27756965824123], [-71.05024058261777, 42.277535657924986], [-71.05029658257877, 42.277528657638115], [-71.05067158362787, 42.277518658072516], [-71.0509205830065, 42.27746665786509], [-71.051110583989, 42.27748565790899], [-71.05114758382433, 42.27748965762005], [-71.05140158374998, 42.27747665828635], [-71.05174158365351, 42.2774446581766], [-71.0519915842182, 42.27742165753137], [-71.05237958397898, 42.27734665774972], [-71.05275758350001, 42.277356657971104], [-71.05294958442077, 42.2773616575924], [-71.05309458384465, 42.277329657787945], [-71.05313258381382, 42.277294657673735], [-71.05318858423526, 42.27724265776201], [-71.05324558451038, 42.277189657870174], [-71.05328358453198, 42.27715565794643], [-71.05361858454448, 42.27690465759322], [-71.05410658424132, 42.27653965752065], [-71.0546595840095, 42.27620765787425], [-71.05501758466795, 42.27599265764676], [-71.05511358459435, 42.27593565750209], [-71.05516858438828, 42.27590265731845], [-71.05525658509656, 42.275849657646006], [-71.05539958521047, 42.27576365761042], [-71.05549458429819, 42.275706657774656], [-71.05543458510638, 42.275610657232264], [-71.05534658475987, 42.27546765758061], [-71.05532758489457, 42.27543565734552], [-71.05525858455965, 42.27532365761571], [-71.05519958404791, 42.27522865744723], [-71.0550695844861, 42.2750196572728], [-71.05487558457233, 42.27470665755565], [-71.05468258427845, 42.27439365685838], [-71.05455458472792, 42.27418465750589], [-71.0541025843, 42.273451657060775], [-71.05339558416932, 42.272305656632774], [-71.05445158382759, 42.27166165665746], [-71.05518658414117, 42.27121365700737], [-71.05550358426001, 42.27102065652877], [-71.05597658467028, 42.27073265657217], [-71.05645158519297, 42.270442656507484], [-71.0567675847859, 42.270249656779086], [-71.05708358487766, 42.27005665618326], [-71.05714458499547, 42.27001965650627], [-71.05770958527351, 42.26967565659435], [-71.0579425848702, 42.26953365598194], [-71.0582745851588, 42.26933065636088], [-71.05864958552992, 42.2691016563022], [-71.05921158537409, 42.2687586557187], [-71.06005258564396, 42.268245655894816], [-71.06089658650852, 42.26773165574228], [-71.06145758653359, 42.26738965589296], [-71.06151858636481, 42.2673526556925], [-71.0615935858738, 42.267307655652374], [-71.06171658573498, 42.26734465603798], [-71.06178458633006, 42.26736465569145], [-71.06189558605202, 42.267397655940236], [-71.06200158668342, 42.26742965567902], [-71.06232458637113, 42.26752765583008], [-71.06264958660941, 42.26762765596707], [-71.06286458665554, 42.267693655940704], [-71.06323758710573, 42.26780665568607], [-71.0638935871694, 42.268006655511805], [-71.06410158694719, 42.26843965582378], [-71.06426958689778, 42.26878965586628], [-71.06430858674047, 42.268868655453424], [-71.06444858781286, 42.26896265552041], [-71.0646795877432, 42.269116655653335], [-71.0647235874932, 42.26929865569224], [-71.06465458778575, 42.26959065638758], [-71.06476558780103, 42.26982165568813], [-71.06486158780774, 42.27002265561983], [-71.06509358708679, 42.27050465582472], [-71.06517058788052, 42.27061365586626], [-71.06529758822111, 42.27079565654512], [-71.06532758794192, 42.270819656138094], [-71.06554058805325, 42.270990656140604], [-71.0656515872401, 42.27106065621632], [-71.06586058781211, 42.271148656499086], [-71.06590458801554, 42.27116765633984], [-71.06604158753274, 42.27120365608501], [-71.06622758766328, 42.27124665607447], [-71.06670558868143, 42.27131465644789], [-71.06702758844118, 42.271395656034755], [-71.0674045879765, 42.27146765626088], [-71.06745358862122, 42.27147165632294], [-71.06750158849879, 42.27146865631165], [-71.06759958788658, 42.27146965644004], [-71.06769558883232, 42.2714636562799], [-71.06771458878735, 42.271457656129506], [-71.06774058836311, 42.27144965663129], [-71.06778058843484, 42.27142965651198], [-71.067815588278, 42.27140465616503], [-71.06787858838906, 42.27130865583923], [-71.06795458913254, 42.2711776563446], [-71.06798158880845, 42.27114865639747], [-71.06813958840793, 42.27101165585702], [-71.06820058896714, 42.270958656387165], [-71.06826358883951, 42.2709146557648], [-71.0683755891053, 42.27083565618794], [-71.0684145892717, 42.270814656350325], [-71.06850258919559, 42.270783656342076], [-71.06869358888052, 42.270740655812894], [-71.0687785889276, 42.270718656398394], [-71.06884558909154, 42.27070465609574], [-71.06901158852871, 42.27067065607842], [-71.06925358915318, 42.27065765606228], [-71.06930258865093, 42.27065265586709], [-71.0694605892128, 42.27064065571063], [-71.06971058869964, 42.27061965578304], [-71.06978458919937, 42.27061365607873], [-71.07041558991621, 42.2706216558354], [-71.07060858973517, 42.2706386560483], [-71.07093159003541, 42.27071765605636], [-71.07129758947852, 42.270792656253704], [-71.07135358950046, 42.27080465569724], [-71.07169459008615, 42.27082165629531], [-71.07174259028682, 42.270820655896536], [-71.07189558930376, 42.270794655579124], [-71.07191259006846, 42.27079165610807], [-71.07214559046231, 42.270751655867954], [-71.07231058955375, 42.270722655767585], [-71.0724005903332, 42.27069465555095], [-71.07244259014233, 42.27067765567756], [-71.07256059058275, 42.27061365637723], [-71.07273359030552, 42.27048965628307], [-71.07277659012328, 42.27045465567608], [-71.07279858969842, 42.27043765599507], [-71.07298658978999, 42.270348655819085], [-71.07304259064924, 42.270339655691416], [-71.07313159014538, 42.27033365557515], [-71.07320958980405, 42.270324656104606], [-71.07322658970908, 42.27032265577662], [-71.07326458986505, 42.27032565545663], [-71.07329559030597, 42.27031865551991], [-71.07359059071065, 42.2703016559552], [-71.07371059010586, 42.27029465590763], [-71.07400159067194, 42.270298655397475], [-71.07448759026688, 42.27032665603932], [-71.07456859016116, 42.2703246558426], [-71.0747795910516, 42.270317655936104], [-71.0748945906128, 42.270311656186635], [-71.07520559089143, 42.27026165604413], [-71.07538659066819, 42.270281655879714], [-71.07592259090269, 42.27034065549593], [-71.07654259189947, 42.27020565552535], [-71.07682159162619, 42.27006065601601], [-71.0769725913736, 42.26998165584057], [-71.07729459195392, 42.26993065521662], [-71.07748559205255, 42.26990065582223], [-71.07805759181589, 42.269809655420715], [-71.07816259136384, 42.26979265533061], [-71.07824759173255, 42.26977865534728], [-71.07827559243441, 42.269773655237195], [-71.07835859206082, 42.26976065526769], [-71.07838559210245, 42.26975665529862], [-71.07841759176178, 42.26975165543005], [-71.07846259201078, 42.26974465597574], [-71.07850859230321, 42.269737655672614], [-71.07853859184878, 42.26973265563208], [-71.07859159183477, 42.26972465553461], [-71.078748592203, 42.26969965562324], [-71.07880059208827, 42.26969165536226], [-71.07899359263197, 42.269660655158276], [-71.07928059268299, 42.26961465510727], [-71.07956859235595, 42.269568655298805], [-71.07976059273099, 42.26953865578854], [-71.07980059248366, 42.269514655932646], [-71.07992659296539, 42.26944065524432], [-71.0799595918722, 42.26942165523552], [-71.08031459211574, 42.26921165569245], [-71.08080959228256, 42.268982655617506], [-71.08083259290248, 42.26897865578095], [-71.08109159281264, 42.26892965542635], [-71.08232359367409, 42.26875365566554], [-71.08261359313846, 42.26862065529654], [-71.08283159311357, 42.2685406548045], [-71.08292159283164, 42.26851365559891], [-71.08296859280067, 42.26850465486177], [-71.083211593407, 42.26851665491778], [-71.0835525939057, 42.268574655412756], [-71.08369459312529, 42.26862465559702], [-71.08399159375605, 42.26872965512087], [-71.08417859429544, 42.26877165553215], [-71.08436159366784, 42.26881865496247], [-71.08464259418533, 42.268865654770536], [-71.0848155942031, 42.26889465529778], [-71.08534559463003, 42.268983654997164], [-71.08540559434842, 42.26899365524789], [-71.08551959460678, 42.269016655431], [-71.08555459361368, 42.26906165480462], [-71.08560559408697, 42.269127654830456], [-71.08565759470532, 42.26919365483969], [-71.08569159434329, 42.269237654824956], [-71.08594859396543, 42.26930065510612], [-71.08610059477869, 42.26931965480217], [-71.08669359454774, 42.26939065489513], [-71.08681059494594, 42.26940565546483], [-71.08734159441688, 42.269501654794], [-71.087751594996, 42.26957565504868], [-71.08810559472933, 42.26963965496685], [-71.08867259476138, 42.26974165533418], [-71.08915059535941, 42.269750655244536], [-71.08917259567224, 42.269746655562365], [-71.08940359527189, 42.269698655392865], [-71.08952359556626, 42.2696736552249], [-71.08970459506125, 42.26963665482624], [-71.08990959573289, 42.26951365530091], [-71.08996759569742, 42.26947865503456], [-71.09010659546648, 42.269354655129746], [-71.09023059558446, 42.26914965502796], [-71.09026259533138, 42.26880765472695], [-71.09020159519031, 42.26842565508573], [-71.09018059561214, 42.268384654934636], [-71.09007859614077, 42.26818465521514], [-71.09004359576355, 42.268118654875565], [-71.0899875957372, 42.26800965475375], [-71.08996259525858, 42.2679536546776], [-71.08995559523888, 42.267938654890905], [-71.08992659522742, 42.267872655229176], [-71.08988859567518, 42.267790654689165], [-71.089864595769, 42.26773665504112], [-71.08986659602006, 42.26771265461883], [-71.08988159525434, 42.267641655116975], [-71.08990259572751, 42.26757365435605], [-71.08998859601824, 42.267292654438144], [-71.09015959500437, 42.26684765461356], [-71.09023859525398, 42.26668065420012], [-71.09027859618192, 42.26661565435407], [-71.09035659613272, 42.26652565439377], [-71.09042459590351, 42.26647465419967], [-71.09046859610757, 42.266458654222255], [-71.0905595956406, 42.26643465422928], [-71.09065459632434, 42.26641965438517], [-71.0907035956653, 42.26642065461755], [-71.09084759542604, 42.26643765417478], [-71.09103059571919, 42.26648065465174], [-71.09112459629405, 42.26649665470837], [-71.09135659608779, 42.266547654578], [-71.091838595631, 42.26659865420977], [-71.09250659651333, 42.2666896544637], [-71.09255359676409, 42.26669865413615], [-71.09271059664033, 42.26674465492687], [-71.09286859675122, 42.26679065454632], [-71.09290959625888, 42.26680865476687], [-71.0931295967151, 42.26694865419102], [-71.09342159658978, 42.267073654231496], [-71.0935605971782, 42.267104654945705], [-71.09359559716417, 42.26710865463139], [-71.0936565962382, 42.26711565429319], [-71.09370259648948, 42.26711565499592], [-71.09373759668664, 42.26711565457882], [-71.09377259653091, 42.267116654389895], [-71.09382359732635, 42.267118654306685], [-71.09387559726453, 42.26711965479322], [-71.09390959710711, 42.26712065462727], [-71.09393459743045, 42.26711665474033], [-71.09404659738155, 42.26709065463919], [-71.09417659749056, 42.26706065495905], [-71.09433459723087, 42.2669786542285], [-71.09436559687164, 42.266951654612434], [-71.09443959667003, 42.266906654882334], [-71.09445459749925, 42.26689365431931], [-71.09450259679134, 42.26684965479722], [-71.0945295964926, 42.2668256543373], [-71.09462559652208, 42.26671465419301], [-71.09463259679312, 42.26670665447474], [-71.09467459752062, 42.266657654112024], [-71.09471059705194, 42.26661565404213], [-71.09477859691373, 42.26652165446016], [-71.09491159715554, 42.26629765395018], [-71.09495659684143, 42.266235654635885], [-71.09507659753916, 42.26604365447626], [-71.09525659715736, 42.26579465390651], [-71.09544959730052, 42.2655836539616], [-71.09568559695731, 42.26535965431503], [-71.09612859794973, 42.264985653991324], [-71.09639259774761, 42.26473165411136], [-71.09657159772249, 42.264519654131284], [-71.09669259720124, 42.264324654134576], [-71.09681459772771, 42.26409165378179], [-71.0968825980609, 42.26392065421332], [-71.09714959747285, 42.263410653713315], [-71.09717959830213, 42.263353653409034], [-71.09724659740145, 42.26325865398172], [-71.09739659777632, 42.26307665361772], [-71.09742559732838, 42.263047653775295], [-71.09757059830129, 42.26295265389553], [-71.09773659816985, 42.262880653705395], [-71.09782259844313, 42.26284865373782], [-71.09787159820691, 42.26283465361444], [-71.09794659832218, 42.262813653692106], [-71.09795959744086, 42.26280965322666], [-71.09827159798932, 42.26273365370794], [-71.09842059848206, 42.262697653941885], [-71.09855559839771, 42.26265765359186], [-71.09863759864773, 42.26261965379208], [-71.09872259872105, 42.26258565367579], [-71.09888059861284, 42.26250265364121], [-71.09898759769999, 42.26242965326115], [-71.09908959768771, 42.262353653511916], [-71.09915959840268, 42.2622916533825], [-71.09939559812673, 42.262053653489865], [-71.09943759872559, 42.2620116530497], [-71.09947159872742, 42.26197865386429], [-71.09961559881734, 42.26184265334231], [-71.09970759866921, 42.26176365346224], [-71.09976959862186, 42.26171165358463], [-71.09978859878377, 42.26169565293253], [-71.09984059857946, 42.26165165340048], [-71.09993259908539, 42.261572653341446], [-71.09999359880484, 42.26151565315458], [-71.10000859867321, 42.2615016534173], [-71.10004259881376, 42.26147065364345], [-71.10016659903698, 42.261355653543106], [-71.10023459801253, 42.26129265364564], [-71.10029859860444, 42.26123865366189], [-71.10040959863305, 42.26116965333786], [-71.10057059905023, 42.26108465283208], [-71.10058359837345, 42.26107765314865], [-71.1006475981946, 42.26104465352506], [-71.10073159829837, 42.260997653415394], [-71.1008155982775, 42.26095065324388], [-71.1010685983423, 42.26081065337526], [-71.10115259903546, 42.2607636529597], [-71.10119259917101, 42.2607416533458], [-71.1012955991983, 42.26068365313918], [-71.10131359857674, 42.26067365290568], [-71.10135259869561, 42.260651653365116], [-71.10142359839142, 42.260612652757], [-71.10145959873128, 42.26059065267082], [-71.10208359853412, 42.26022065329407], [-71.10221659954716, 42.26014165302801], [-71.1024085994129, 42.26003165317232], [-71.10269159969667, 42.259892653008706], [-71.10300459929167, 42.25979365297474], [-71.10314259923942, 42.25976065299833], [-71.10328559990704, 42.259738652978314], [-71.10338259918248, 42.25973065302336], [-71.10343059929227, 42.25973365297714], [-71.10360659945704, 42.259731652502815], [-71.10367259936781, 42.259731652548176], [-71.10373560009468, 42.2597416527182], [-71.10382759996102, 42.2597646525085], [-71.10387459926612, 42.25977265272934], [-71.10396459989653, 42.25979965277853], [-71.10404560034586, 42.25983965276364], [-71.10423059980154, 42.25995465293515], [-71.1043695992798, 42.26005365252117], [-71.10441959987656, 42.26010065334703], [-71.10455060026725, 42.260222653199136], [-71.10466159943037, 42.26033865281485], [-71.10480760039854, 42.2604816532476], [-71.10493860027462, 42.26058765329014], [-71.10498860000244, 42.26062365300975], [-71.10504760012279, 42.260666652939086], [-71.10507659973919, 42.26068765330134], [-71.10515660022139, 42.260731652714206], [-71.10523260031762, 42.26077365314131], [-71.10540760009584, 42.260834652619344], [-71.10551059990068, 42.26085765283636], [-71.10554759994966, 42.26086565312618], [-71.10559560068924, 42.26087065265444], [-71.10563460066808, 42.26087065335846], [-71.1056626004706, 42.26087065318561], [-71.1057435999921, 42.260871653370565], [-71.10577059988769, 42.260871653339464], [-71.10578960053533, 42.260871652849396], [-71.10588759983729, 42.260871653432794], [-71.10607960075593, 42.26085165292713], [-71.10633260083769, 42.26080665265842], [-71.10674160082985, 42.2607326525489], [-71.10702660049554, 42.260687653204535], [-71.10746160089988, 42.26066065268909], [-71.10760560095788, 42.260682653191864], [-71.1079936015263, 42.2608216533191], [-71.10812960085818, 42.2608696528096], [-71.10829160157812, 42.260947652622406], [-71.1085006016489, 42.26106965288002], [-71.1085746018768, 42.2611136528487], [-71.10859560100337, 42.26112565258916], [-71.10871560135564, 42.26118665308732], [-71.10881060138554, 42.26121865314992], [-71.10889160198036, 42.261246653106376], [-71.10912860135043, 42.261283653310336], [-71.10928460184495, 42.26128765310748], [-71.10951460157384, 42.26128365305155], [-71.10961060127434, 42.261275652536064], [-71.10984860185098, 42.26124265313479], [-71.1099866014368, 42.261208652804946], [-71.1100826013348, 42.261196652735094], [-71.1102246019333, 42.26117165256395], [-71.11044960241215, 42.26110365249494], [-71.11053760191925, 42.26107365298801], [-71.11057660140115, 42.26105265326559], [-71.1106866019483, 42.26097065273502], [-71.11080260181066, 42.26093065281967], [-71.11081860203097, 42.26092465248959], [-71.11093860224028, 42.260888652551905], [-71.11100460249477, 42.260868652575276], [-71.11117960215094, 42.260816652984566], [-71.11138860248856, 42.26072365300989], [-71.11157460230447, 42.26060965263292], [-71.11161260260319, 42.26058665319963], [-71.11171360229898, 42.26049865310917], [-71.11173760254184, 42.2604776526887], [-71.11182060250452, 42.26038965286028], [-71.11192060276268, 42.26026665249575], [-71.11201760211134, 42.260137653064234], [-71.11210960232275, 42.2600166529904], [-71.11235960270729, 42.25979765230074], [-71.11251260292454, 42.25957565255799], [-71.11264960242637, 42.25942765244543], [-71.11286960314389, 42.259238652079894], [-71.11293060298297, 42.25919165285068], [-71.11317460252826, 42.25900665273003], [-71.11327760325334, 42.25892065217323], [-71.11325460327848, 42.25890265230376], [-71.1132186029235, 42.25887565238841], [-71.1131836024747, 42.258848652228814], [-71.11315960267748, 42.25883065257294], [-71.11312660314533, 42.25880565241556], [-71.11307760259697, 42.25876865216165], [-71.11302860210031, 42.258731652786835], [-71.11299560267142, 42.258706652591314], [-71.11293860307404, 42.25864965201268], [-71.11289160303973, 42.25860165217188], [-71.1125776028327, 42.25828665257909], [-71.11249760238917, 42.25820565211344], [-71.11246860266665, 42.25818465271921], [-71.11243360286082, 42.25815865256802], [-71.11240160272949, 42.258131652387604], [-71.1123926019469, 42.25812465182858], [-71.11236460256494, 42.25809665229775], [-71.11139160163137, 42.25716065167759], [-71.11085860120309, 42.25666265216069], [-71.11043160118042, 42.25625865164651], [-71.1097326016621, 42.25559765177096], [-71.10954460097331, 42.25542065228429], [-71.10952760123044, 42.254763651825684], [-71.10950160108831, 42.2537906513962], [-71.10948860109167, 42.253335651078665], [-71.10946560169491, 42.25241865162808], [-71.10946260129865, 42.2521136513019], [-71.10942860055391, 42.25102265126287], [-71.10940760134007, 42.250242650907964], [-71.10937760131795, 42.24912965062746], [-71.10936560044061, 42.24855965056909], [-71.10935960106174, 42.24839765023359], [-71.1093496008025, 42.24804865027351], [-71.10934760061335, 42.247998650226805], [-71.10993160075665, 42.247693650521335], [-71.11028660100645, 42.24751165054678], [-71.1109376009381, 42.24718565017016], [-71.11177760183911, 42.24674265015874], [-71.11205760122012, 42.246593650263094], [-71.11216460198706, 42.246537649765976], [-71.11261460135296, 42.246304650396404], [-71.11298560192408, 42.246112649525166], [-71.1132686022512, 42.24595664969022], [-71.11344960183959, 42.24587164982268], [-71.11446060281351, 42.24534664932833], [-71.11456360185682, 42.24529264984868], [-71.11464960264445, 42.245249649912466], [-71.1150716027975, 42.245030649365106], [-71.11520260222053, 42.24496365000442], [-71.11539860225157, 42.24486064975353], [-71.11615560313642, 42.244468649126844], [-71.11640960235628, 42.24433664944918], [-71.11652960294559, 42.24428264919626], [-71.11942360425114, 42.24277364868379], [-71.1196446034014, 42.24265864911783], [-71.11993460348573, 42.24250964874807], [-71.12052260435085, 42.24220364870538], [-71.12138960444612, 42.241750648999314], [-71.12211760496447, 42.24137764859176], [-71.12254860483019, 42.24115264873477], [-71.12567060567659, 42.23953564857058], [-71.12580260550072, 42.2394636481659], [-71.12637760586699, 42.2391706482536], [-71.12629660585655, 42.239071648547686], [-71.12614160590242, 42.23892664776291], [-71.12607960526483, 42.238803648106], [-71.126025605569, 42.238707647750964], [-71.12595160536763, 42.23857364855548], [-71.12587460568342, 42.238416648327465], [-71.12576960528361, 42.238209648095705], [-71.12570460580281, 42.23798064769075], [-71.1256816054788, 42.237909648097876], [-71.12554060587375, 42.23778964779425], [-71.12547560521045, 42.237747647853595], [-71.12525560539342, 42.23767864763204], [-71.1252146054278, 42.23766564834428], [-71.12514460492973, 42.23763164824639], [-71.12512860496406, 42.23762264781573], [-71.12509860546942, 42.23760564832345], [-71.12505860491495, 42.23758264800245], [-71.12502260589113, 42.23755764764701], [-71.12493260542882, 42.23747364820294], [-71.12475060537582, 42.23722064791753], [-71.12465260475072, 42.23700364813433], [-71.12456760509184, 42.236816647690844], [-71.12435160452254, 42.23653964759384], [-71.12421360554444, 42.23639264793404], [-71.12387460517974, 42.23609064768091], [-71.12380560468544, 42.23604064791512], [-71.12305560436721, 42.23543564761633], [-71.12303560491667, 42.23541664751265], [-71.12293460492012, 42.23532364773664], [-71.12287960410734, 42.23526464797507], [-71.12285660496968, 42.23523364765234], [-71.12280760409236, 42.23513264739084], [-71.12268660471373, 42.234757647707184], [-71.12268960494839, 42.23471664753609], [-71.12269460437714, 42.234654647896605], [-71.1226986044177, 42.2345936470164], [-71.1227016046315, 42.234552647744025], [-71.12270460473879, 42.23453364755357], [-71.12270960429582, 42.23450764772048], [-71.12273360499424, 42.23446964708545], [-71.12275360434208, 42.23444564752455], [-71.12276960425591, 42.23443064782242], [-71.12281260441928, 42.23438864741227], [-71.12288060416319, 42.23433864704203], [-71.12289560407811, 42.234330647550735], [-71.12291960488605, 42.23431764759452], [-71.12295360386734, 42.23429064734033], [-71.12299660424064, 42.23427464782441], [-71.12327260457505, 42.23420464740752], [-71.12336660419467, 42.23419064726425], [-71.12360860496878, 42.23418664695847], [-71.12374960412689, 42.23420964761826], [-71.12384460499939, 42.234220647481976], [-71.1241846051173, 42.23422664722304], [-71.12427860525457, 42.234208647156834], [-71.12436660482162, 42.23418164768103], [-71.1244136048403, 42.23417264713279], [-71.12445860507442, 42.234157647556955], [-71.1246036047714, 42.234063646926856], [-71.12467360533961, 42.234013647539484], [-71.12474760456887, 42.23388164741359], [-71.12477560499107, 42.23381464692789], [-71.12478460515761, 42.23377964707557], [-71.12478160529916, 42.233637647521604], [-71.12477360457113, 42.233531647632006], [-71.124758605252, 42.233461647178906], [-71.12472060512945, 42.23319964694447], [-71.12470260486329, 42.23307464750471], [-71.12469860448945, 42.23296764692898], [-71.12470760455757, 42.23286164679078], [-71.12471660462634, 42.23282664693763], [-71.12478760520861, 42.23269464686042], [-71.12483460518465, 42.2326326466607], [-71.12487460520975, 42.23259664703947], [-71.12507360557046, 42.23249564680753], [-71.12520760536727, 42.23239364712129], [-71.12526560549955, 42.23233664697619], [-71.12544960487172, 42.232085646784554], [-71.1255076057276, 42.232020647258175], [-71.12560860566776, 42.231906647218516], [-71.1256706056612, 42.23185264714438], [-71.1257066051292, 42.23182864702819], [-71.12578360577388, 42.23178664653428], [-71.1258686055412, 42.23175264701558], [-71.12598960571343, 42.231694647232146], [-71.12603460534477, 42.23168164662642], [-71.1261426053798, 42.23160964680698], [-71.1262066050418, 42.231557647144456], [-71.12635760564356, 42.23137864658835], [-71.1263776049687, 42.231346647129506], [-71.12640560512907, 42.23131764653655], [-71.12647060597511, 42.2312646470385], [-71.12650660601776, 42.23124064667269], [-71.12654660565484, 42.23122064678578], [-71.12680960597322, 42.23113064649502], [-71.12685660545655, 42.23111964625838], [-71.127379605423, 42.23107564655109], [-71.12747360535249, 42.231060646411336], [-71.12756160608025, 42.231031646703215], [-71.12762960554299, 42.2309806468675], [-71.12772160616449, 42.23089864702012], [-71.12774160613128, 42.230874646586116], [-71.1281786061733, 42.23035564663873], [-71.12826160616298, 42.2302706461692], [-71.1282966062755, 42.23020664659706], [-71.12833260623206, 42.23018264655806], [-71.12838860631572, 42.23012564645321], [-71.12843860657567, 42.23006464662288], [-71.12850060598043, 42.23001064681402], [-71.12867660628461, 42.22988764601371], [-71.12875260660509, 42.22984464634741], [-71.1288436057204, 42.22978564619582], [-71.12886160628292, 42.229774646789096], [-71.12896660583834, 42.22969964647347], [-71.12899760636193, 42.22967264643279], [-71.12902760651902, 42.2296056459408], [-71.12907560624208, 42.22947064641596], [-71.12911860605215, 42.2293696462568], [-71.12913960639368, 42.22933764594498], [-71.12916560618936, 42.229270645991804], [-71.12918660626305, 42.229237646325075], [-71.12921060574097, 42.2291696459546], [-71.12928960666508, 42.22903964597679], [-71.12939560678409, 42.22888064588413], [-71.12947260596054, 42.22879164577521], [-71.1295056060434, 42.22876564599377], [-71.12971560657033, 42.228679646286885], [-71.12976060592456, 42.228667646267674], [-71.1299016065247, 42.2286436458993], [-71.12994960598235, 42.228640645985976], [-71.13004260646534, 42.22862264609225], [-71.13013260692767, 42.228596646195285], [-71.13017360700077, 42.22857764581236], [-71.13028960666423, 42.22849464625256], [-71.13031160669964, 42.22847864566976], [-71.13038760667423, 42.22838764573808], [-71.13062160665727, 42.22807864620453], [-71.13074360694056, 42.22797364568878], [-71.130757606279, 42.227955645795994], [-71.13076760703713, 42.22794364621453], [-71.13078360625693, 42.22790964612263], [-71.13079260636036, 42.22790264634823], [-71.13080860658627, 42.227888645765454], [-71.13074360682765, 42.22784264592979], [-71.13069260713024, 42.22780764609335], [-71.130201606074, 42.22739164553899], [-71.12916060616756, 42.22638364534814], [-71.12693260519204, 42.224271645152484], [-71.12372160339712, 42.221177644611714], [-71.12142960305356, 42.21898864485843], [-71.12012660242172, 42.21773664435057], [-71.11957060261605, 42.21720564414157], [-71.11942260201272, 42.21706564441617], [-71.117454601923, 42.21518064374321], [-71.11479960016186, 42.21266164351101], [-71.11400260038772, 42.211869643239915], [-71.11361660002683, 42.211474643690565], [-71.11174159910219, 42.209583642964766], [-71.11033059855686, 42.208158642989076], [-71.10972059808573, 42.20754264277251], [-71.10861059793554, 42.20643464254166], [-71.10857659833114, 42.20639764241946], [-71.1084525980725, 42.20626364216827], [-71.10760959824223, 42.205411642770905], [-71.10584659750685, 42.20363364236288], [-71.10564059720073, 42.203424641770084], [-71.1042675969616, 42.2020366416515], [-71.10381259686628, 42.20157664171773], [-71.1032645962869, 42.20099264182504], [-71.10311659568339, 42.20087564151073], [-71.1029305961673, 42.20068964155289], [-71.10266359632298, 42.200785641575656], [-71.10265459600143, 42.200785641912624], [-71.10242359562316, 42.200852641717155], [-71.10162559538941, 42.201222641353525], [-71.10086959481222, 42.201394641676096], [-71.10045759493592, 42.20144264208626], [-71.10031859455826, 42.2014406417554], [-71.1001345950438, 42.2014076422625], [-71.09967159534693, 42.20129464208419], [-71.09896459418009, 42.201307641942115], [-71.09879459457949, 42.201283641987], [-71.09873359412221, 42.20130764175411], [-71.09870259444779, 42.20132164218312], [-71.0981975940557, 42.20169964167228], [-71.0980745939432, 42.20175664200825], [-71.0975675941259, 42.20187364157608], [-71.09716759377797, 42.20190764174196], [-71.09679959381593, 42.2020586420269], [-71.09669159410915, 42.20206964239733], [-71.09647659373998, 42.20211464224074], [-71.0962145936433, 42.202136642427334], [-71.09552259319797, 42.202154641852694], [-71.09531259348415, 42.20221564227543], [-71.09489259317387, 42.202336642615016], [-71.09456959363965, 42.20237464193548], [-71.09343159267516, 42.20234064203645], [-71.09227759276769, 42.20242464245791], [-71.09173959202796, 42.20242564252958], [-71.08906159131887, 42.20228564205364], [-71.0884605907506, 42.20229664216239], [-71.08830759091045, 42.202366642053974], [-71.08825959171507, 42.20244564278585], [-71.0882165911472, 42.20249664266781], [-71.08821659162422, 42.20251764256827], [-71.08804959181633, 42.20295264256514], [-71.08803659099055, 42.202978642954946], [-71.08789759066863, 42.2032616427773], [-71.08779859104025, 42.20339364272375], [-71.08763759084242, 42.20361264245888], [-71.08737859066613, 42.20404964251558], [-71.08725559089501, 42.204151642628275], [-71.08713259157072, 42.20419864314597], [-71.08681159071335, 42.204222643230544], [-71.08679059146365, 42.20421864311553], [-71.08611659040636, 42.20402764301294], [-71.08559259042627, 42.20395164268758], [-71.08525458985872, 42.2039536425796], [-71.0843005897656, 42.20401164265809], [-71.08342458958926, 42.20422964333727], [-71.08270758920516, 42.20427764259847], [-71.08272758944146, 42.20429964257074], [-71.0830015895844, 42.204576642770434], [-71.08403158980165, 42.2055226429802], [-71.0844805905462, 42.205937643370426], [-71.08620559093116, 42.20752364386048], [-71.08756759173819, 42.208775643799534], [-71.08842759144844, 42.209568643337526], [-71.08900059205057, 42.2100966439869], [-71.08925459208288, 42.21033064357624], [-71.09076159288702, 42.211710644240355], [-71.09198859295512, 42.21284264389181], [-71.09199659318489, 42.21284964438249], [-71.09329959413361, 42.21398964436143], [-71.09309559391929, 42.21401764475322], [-71.08562659156799, 42.21689564570302], [-71.08318959049339, 42.21777564545583], [-71.08016358997294, 42.218867645732985], [-71.07462058822539, 42.220989646666254], [-71.07338858754008, 42.221473646182375], [-71.0705005859888, 42.22252864649158], [-71.0659505854518, 42.224265647629146], [-71.06524358552318, 42.22453364746976], [-71.06059058342028, 42.22626864811509], [-71.05302158171274, 42.229181648386685], [-71.05324658179602, 42.229536648842284], [-71.05463458207534, 42.23182364903133], [-71.0573305832545, 42.23623765013353], [-71.0579705835813, 42.23724865017191], [-71.05977858430765, 42.2402456507508], [-71.06057158493061, 42.24154565043004], [-71.06100458490387, 42.242256650541066], [-71.06109058415188, 42.242392651026215], [-71.05924958420195, 42.24338965140606], [-71.0589965843079, 42.243527651008684], [-71.05574058289803, 42.245316651406725], [-71.05245858161233, 42.247150652059275], [-71.05127158123251, 42.2477886520781], [-71.04896158061044, 42.249057652606574], [-71.04723658034881, 42.250007652587], [-71.0454835802825, 42.25097365301965], [-71.0442945797117, 42.25162565304944], [-71.04375057991474, 42.25191965356258], [-71.04290457968028, 42.25238865309691], [-71.04279257919401, 42.25245165298223], [-71.04218557864803, 42.25278965359609], [-71.04211657928121, 42.25287365388652], [-71.0417385787096, 42.25309265361763], [-71.04137457844475, 42.253269653587985], [-71.0406195784296, 42.25367565386868], [-71.03979157856082, 42.25411965405226], [-71.03939057779871, 42.254334653720925], [-71.03936457797998, 42.2543436542607], [-71.03918457865397, 42.25444465363354], [-71.03903357816019, 42.25452665374578], [-71.03889057824699, 42.25459865362273], [-71.03795657802216, 42.25511165404194], [-71.03725357749306, 42.255503654361085], [-71.036378577412, 42.255983654650116], [-71.03496957647917, 42.25676565416323], [-71.03389457603652, 42.257356654793895], [-71.03285057571154, 42.257933654625255], [-71.03207857554311, 42.258357654720164], [-71.03190057541511, 42.25859865459651], [-71.03151957534705, 42.25908965545144], [-71.0314905764176, 42.25911865498718], [-71.03138857569351, 42.25922065541947], [-71.03187257607584, 42.25956065498097], [-71.03194357628793, 42.25954365485174], [-71.0331195762115, 42.26043465524465], [-71.03358257652938, 42.26075965561463], [-71.03427957647828, 42.261248654996635], [-71.03442257745456, 42.26134965551358], [-71.03447757728644, 42.26138865576866], [-71.0349355776147, 42.2617096554264], [-71.03555257781473, 42.2621466558766], [-71.03597857794226, 42.26244065569546], [-71.03683357844902, 42.263041655868015], [-71.03698357852431, 42.26314665532605], [-71.03720457745219, 42.263300655613804], [-71.03731057812217, 42.263378655268205], [-71.0374685780323, 42.26348865602297], [-71.03805757821775, 42.26389965593757], [-71.03906757875632, 42.264607655743156], [-71.03931557858756, 42.2647816561988], [-71.04024957973006, 42.26543665616213], [-71.04145958001831, 42.266303656272996], [-71.04167257934151, 42.266435656399324], [-71.0416895799643, 42.26660965585138], [-71.04173057938284, 42.266748656122076], [-71.04174057962595, 42.26693865581951], [-71.04183057992468, 42.26737865647801], [-71.04185058030983, 42.26755865669394], [-71.04183758015544, 42.26764865641937], [-71.04176057969728, 42.268158656814656], [-71.04172057931854, 42.268298656358965], [-71.04163557955623, 42.26839865653478], [-71.04171357930947, 42.26895665682058], [-71.04176057980251, 42.26929065628064], [-71.04232558023321, 42.27331265739162], [-71.04257858048484, 42.275132657635965], [-71.04267058081558, 42.27596265815648], [-71.0426315801595, 42.276262658100926], [-71.04268558003169, 42.27655465819342], [-71.0426945803169, 42.27660065831258], [-71.04279458010213, 42.277006658300266], [-71.04391358057481, 42.27653565775524], [-71.04469458169979, 42.27620665743992], [-71.0473205815352, 42.27716565835069], [-71.04845958243733, 42.27758165760199]]]}, "properties": {"TOWNNAME": "Milton", "TOWNCODE": "189"}}, {"type": "Feature", "geometry": {"type": "Polygon", "coordinates": [[[-71.19486563558361, 42.367166670131084], [-71.19495663569093, 42.36729267019367], [-71.19498863528511, 42.367360670578826], [-71.1950086353694, 42.367429670861036], [-71.19502263578613, 42.367536670566636], [-71.19502263578055, 42.367571670855284], [-71.19504663633874, 42.36767767074635], [-71.19506163586165, 42.3677106707594], [-71.19511363580742, 42.3677716704091], [-71.19514563549318, 42.367797670758776], [-71.1952046360976, 42.367833670066624], [-71.19525763554746, 42.3678656705945], [-71.19530163586573, 42.36788167084479], [-71.1954446363472, 42.367901670320755], [-71.1954936354526, 42.36789967087918], [-71.19577563552977, 42.36784267025338], [-71.1958216365669, 42.36782967029255], [-71.19589963615415, 42.367787670386626], [-71.1960106357609, 42.36771767062997], [-71.1962136360292, 42.36756267052507], [-71.19623763611955, 42.36753267077146], [-71.19629163628926, 42.3674326704289], [-71.1963156362393, 42.36740167044398], [-71.19640263583193, 42.36731567013532], [-71.19643563686842, 42.36728967064479], [-71.1965106364679, 42.36724367055151], [-71.19659063688569, 42.36720267026611], [-71.1968056368575, 42.367118670042565], [-71.1970476358978, 42.36709967071866], [-71.19709663689629, 42.36709967012839], [-71.1971896370751, 42.367117670373574], [-71.19723463637443, 42.3671316702885], [-71.19735663688839, 42.36719066997751], [-71.19750763613591, 42.367281670723195], [-71.19760963705033, 42.36735667048207], [-71.19768263732324, 42.367402670551215], [-71.19776463679358, 42.3674406700013], [-71.1978946368566, 42.36748867067346], [-71.19808663630337, 42.3675106699385], [-71.19832863714059, 42.36748567024062], [-71.198376636409, 42.36748066990898], [-71.19864963753713, 42.36740166995065], [-71.19895563750033, 42.367291669859206], [-71.19907963770459, 42.36723467063999], [-71.19915063717754, 42.36718567032698], [-71.19937563751411, 42.36699767011303], [-71.19969263703706, 42.36677567013906], [-71.19988163712344, 42.36666367041986], [-71.20047863743704, 42.36635367025763], [-71.20077963715484, 42.366234670167685], [-71.20095763810295, 42.36617766984284], [-71.20109663786194, 42.36614467026643], [-71.20152063835356, 42.36606067030312], [-71.20185363827527, 42.36600767004044], [-71.20194663756801, 42.36598767001049], [-71.20231463793958, 42.36589367020245], [-71.20264363835226, 42.365823669868846], [-71.20302763848707, 42.36578166986087], [-71.2033196387227, 42.36576667026058], [-71.20351463848445, 42.36577566993948], [-71.20370563896378, 42.36580367025499], [-71.20404463892324, 42.365832669653926], [-71.20409363892311, 42.36583266968391], [-71.2042126390131, 42.365819669588554], [-71.20445663861061, 42.36581967020275], [-71.20449163926749, 42.36581666946057], [-71.20474763886949, 42.36579466947041], [-71.20484263920612, 42.36577666996488], [-71.20502363940614, 42.365723670106526], [-71.20510763936612, 42.36568666961401], [-71.2051856388073, 42.36564566992924], [-71.20532463874142, 42.36554466959934], [-71.20571363888695, 42.36517766958299], [-71.20584963982873, 42.36503066999486], [-71.2060936394049, 42.3648076698013], [-71.20632163991462, 42.364621669470615], [-71.20655463949615, 42.36449166912811], [-71.20683363919294, 42.36434866934887], [-71.20696463925573, 42.364300669690756], [-71.20723063946481, 42.36421266921921], [-71.207321639894, 42.36418766949032], [-71.20746663951226, 42.36416866968462], [-71.20770964002601, 42.364154669577076], [-71.20775763961494, 42.36415466910827], [-71.2079016404725, 42.36417366895719], [-71.2079486399521, 42.364184669125876], [-71.20799063951878, 42.364202669784966], [-71.20806364026916, 42.364249669805545], [-71.20812863999984, 42.36430266966706], [-71.20816563953898, 42.364326669661835], [-71.20836364037882, 42.364430669289106], [-71.2084516399228, 42.364460669237474], [-71.20863463975589, 42.36450866969117], [-71.20868164032682, 42.364517669132994], [-71.20892264074917, 42.36454466927469], [-71.20901964032379, 42.36454266940575], [-71.20906763987482, 42.3645366698055], [-71.20920764083696, 42.36450466948354], [-71.20929664016217, 42.36447466926691], [-71.20951263995525, 42.36439166965476], [-71.20971464105672, 42.364291669378915], [-71.20998564114262, 42.364211669675235], [-71.2100786400502, 42.364191669376325], [-71.21031864112021, 42.364158669233575], [-71.2104166404776, 42.36415266894905], [-71.21061064103002, 42.36416266961412], [-71.21073764110547, 42.36417366913601], [-71.21085264073079, 42.36418366964551], [-71.21090064140449, 42.36419166958082], [-71.2109696404815, 42.364208669275236], [-71.21129464065055, 42.36428866898205], [-71.21136264082581, 42.36430566953358], [-71.21149764119714, 42.364348669033674], [-71.21161364131726, 42.364398669049606], [-71.21174864076828, 42.36445766897484], [-71.21195464169706, 42.36455266972077], [-71.21216964162119, 42.36463666955397], [-71.21230364139339, 42.36467866898488], [-71.21239564109639, 42.36470566897012], [-71.21271164123024, 42.36479666970936], [-71.21289764132403, 42.364840669104076], [-71.21309664156239, 42.36487466967726], [-71.21323064117816, 42.36489766936071], [-71.21332664129571, 42.364904669793084], [-71.21336464194647, 42.36492766948734], [-71.21357364152543, 42.36502566912607], [-71.21369364176435, 42.365081669270715], [-71.21381164232095, 42.36514366919738], [-71.21391564184604, 42.36521966958125], [-71.21400264165219, 42.36530566935062], [-71.21401264163968, 42.36531366981709], [-71.21413064170908, 42.36541166900215], [-71.21436864234992, 42.36558966902185], [-71.21459364206073, 42.36565766949608], [-71.21477864164584, 42.36570066943663], [-71.21497364290639, 42.365706669754225], [-71.21506764173762, 42.36569066965931], [-71.21516064291643, 42.36566866933629], [-71.2152466422271, 42.36563466974685], [-71.21529264197329, 42.36562366963315], [-71.2153406424511, 42.36561966964609], [-71.2153896426209, 42.36562066957971], [-71.21548564220106, 42.365615669241855], [-71.21553464236995, 42.36561666911373], [-71.21562664300346, 42.365638669037395], [-71.21571664275213, 42.365666669724966], [-71.21592564219799, 42.365757669865054], [-71.21609764207959, 42.36582366929425], [-71.21623264328719, 42.36586466908294], [-71.21644564254073, 42.36592166907808], [-71.21666964320949, 42.36606466912387], [-71.21686364270911, 42.36629366905263], [-71.21706164303687, 42.36657766950884], [-71.2170936426175, 42.36662266959197], [-71.21719064297943, 42.3665426695938], [-71.21734064371726, 42.36651266909433], [-71.21740264269215, 42.36649366973602], [-71.21836764370195, 42.36620266978813], [-71.21944364391554, 42.36587966913707], [-71.22018064428407, 42.36565966915074], [-71.22058164362811, 42.36554066879715], [-71.2210626437986, 42.36539866891704], [-71.221314644336, 42.365336668750395], [-71.22184364415301, 42.36517366937846], [-71.2225476447965, 42.36497166919266], [-71.22273664494581, 42.36490066865104], [-71.22497364530012, 42.36425966918137], [-71.22624564544904, 42.36389566853831], [-71.22663864640221, 42.363783669145015], [-71.22733364571846, 42.36355866828512], [-71.22843364668533, 42.363258668775565], [-71.22870064623702, 42.3631826686511], [-71.22905964617968, 42.36307466806348], [-71.23023164763586, 42.36273666878648], [-71.23102764746379, 42.362473668175696], [-71.2315176470092, 42.36233566809357], [-71.23294564743595, 42.361917668596334], [-71.2336956486812, 42.36164266798123], [-71.23468064831204, 42.36138566760409], [-71.23547064931202, 42.361143668312174], [-71.23571364827568, 42.36107166778518], [-71.23626264906204, 42.36090966808875], [-71.23648764850923, 42.36084266803289], [-71.23658864931826, 42.360813668125225], [-71.237621649923, 42.360506667976004], [-71.23804264955439, 42.36037766735253], [-71.23820664959405, 42.36033366764584], [-71.23882964996287, 42.36014766773343], [-71.23889864939532, 42.36012766797193], [-71.23932565025642, 42.35999866727398], [-71.24022965030007, 42.359733667232646], [-71.24067764989354, 42.35960166778866], [-71.24101365001606, 42.3594976671167], [-71.241780651024, 42.359274667688574], [-71.24307665130583, 42.35888366769427], [-71.24336865131131, 42.35880366691028], [-71.24430465198532, 42.35851566711019], [-71.24490765220148, 42.35835066723068], [-71.2454806516147, 42.358193667034904], [-71.24615765183951, 42.35800066710237], [-71.24770065295506, 42.35757866713115], [-71.24900965276089, 42.357208666616266], [-71.24922765306458, 42.35716066644769], [-71.24945565342733, 42.35708366703324], [-71.2511326530582, 42.35653966615341], [-71.25137865341492, 42.35642966689315], [-71.25223065438556, 42.356054666091275], [-71.25255965419323, 42.35592766659045], [-71.2530686546409, 42.355712666593995], [-71.25327065371013, 42.3553396663218], [-71.25332865414387, 42.35524166618403], [-71.25339065392785, 42.355105666436906], [-71.25348365407785, 42.35494066656614], [-71.25351065435412, 42.35488166586258], [-71.25406265472772, 42.35474766655375], [-71.25410365421058, 42.35472866642201], [-71.25425865450752, 42.354640666453186], [-71.25444565502093, 42.354526666005754], [-71.25451465415769, 42.35447666573763], [-71.25471465452796, 42.354347665971936], [-71.2547956544596, 42.354295666393085], [-71.25517365511921, 42.354051665815106], [-71.25537265429038, 42.353947666336445], [-71.25545865455278, 42.3539146657012], [-71.25568365542522, 42.35384466615577], [-71.25577765498922, 42.35382466616269], [-71.25588465542005, 42.35380966595627], [-71.25596665484203, 42.353848665611835], [-71.25622565550098, 42.35394966584432], [-71.25646665520577, 42.354039665521036], [-71.25646065475736, 42.354824666462726], [-71.25758965516702, 42.354515666398775], [-71.25772165538437, 42.35446966551192], [-71.25817065526627, 42.354343666145226], [-71.25856565625722, 42.354227665452576], [-71.25915065669032, 42.35407666595149], [-71.25929465634866, 42.354025665709365], [-71.26038565674448, 42.35364166589291], [-71.26032265627717, 42.35348066568973], [-71.26029065589522, 42.35333566598336], [-71.26009965640476, 42.35302466543562], [-71.25993465657514, 42.35283066564317], [-71.25975565592097, 42.35262066532593], [-71.2596156559824, 42.352484665828406], [-71.25952265660514, 42.35234966563493], [-71.25938965648936, 42.352189665425364], [-71.25914565577777, 42.35173266582394], [-71.25900365631546, 42.35135166534962], [-71.25897165530003, 42.35095366564316], [-71.2589216554784, 42.35069066534214], [-71.25885565641387, 42.35044466482539], [-71.25880065606327, 42.350307664901244], [-71.25874265624982, 42.35009666521169], [-71.25868965516948, 42.34981366495146], [-71.25868365553158, 42.349527665415756], [-71.25868665577693, 42.3494926650641], [-71.25869765549054, 42.34945766529371], [-71.25872665550087, 42.34940866516096], [-71.25873665546689, 42.34939266468582], [-71.25876865528747, 42.34932466493701], [-71.25883065518802, 42.34922766512776], [-71.25886165595763, 42.34915966505627], [-71.25893265628913, 42.34902666459213], [-71.25901965550104, 42.34889866447842], [-71.25906565536181, 42.348811664671146], [-71.25928665594611, 42.34873966453518], [-71.25942165607233, 42.34876366504686], [-71.2595186558377, 42.3487726646237], [-71.25953765563445, 42.34876766456577], [-71.25970265639188, 42.34872566462171], [-71.25988265548972, 42.34866866461513], [-71.2599676561517, 42.348633664372365], [-71.26004665613036, 42.34859166443883], [-71.26029765562173, 42.34842166509228], [-71.26049065601678, 42.348259664967465], [-71.26051565579792, 42.34823066486163], [-71.26053465593827, 42.348052664200324], [-71.26055765681403, 42.347946664901414], [-71.26051265596138, 42.34788266449925], [-71.26040265641514, 42.34768366425401], [-71.26039365638411, 42.3476636645877], [-71.26037365618329, 42.34761566475813], [-71.26035065585415, 42.34750966414724], [-71.26032965648385, 42.347439664674745], [-71.26031365665804, 42.347333664238626], [-71.26028465668655, 42.34719166402781], [-71.26025165587595, 42.34708766457702], [-71.260216655649, 42.34702066444138], [-71.26009865614851, 42.34690766487234], [-71.25995865654987, 42.346807664378005], [-71.25992765583477, 42.346779664726114], [-71.25983265538679, 42.34661466473534], [-71.25979165636822, 42.34651166395241], [-71.25974565610566, 42.346299664234884], [-71.25974065609383, 42.34622866453572], [-71.25973965566874, 42.346013664541], [-71.25974665560554, 42.345906664114295], [-71.25982965568794, 42.34555366386943], [-71.25985365542807, 42.34552766425317], [-71.26001865647959, 42.345450664369416], [-71.26015965626712, 42.34535166434133], [-71.26031665544708, 42.34521466405432], [-71.26046865625638, 42.345094664021815], [-71.26054365616565, 42.34500266436816], [-71.26096565600731, 42.34470566423583], [-71.2610316567719, 42.34465166368597], [-71.26109065654776, 42.344594664106545], [-71.2611996560627, 42.34452366358365], [-71.26132365582464, 42.34441266382061], [-71.26134465636945, 42.344381663781895], [-71.26138365678592, 42.344277663668095], [-71.26138565662762, 42.34424166361738], [-71.26137165648866, 42.34403766416897], [-71.26136865655388, 42.34399066395952], [-71.26136565613966, 42.34395666386591], [-71.26137165619754, 42.34390966342818], [-71.26137365637219, 42.34388966414346], [-71.26140765595343, 42.34360266346511], [-71.2614426558169, 42.34349866401616], [-71.26145865630227, 42.3434656639467], [-71.2616036560785, 42.342978663663295], [-71.26169665623077, 42.342703663527416], [-71.26180465603797, 42.34243166351802], [-71.261826656706, 42.34236266350306], [-71.26185165572177, 42.34225666345962], [-71.26188265612893, 42.34219666331986], [-71.26188065573963, 42.34216066306293], [-71.26190965583606, 42.34198366307014], [-71.26188465626126, 42.341877662997994], [-71.26183665575974, 42.34177666317703], [-71.26179165666326, 42.34171366340352], [-71.26174465602195, 42.34165466303376], [-71.26167465635133, 42.34156666358908], [-71.26153365629683, 42.34141066323575], [-71.26147665628476, 42.341353663153185], [-71.26134465631273, 42.34124766328996], [-71.2611946556044, 42.34115666335754], [-71.26103165565642, 42.34107666290894], [-71.26089165578732, 42.34100866315504], [-71.26086965592908, 42.34099766362446], [-71.26069165564334, 42.340939663283024], [-71.26064565580602, 42.34092866326917], [-71.26059765537099, 42.340922662859434], [-71.26055065588653, 42.340926663087906], [-71.26045665622914, 42.34094766361214], [-71.26021965529134, 42.340990663297525], [-71.2599766560027, 42.34100666300677], [-71.25978065541675, 42.341023663393685], [-71.25963065561749, 42.34103666332559], [-71.2594436557956, 42.341052663731865], [-71.25931665525489, 42.34107766356582], [-71.25920765565607, 42.34109866317854], [-71.25888865511621, 42.34118866333557], [-71.25879565568256, 42.341209663699864], [-71.25874765574373, 42.34121466311093], [-71.25860065497862, 42.34121466336487], [-71.25841065536716, 42.341184663795], [-71.2583836552172, 42.341178663371885], [-71.25831665569252, 42.34116566377401], [-71.25817465490239, 42.341131662996666], [-71.25813065508315, 42.341121663699624], [-71.25803765487728, 42.341099663099264], [-71.25794665537887, 42.34107366306453], [-71.25755365482871, 42.340930663685874], [-71.25734465496714, 42.34083866370898], [-71.25721165470205, 42.34079366303381], [-71.25708265439198, 42.34074266304729], [-71.25704265436973, 42.34072266330436], [-71.25699465476228, 42.34069066293434], [-71.25682665489433, 42.340577663059236], [-71.25663765392237, 42.34041366319845], [-71.25656565457786, 42.34036566327797], [-71.25648265391021, 42.34032766289523], [-71.25630065441257, 42.34027766341102], [-71.25613265441685, 42.340204663115394], [-71.2560946541272, 42.340182663243766], [-71.25599465422225, 42.34009766302068], [-71.2558736544627, 42.33997466295991], [-71.25581865366668, 42.339838663279885], [-71.25579665439888, 42.339758663045224], [-71.25573965356264, 42.33954766343393], [-71.25575765456067, 42.33929366341791], [-71.25583065386893, 42.339004662733615], [-71.25615865443552, 42.3386176631589], [-71.25633865368357, 42.33850766336925], [-71.25672165456255, 42.338244662621804], [-71.25675365470669, 42.33821766321938], [-71.25692065411033, 42.33804166291964], [-71.256952654223, 42.33798966250657], [-71.25703365446606, 42.3379496629323], [-71.25714965494714, 42.337884662458904], [-71.25733965497601, 42.33776466292874], [-71.25744565496977, 42.33769766311803], [-71.2574906545711, 42.337663662396565], [-71.25751365429923, 42.33764666308355], [-71.25766865513219, 42.3375596630082], [-71.25785465530113, 42.33744366226723], [-71.25804765481108, 42.337283662745854], [-71.25822065422639, 42.3371106630136], [-71.25840265450219, 42.3370586624438], [-71.25848765512636, 42.33702266301898], [-71.25864965455672, 42.336943662759325], [-71.25867065549903, 42.3369316628103], [-71.25888165449358, 42.336812662701234], [-71.2589016545873, 42.33679866287479], [-71.25907165484203, 42.3362296626641], [-71.259050654652, 42.336173662232085], [-71.25903765462802, 42.33610366199936], [-71.25905465459672, 42.33599666253649], [-71.25914765457094, 42.33579366268053], [-71.25920165552932, 42.335693662105406], [-71.25928365489668, 42.33556466247189], [-71.25959265537443, 42.335201662473494], [-71.25964765458575, 42.33514266193209], [-71.25981165568129, 42.335010662508665], [-71.25988165584052, 42.334960661851845], [-71.2600756552756, 42.33485266243046], [-71.2602376558015, 42.33477266239619], [-71.26028065566805, 42.33475566191873], [-71.2603266555463, 42.334743662471716], [-71.26046865547528, 42.334717661939266], [-71.26056465535359, 42.33470466191092], [-71.26066165498209, 42.33470066225207], [-71.26085665520212, 42.33471066240784], [-71.26094065519695, 42.33467366246144], [-71.26112465616458, 42.3346266619285], [-71.2612206557667, 42.334613662252366], [-71.2612666552822, 42.33462066208494], [-71.26148465627688, 42.33470066213361], [-71.26189465607642, 42.334813661671504], [-71.26198765577732, 42.33483466167931], [-71.26208265608128, 42.33484866242019], [-71.26231565609507, 42.33490266193017], [-71.2626006557829, 42.33495066171089], [-71.26274365614842, 42.33497066239421], [-71.26303565616472, 42.33498866177844], [-71.26327865633601, 42.3349916624899], [-71.26352165593795, 42.33497566213291], [-71.26384965646824, 42.33490766247354], [-71.26406565689032, 42.334824661975716], [-71.26431165632155, 42.33470866224283], [-71.26438665636195, 42.33466266187019], [-71.26445565629803, 42.334612661784654], [-71.26451965719373, 42.33455866224674], [-71.2645996572178, 42.334468662351085], [-71.26469565722486, 42.33434466160169], [-71.26480265682977, 42.33418266145502], [-71.26474865699063, 42.33397466210066], [-71.26474465711351, 42.333902661565325], [-71.26476465666106, 42.33372466172839], [-71.26479665735094, 42.33358366212574], [-71.2648206562003, 42.33351466190553], [-71.26484765728901, 42.33340866151941], [-71.26488465668051, 42.33331766145076], [-71.26497865672081, 42.33329866133769], [-71.26502465714266, 42.333285661593756], [-71.26515665745767, 42.33323866174536], [-71.26519565712736, 42.333217662084806], [-71.26526765669148, 42.33316866154445], [-71.26535465726386, 42.33308266186756], [-71.26539365728901, 42.33301766150579], [-71.26543865743622, 42.33287866166407], [-71.26541765699757, 42.332849661976496], [-71.26535665699693, 42.332793661161844], [-71.26524465707692, 42.332676661652954], [-71.26522365700527, 42.33264466127172], [-71.26521065686188, 42.33261066148226], [-71.2651896570909, 42.33250566130265], [-71.26519165682237, 42.332469661098806], [-71.26517865693518, 42.33236366172951], [-71.26519265683015, 42.33229366147797], [-71.26520065666975, 42.33222266135385], [-71.26520665704004, 42.33207966116589], [-71.26522565718278, 42.33193866185297], [-71.26524565699307, 42.33186866123807], [-71.26527565711116, 42.33180066167019], [-71.26533565694278, 42.331703661158], [-71.2655726571746, 42.33143366144518], [-71.26566565713598, 42.33135166111393], [-71.26570165753665, 42.331326661486806], [-71.26590265708937, 42.33122566169179], [-71.26608865708923, 42.33118166153705], [-71.26618565729133, 42.331172661531895], [-71.26623465709466, 42.331171661031966], [-71.26637865759494, 42.33118266088541], [-71.26659765698207, 42.33110266144888], [-71.26682365739929, 42.33103666086186], [-71.26700765681481, 42.330987661268104], [-71.26713665770133, 42.330936661181624], [-71.26730165788364, 42.33086066081914], [-71.26756565808002, 42.33076866155967], [-71.26784565819796, 42.330704661439015], [-71.26800065765475, 42.33068266072908], [-71.26806465761159, 42.330628660984786], [-71.26818365759723, 42.33058766064516], [-71.2684776577823, 42.33067766069335], [-71.26874965824132, 42.33079066129226], [-71.26882065770816, 42.33080866129742], [-71.2691866575772, 42.33099066152261], [-71.26941265798693, 42.331082660796305], [-71.26960665827944, 42.331157661087566], [-71.2697676583337, 42.331189661157495], [-71.27000465853175, 42.33115566086355], [-71.27024665857176, 42.33098866071338], [-71.27029265877597, 42.33087266147746], [-71.27028865894556, 42.33069366103486], [-71.27027965794287, 42.33053066130417], [-71.27021865783992, 42.33042466107689], [-71.2701026587605, 42.33029366058654], [-71.26997165880782, 42.33020166102597], [-71.26980765766704, 42.32999166115985], [-71.26976365846234, 42.329772660903224], [-71.26977365817619, 42.32957766061357], [-71.26986565853386, 42.32945866114378], [-71.26999765774947, 42.32933966060971], [-71.2700946587309, 42.32923866050733], [-71.2701556581638, 42.32913666104737], [-71.27024965833644, 42.328938660504406], [-71.27028065858079, 42.32873966071771], [-71.27025565801944, 42.32856366029506], [-71.27017365848835, 42.32840366016839], [-71.27012565766161, 42.32833366043345], [-71.27007865804163, 42.32828266055588], [-71.27003165842575, 42.32822066094024], [-71.26995165855023, 42.32813066023163], [-71.2699196579796, 42.328104660689725], [-71.26985265767738, 42.32805266097566], [-71.26981765795597, 42.328028660341445], [-71.26974665762532, 42.32797866019683], [-71.26953365842452, 42.32789166075539], [-71.26903265772584, 42.32775466039219], [-71.26870465817086, 42.32768766045704], [-71.2686636579361, 42.32768166035861], [-71.26841965736457, 42.32764666011011], [-71.26822865759547, 42.32762366082548], [-71.26767565678578, 42.32757966017359], [-71.26745765699744, 42.32756366059249], [-71.26687265656464, 42.327559660461596], [-71.26677465650968, 42.32756166017312], [-71.26643965730376, 42.32751866015271], [-71.26616365666432, 42.32744966092556], [-71.2661196568927, 42.327434660837824], [-71.26591065638873, 42.32734366011342], [-71.26567465611855, 42.32721766018148], [-71.26519765593095, 42.326898660881184], [-71.26517465600331, 42.32688266078837], [-71.26479865622044, 42.326656660612656], [-71.26463565608282, 42.32657966021566], [-71.26426465588114, 42.32641466035089], [-71.26412465638835, 42.326340660236404], [-71.26406565574995, 42.32631466035877], [-71.26388965618195, 42.32623766012118], [-71.26383065649085, 42.326216660326295], [-71.26375365630962, 42.32619066021632], [-71.26367165591668, 42.32616966078038], [-71.26362465537991, 42.32616166050666], [-71.2635146557603, 42.3261526600424], [-71.26347965623042, 42.3261496602934], [-71.26343465641872, 42.32615366040339], [-71.2633546553688, 42.32615966000746], [-71.26327965531739, 42.32616565995174], [-71.2632386552606, 42.32617266078107], [-71.2631966555783, 42.326190660162126], [-71.26316165561045, 42.32621566018929], [-71.26313565550991, 42.32624066074552], [-71.26307765520352, 42.326295660479275], [-71.26303765517753, 42.32633366023184], [-71.26301265612321, 42.32635666058183], [-71.26295765556102, 42.326415660118386], [-71.26285865525189, 42.32649466060247], [-71.26277865534445, 42.326541660746926], [-71.26270065619127, 42.32657566029877], [-71.26247665523042, 42.326647660074045], [-71.26238365576903, 42.32666466067717], [-71.2623376558577, 42.326678660495716], [-71.2621996559595, 42.326710660336666], [-71.26177665502708, 42.326780660587616], [-71.26164365532425, 42.32678666078999], [-71.26143665581701, 42.32679666031532], [-71.26125465466737, 42.32679466012977], [-71.2610966553507, 42.32679366024712], [-71.26100065532478, 42.326798660752814], [-71.26082865468123, 42.32679966064003], [-71.26036665485705, 42.32680366083283], [-71.2601326550635, 42.32685466027766], [-71.260084655046, 42.32686066045981], [-71.26006565534512, 42.326860660415896], [-71.259842654221, 42.32686666060022], [-71.2596056544227, 42.326826660544924], [-71.25956265498566, 42.326812660253765], [-71.259472654987, 42.32678366093347], [-71.25943265470389, 42.32676266082362], [-71.25932365473, 42.32669166097213], [-71.25929365400647, 42.32666466061964], [-71.25926265495873, 42.32663666064857], [-71.25921565402581, 42.32658066058637], [-71.25918565472034, 42.32654566024344], [-71.25911865501406, 42.326450660952986], [-71.25905565464309, 42.32633966017148], [-71.25900665501926, 42.32625266069232], [-71.25887265454239, 42.32606266094448], [-71.25881165445261, 42.32596566010268], [-71.25872265383302, 42.32579966084549], [-71.2586916538774, 42.32573166088254], [-71.25865765416175, 42.325576660607], [-71.25865265440534, 42.325555660776445], [-71.25861165424098, 42.325290660196], [-71.25859765430364, 42.325202659969804], [-71.25856465455638, 42.32509766019213], [-71.25853265402615, 42.32503066009495], [-71.25845065408423, 42.324901660065564], [-71.25832965359581, 42.32478966006486], [-71.25818765463231, 42.32469366071041], [-71.25801965379816, 42.32462066014234], [-71.25797565427, 42.32460566052176], [-71.25769965421503, 42.32453366002755], [-71.25762665329292, 42.32452266033895], [-71.25750965395318, 42.32450465987459], [-71.25744365367404, 42.32450466016482], [-71.2571526535326, 42.32452965985276], [-71.25691165376254, 42.32455966032891], [-71.25681465365278, 42.32456366040011], [-71.25638165310076, 42.32461666001065], [-71.25633665345399, 42.32462866001151], [-71.25628965336085, 42.324691660728476], [-71.25625865369705, 42.324717660165945], [-71.2560746534153, 42.32476566038183], [-71.25590565324242, 42.32483566011029], [-71.25577465331266, 42.32488366074757], [-71.25565465328928, 42.324943660263344], [-71.25556465378236, 42.32497066034088], [-71.25504765348872, 42.325162660049564], [-71.25487065259328, 42.32521566085478], [-71.254697653222, 42.32528166019655], [-71.25465965343538, 42.32530266026294], [-71.25455365306362, 42.32537466055021], [-71.25449965243715, 42.32543366090286], [-71.25445365350423, 42.3254956609801], [-71.25442465284026, 42.32552366013171], [-71.25441065239632, 42.325557660241074], [-71.25438365342274, 42.3256616606469], [-71.25436765313525, 42.32576766068216], [-71.25435265289576, 42.325801660446984], [-71.25429965288566, 42.325859660818324], [-71.25423265241994, 42.3259106602948], [-71.25414665234007, 42.32599666103945], [-71.25412165261977, 42.32601466105888], [-71.25407765241924, 42.32604666042867], [-71.25405165241516, 42.326076660943464], [-71.25403865238685, 42.32609666095261], [-71.25397465276035, 42.326207661044656], [-71.25390465332869, 42.326411660689395], [-71.2538216529071, 42.326578661183476], [-71.25376665256286, 42.326635660398246], [-71.25370365263223, 42.32668966068986], [-71.25366465315479, 42.32671066098237], [-71.25357565288876, 42.3267406605027], [-71.25352765232576, 42.32674666064777], [-71.25333365247603, 42.3267536610905], [-71.25317465248997, 42.32673366108165], [-71.2531406531056, 42.32672966101168], [-71.25291065234794, 42.32667166089841], [-71.2526546524859, 42.326570660606954], [-71.25242465191987, 42.32645766087433], [-71.25241265202635, 42.326451660711875], [-71.25218665269216, 42.32631566043451], [-71.25207865160398, 42.3262446603421], [-71.25204665230738, 42.32621766098038], [-71.25197565167456, 42.32616966105107], [-71.25191065234668, 42.32611566100034], [-71.25182865173706, 42.32602766080852], [-71.25178065251988, 42.325965660504714], [-71.25174765172964, 42.32589866085812], [-71.25166365152069, 42.32562066103972], [-71.25164465185723, 42.32558766041024], [-71.2515216516197, 42.325433660335534], [-71.25138365139756, 42.325288660280705], [-71.25132065167034, 42.32523466060691], [-71.2512506514699, 42.32518566035879], [-71.25105365169534, 42.325082660333344], [-71.25085165195924, 42.32498266059627], [-71.25073565162164, 42.324917660307825], [-71.25069965175271, 42.32489266043038], [-71.25059365202326, 42.32482066033081], [-71.25047465126944, 42.324665660356125], [-71.25041165112563, 42.324569660780135], [-71.25036465170477, 42.324467660379206], [-71.25030465158638, 42.324222660374616], [-71.25022365109133, 42.32404166037636], [-71.25021765179818, 42.32403365997255], [-71.25015165145163, 42.323948660656946], [-71.25006665188413, 42.323861660061254], [-71.2500336510207, 42.323835659965226], [-71.24999465175831, 42.323814660524654], [-71.2498196508518, 42.32375166013047], [-71.2497286517385, 42.32372566063594], [-71.24970265072218, 42.32372066053065], [-71.24949965141518, 42.323682660031906], [-71.24943165108171, 42.3236646599769], [-71.24935565157297, 42.32364466000155], [-71.24926665158888, 42.32361666045485], [-71.24923565120199, 42.32360366016948], [-71.24917165143165, 42.323576660391375], [-71.24915765061118, 42.323570660018575], [-71.24912065107465, 42.32355366012799], [-71.24897865094852, 42.32348266027556], [-71.24892565087971, 42.32344265989258], [-71.24891065085544, 42.32343166070007], [-71.24885365080252, 42.323373660159845], [-71.24878065062143, 42.32328066007707], [-71.24871365055566, 42.32318566001576], [-71.24863765104075, 42.323054660159976], [-71.24849765021759, 42.32273066018334], [-71.24843165015757, 42.322579660513746], [-71.24836865121227, 42.32248465998861], [-71.2482626509215, 42.3223226602246], [-71.2481696511327, 42.32219766013978], [-71.24802065014592, 42.32204165998113], [-71.24800965077915, 42.32202966021224], [-71.24750065046555, 42.321494659582264], [-71.24725865066978, 42.321318660291986], [-71.24703864998831, 42.32117765995923], [-71.24687465028495, 42.32110166014114], [-71.2466916497391, 42.321024660304744], [-71.24666265042116, 42.32101166012316], [-71.24657465047407, 42.320982659547305], [-71.24652665033715, 42.32097765972608], [-71.24623365001175, 42.320974659841475], [-71.24613565026752, 42.32096865996793], [-71.2460436496965, 42.32100466009351], [-71.2460296492781, 42.32100965997952], [-71.24598464984469, 42.321022659759315], [-71.24584364932892, 42.321053660148046], [-71.24575864962387, 42.32107666003259], [-71.24566365029052, 42.321101659778996], [-71.24561464973529, 42.32111465956313], [-71.24552065016351, 42.32113265984841], [-71.24537664961892, 42.32115265958062], [-71.24510164951344, 42.32116165974073], [-71.24493764930116, 42.32116766007262], [-71.24459664964039, 42.32115865979315], [-71.24445064965727, 42.321147659636594], [-71.24421264887832, 42.321106660390285], [-71.244074649406, 42.32107265984289], [-71.24380364872883, 42.320990659975934], [-71.24343264851632, 42.320897659816474], [-71.24320264944558, 42.32084066017217], [-71.24291864863991, 42.32078966036623], [-71.24287764916349, 42.32078665981794], [-71.2428566492125, 42.32078466010862], [-71.24277264900417, 42.320777659653736], [-71.24240164927133, 42.320788660384004], [-71.2423336490678, 42.32079065965585], [-71.24179964891992, 42.320827659715476], [-71.24165464835036, 42.32084465997569], [-71.24137064856458, 42.320894659905356], [-71.24117664824423, 42.32087465990312], [-71.2410796483327, 42.320877659970655], [-71.24097964845834, 42.32088565970977], [-71.24088564803463, 42.320892660060565], [-71.24078964755796, 42.32090666008209], [-71.24060764835941, 42.32095966010937], [-71.24051464826181, 42.3209806601271], [-71.24045864796967, 42.32100965987651], [-71.24038664834673, 42.321070660289294], [-71.24013864802654, 42.32127966041122], [-71.24001264850756, 42.321359660651936], [-71.23995464825366, 42.3213966601108], [-71.2398766478496, 42.321438660405214], [-71.23969164743934, 42.3215326604058], [-71.23930764749895, 42.321687660037036], [-71.23907764808693, 42.321743660165176], [-71.23893564774968, 42.32176966040837], [-71.23864564771698, 42.32179666007499], [-71.23859664717929, 42.32179566005902], [-71.23835564741648, 42.32176966050705], [-71.23798164684243, 42.321688660205965], [-71.23770864671137, 42.32160766053757], [-71.2375016476915, 42.32154666056883], [-71.2373936476578, 42.3215146606314], [-71.23685364686033, 42.32134966010171], [-71.23654664664258, 42.32123966068918], [-71.23622264644723, 42.32116166007122], [-71.2359096462928, 42.3210616600086], [-71.2352536461777, 42.32092266031694], [-71.23494264662135, 42.32087166052494], [-71.23491964574241, 42.32086865992967], [-71.23453464653426, 42.32081866052161], [-71.23443764551222, 42.320816660170166], [-71.23419364600396, 42.32082565993995], [-71.23396164641068, 42.32083766062723], [-71.23365864612406, 42.32085366018473], [-71.23336564597209, 42.32086066033162], [-71.23278364527695, 42.320901660193485], [-71.23256164495679, 42.320905660614415], [-71.23244164503414, 42.32090765997094], [-71.23229564587137, 42.320897660797634], [-71.23180864557895, 42.32089666052877], [-71.2316666449593, 42.32086866047411], [-71.23152464451034, 42.32085066067145], [-71.23137864560493, 42.320832660351265], [-71.23119064456174, 42.320791660029634], [-71.23110164443354, 42.320763660777594], [-71.23106064555762, 42.32074466055126], [-71.23078564470552, 42.32054266045855], [-71.2305896448209, 42.320382660700005], [-71.23041064461474, 42.32020665999467], [-71.2302106445767, 42.320009659945136], [-71.22936064432872, 42.31932165978378], [-71.22932464392339, 42.31929666035668], [-71.22922364464173, 42.31930966033404], [-71.22912664365467, 42.319307659995445], [-71.22898464398946, 42.319283660202764], [-71.22893964383819, 42.31926965989421], [-71.22873564354133, 42.31917165998763], [-71.22865764367693, 42.31912865983135], [-71.22852764458818, 42.31902266048983], [-71.2285016439916, 42.31899265989691], [-71.22843564433084, 42.318873660157415], [-71.22842764448222, 42.318859659735566], [-71.22840564419026, 42.318789660538016], [-71.22839764387577, 42.31871865998509], [-71.22839764441237, 42.31870666000682], [-71.22839864343963, 42.318651659985065], [-71.22800664355826, 42.31840266046402], [-71.22796564325068, 42.318376660251715], [-71.22786164389325, 42.318310660385606], [-71.22753264318068, 42.31810165976277], [-71.22748464367787, 42.31802466019194], [-71.22735664361903, 42.317821659648665], [-71.2273566429806, 42.31776265995899], [-71.22741864340904, 42.31775265983721], [-71.22755764362952, 42.31784465977292], [-71.22763464404255, 42.3178656597078], [-71.22775764430384, 42.317854659673394], [-71.22780364350302, 42.317821659512255], [-71.22783464402313, 42.31773165968699], [-71.22785064313548, 42.317487660114196], [-71.22794264345707, 42.31747666029707], [-71.22798864365764, 42.31751165996545], [-71.22809664405254, 42.31752365982118], [-71.22814364362716, 42.317490660088765], [-71.22817464331781, 42.31734165957322], [-71.2281596436242, 42.3172026596261], [-71.22810564404276, 42.3170296597422], [-71.22812764369758, 42.31700665982394], [-71.22816064342844, 42.31697266005105], [-71.22819364434069, 42.31693865937107], [-71.22821564327687, 42.31691665965778], [-71.22821164331954, 42.31690066012299], [-71.22819964393136, 42.316855659489086], [-71.22819564388811, 42.31684165950057], [-71.22819064390798, 42.316822659629345], [-71.22817564389098, 42.31676765956096], [-71.22817064326688, 42.316749659910805], [-71.22814364365321, 42.316668659847785], [-71.22810964393004, 42.31649265976452], [-71.22810864371407, 42.3164566592428], [-71.22809864367204, 42.316422659484154], [-71.2280896439843, 42.31640965958991], [-71.22803364402992, 42.31632665975424], [-71.22790264368537, 42.31622065995862], [-71.2278636430864, 42.3161996592464], [-71.22781964382696, 42.31618365950631], [-71.22777264381253, 42.31617266006324], [-71.22773764340339, 42.316150659556065], [-71.22771764370498, 42.31611765970377], [-71.22769164316729, 42.31604965939841], [-71.22766364383087, 42.31594465956696], [-71.22767064330873, 42.31590965931043], [-71.22767364414622, 42.315838659520324], [-71.22766864368667, 42.3157676596759], [-71.22768964310316, 42.315697659540845], [-71.22773264410182, 42.31559565934112], [-71.22773364376322, 42.31557165993325], [-71.22773464331591, 42.31556065983656], [-71.2276896430461, 42.31548165976087], [-71.22756764313652, 42.31526465960883], [-71.22749964375974, 42.31516965986451], [-71.22749264303584, 42.31515365948517], [-71.2274676434899, 42.31510265899609], [-71.2273256432413, 42.314916659500796], [-71.22724464367919, 42.314844659117476], [-71.22714564392291, 42.314756659168886], [-71.22708564293282, 42.31471265898349], [-71.22704464322786, 42.31468265932083], [-71.22694464297807, 42.31460765973439], [-71.2269076426322, 42.314579659169], [-71.22687864357844, 42.31455865937047], [-71.22684664337481, 42.31453965918209], [-71.22657564327413, 42.314380659710075], [-71.22639564273496, 42.31424165928549], [-71.2263766424895, 42.31422665929992], [-71.22635464315205, 42.314194659158936], [-71.22632064241138, 42.31412865971658], [-71.22633064311661, 42.31405865971951], [-71.22634564351209, 42.31402465899871], [-71.22636164254408, 42.31395465887562], [-71.22638764270027, 42.31388665960167], [-71.22640764291837, 42.313854659520274], [-71.22643364253804, 42.313824658860234], [-71.22644964355301, 42.31379065960601], [-71.22645964324633, 42.313755659345276], [-71.22646964320857, 42.31368465910494], [-71.22649664303289, 42.313327659409744], [-71.2265036428666, 42.31329265920509], [-71.2265436426423, 42.31318965923356], [-71.22656664352841, 42.3131576590581], [-71.22662764272144, 42.31310265947824], [-71.22693964321856, 42.31287465857982], [-71.22697264318924, 42.312850658668424], [-71.22706264331924, 42.3127666591152], [-71.22710964306772, 42.312703659341935], [-71.22711964343743, 42.31266865901868], [-71.22712464375164, 42.31259765853951], [-71.22712364320526, 42.31245465914074], [-71.22711864328485, 42.312407659213314], [-71.22710664358374, 42.31228065889413], [-71.22707064328985, 42.31190365880462], [-71.22706864319137, 42.31188365856044], [-71.22705164289347, 42.311779658719416], [-71.22702564287337, 42.31162265888756], [-71.22701564267355, 42.31156565922525], [-71.22698364363217, 42.311424658628596], [-71.22693264280767, 42.31128665855873], [-71.22683964360616, 42.31108365835177], [-71.22676164300078, 42.31095265860996], [-71.22645964319271, 42.31053565835664], [-71.22642764264623, 42.31047765825111], [-71.22641864339019, 42.310442658655994], [-71.2264116431259, 42.31026365839879], [-71.226419642441, 42.31019265875092], [-71.22642964279554, 42.31015765846941], [-71.22647964301578, 42.310057658631344], [-71.22651964281424, 42.30999265816085], [-71.22654564321682, 42.30996265835736], [-71.22692664347758, 42.30959065856127], [-71.22712164306739, 42.30938665805825], [-71.2271556427647, 42.30931965796625], [-71.22721964357387, 42.30914665837337], [-71.22721964311198, 42.30893365806912], [-71.2272096429808, 42.308898657949946], [-71.22716464290158, 42.3087966586622], [-71.22711264310033, 42.30869665848846], [-71.22707064346454, 42.30863165842346], [-71.22698564273614, 42.30854465836148], [-71.22689464236764, 42.30846065815713], [-71.22678764257296, 42.308387658334105], [-71.22667364289454, 42.30832065841936], [-71.22654764259254, 42.30826665797522], [-71.2262826431889, 42.308175658353264], [-71.22619064250033, 42.30815165793546], [-71.2260496430805, 42.30812565813082], [-71.22571564216722, 42.30807765813446], [-71.22562164243378, 42.30805965834402], [-71.22539064217197, 42.308002658176164], [-71.22534564182304, 42.30798765798075], [-71.22527664207979, 42.307956658003384], [-71.2251806426324, 42.307912658004355], [-71.22506264254396, 42.307849657717924], [-71.22468364181822, 42.30762365809574], [-71.2245596419383, 42.30756665777123], [-71.22413564134573, 42.30739165810212], [-71.2240186421505, 42.30735465780614], [-71.22400164223416, 42.307349658161236], [-71.22396064203502, 42.30733065802069], [-71.22379364159532, 42.307273657994934], [-71.2236956415139, 42.307241658247925], [-71.22360164165131, 42.30722465792355], [-71.22355364158874, 42.307219658368], [-71.22329864151779, 42.307219657730336], [-71.22306764207703, 42.30721965765073], [-71.22297064111193, 42.30721665814261], [-71.22263264164802, 42.30718265798848], [-71.2224956410539, 42.30714365782208], [-71.22245764081732, 42.307129658315375], [-71.22236564084605, 42.307095657966116], [-71.22211764145952, 42.30698165845482], [-71.22148364143982, 42.30665165776627], [-71.22133064053519, 42.30656265832879], [-71.22122564117979, 42.30652865794475], [-71.22115164141542, 42.306504658430086], [-71.22102564061466, 42.30648265822798], [-71.22083264052895, 42.30646565832191], [-71.22049264041001, 42.306490657641696], [-71.22032964033016, 42.30652265811605], [-71.22011864076958, 42.3065636578341], [-71.21984664025956, 42.30662965816425], [-71.21968664069492, 42.306668658523286], [-71.21952764034641, 42.3067076583977], [-71.21924264020332, 42.30677665775841], [-71.21914763991116, 42.30679065835287], [-71.21904763973299, 42.30680965767879], [-71.21895964012324, 42.306826657906676], [-71.2188866405176, 42.306835657841994], [-71.21881563971793, 42.30684465812052], [-71.21862164059667, 42.30685965839779], [-71.21849963966166, 42.30686065782032], [-71.21842664035209, 42.30686165835546], [-71.21828163955995, 42.3068506578915], [-71.21785164003575, 42.30679165820072], [-71.2175156400183, 42.306749657783165], [-71.21734663942865, 42.306723658564344], [-71.21727763934008, 42.30671265828825], [-71.2172316399197, 42.30670065852702], [-71.21697663978418, 42.306615657928134], [-71.21692063925123, 42.30659765815952], [-71.2167356391504, 42.30655265843824], [-71.21635463872934, 42.30649465799756], [-71.21618063866237, 42.306478657786435], [-71.21601563978504, 42.30646365817618], [-71.21586963871478, 42.30645665849983], [-71.21538263871788, 42.306471658598895], [-71.21513963948827, 42.30646865808889], [-71.2141676387907, 42.30641965782544], [-71.21392563894409, 42.306397658331726], [-71.21375963786429, 42.306375658601816], [-71.21368563842466, 42.306365658343395], [-71.2132686382217, 42.30626765782911], [-71.21322463772128, 42.306252658067315], [-71.21318363870046, 42.30623265834545], [-71.21301863807217, 42.306097657843225], [-71.21295663827495, 42.30604665798397], [-71.21280963794221, 42.30589765845063], [-71.21276163822233, 42.305841658127626], [-71.21247363781734, 42.30538765779783], [-71.21231963810484, 42.30518265800531], [-71.2121456376942, 42.30495165781347], [-71.21209763805328, 42.30488765808493], [-71.21205763811813, 42.30482265834814], [-71.21203963770662, 42.304788657742876], [-71.21199863760643, 42.304712658383124], [-71.21189563719467, 42.30452365798601], [-71.21183263708926, 42.30438865752955], [-71.21161063807979, 42.30396565815359], [-71.21158763713187, 42.303921657953985], [-71.21150163804941, 42.303707658147715], [-71.21145463804127, 42.30358965737558], [-71.21139463800353, 42.303442657854184], [-71.21130663802656, 42.30324165760684], [-71.21129063751695, 42.3032046576127], [-71.21126263800238, 42.303123657978254], [-71.21121863761483, 42.30299965786505], [-71.21118163779043, 42.30289265758548], [-71.21108263674682, 42.3027296579346], [-71.21110963750276, 42.30265865746166], [-71.21111563757981, 42.3026346571863], [-71.21117563752553, 42.30241365782828], [-71.21119963695314, 42.30234465744322], [-71.21129663777975, 42.30214165786585], [-71.21142263771159, 42.30179665731082], [-71.21146463800103, 42.30165765733136], [-71.21153563738352, 42.30137665730477], [-71.21157663756144, 42.3012736575566], [-71.21164563721295, 42.30111865770394], [-71.21168163698427, 42.30103665734866], [-71.211759637359, 42.30079265703719], [-71.21176363754994, 42.30060365733617], [-71.21176663725922, 42.300471657299774], [-71.21170863737201, 42.30022465718051], [-71.21166363678422, 42.3000856566348], [-71.21160363677976, 42.29994965691574], [-71.21152963704952, 42.29981765713655], [-71.21146663690224, 42.29972165712326], [-71.21136863725175, 42.29961765736354], [-71.21132763760701, 42.29957465709594], [-71.21100763771088, 42.299305656519145], [-71.21093763755088, 42.29925565719076], [-71.2102526373965, 42.29879965717377], [-71.21013463687557, 42.298738657120914], [-71.20964763616742, 42.29844165699947], [-71.20905063681724, 42.29802065676852], [-71.2086706360655, 42.29778465638703], [-71.20849363565691, 42.29767365654008], [-71.20814263665835, 42.297480656765224], [-71.20802963550686, 42.29741365684753], [-71.20799463557505, 42.297387656488276], [-71.2077726364215, 42.29719865655298], [-71.20776363608513, 42.29718965681131], [-71.20765763610444, 42.29708365640818], [-71.20744163583743, 42.29688965643209], [-71.20730563627444, 42.29674165702331], [-71.2072376362017, 42.29664665650274], [-71.207218635607, 42.29661365635407], [-71.20720563516934, 42.29657965685947], [-71.20713463544716, 42.29629765625544], [-71.20711963535649, 42.296252656336385], [-71.2070526354642, 42.29605565650483], [-71.20698463561116, 42.295701656841274], [-71.20692463550512, 42.29552865595064], [-71.2068436357269, 42.29535965637466], [-71.20677063572732, 42.295226656589925], [-71.20670363488513, 42.29513165646744], [-71.20650963492079, 42.29488365611036], [-71.20640063541741, 42.29468465611486], [-71.20627363493922, 42.2944916563766], [-71.20609663574486, 42.294044655808385], [-71.2060246355275, 42.29380065600931], [-71.205932635138, 42.29337665638631], [-71.2058286347622, 42.2930296562055], [-71.20565063526568, 42.29243365582796], [-71.20549663512229, 42.291946656139196], [-71.20548163457403, 42.29191265578665], [-71.20546863509848, 42.29177065554762], [-71.20546363430664, 42.29148465531164], [-71.20547763455082, 42.29127065550711], [-71.20547763451687, 42.290948655281596], [-71.20543263435255, 42.290557655228135], [-71.20539963477741, 42.290358655362255], [-71.20539163424844, 42.290309655079675], [-71.20530063467295, 42.289994655277475], [-71.20525363424905, 42.289893655495796], [-71.20517363449709, 42.28976265503125], [-71.20509963506069, 42.28967065548288], [-71.20493263407614, 42.289494655189145], [-71.20486963408463, 42.2894396553475], [-71.20459363502461, 42.28923765568268], [-71.20444763465568, 42.2891436555323], [-71.20429263408022, 42.289056655246895], [-71.20386663432008, 42.28888265487898], [-71.20359963439739, 42.28879565478089], [-71.20355363358227, 42.288783654858435], [-71.20303663348311, 42.28867765548118], [-71.20270463346908, 42.28861765532919], [-71.20260863325736, 42.288607654825995], [-71.20246263429215, 42.28861365538723], [-71.20207963374267, 42.28867065543918], [-71.20193363380162, 42.288679655117534], [-71.20168963299864, 42.28868765562308], [-71.20159363283683, 42.28867765517214], [-71.20146863331456, 42.28865565484314], [-71.20140363381022, 42.2886436551019], [-71.20131363351976, 42.288616655287015], [-71.20128063351868, 42.288591655545865], [-71.20122063348867, 42.28853465562023], [-71.20112063307877, 42.28845665479155], [-71.20090863362739, 42.28830865498508], [-71.20061363286855, 42.28807065540722], [-71.20035563341385, 42.28785565515005], [-71.2002856324645, 42.28780565546114], [-71.2002086324688, 42.28776165505426], [-71.19948863249694, 42.28754065484072], [-71.1973296315258, 42.28687965528845], [-71.19661063129708, 42.286659655114995], [-71.19651863117984, 42.2866046550685], [-71.19631863130961, 42.286581655083815], [-71.19621163097186, 42.286624654903825], [-71.1961336310335, 42.286738655027044], [-71.19610663212511, 42.28696865479156], [-71.1960556320929, 42.28740165506288], [-71.19600963098037, 42.28752865542165], [-71.19597863174643, 42.287574655139316], [-71.19553063131673, 42.28789365510723], [-71.1954686310737, 42.28799865546918], [-71.19545363172936, 42.28819265511635], [-71.19522263184143, 42.28834065556676], [-71.19482163079729, 42.28850165541298], [-71.19464263136454, 42.28847665564076], [-71.19455963090554, 42.288465655721005], [-71.19418763045758, 42.288479655096694], [-71.19392463114461, 42.28833065580218], [-71.19389463049099, 42.288313655666485], [-71.19378163043436, 42.28824965572848], [-71.19366063031502, 42.288181655027735], [-71.19342463088336, 42.288096655830316], [-71.19330363040125, 42.288052655793365], [-71.19322063061304, 42.288022655015574], [-71.19293363002761, 42.287887655586346], [-71.1927616305607, 42.28781865511123], [-71.19264563033484, 42.287753655692114], [-71.19244462986858, 42.2876046549778], [-71.19240563075354, 42.2875756554917], [-71.19234363050542, 42.287520655003945], [-71.19225662986722, 42.287434655066605], [-71.19208162997276, 42.287178655388736], [-71.1918156303314, 42.28687965526642], [-71.19144763019297, 42.28650065555589], [-71.19129163037545, 42.28631965548587], [-71.19124362949019, 42.28625665504118], [-71.19104763035124, 42.285968654674484], [-71.1910126303155, 42.285901654855], [-71.19093463015447, 42.28565865522142], [-71.19093262940379, 42.28562365523425], [-71.19094362989425, 42.28555265487659], [-71.19095762942477, 42.28533765532623], [-71.190973629876, 42.285231654900066], [-71.19101163023649, 42.28483865522308], [-71.19109662932382, 42.2844146549705], [-71.19111062976741, 42.28427165495161], [-71.19116162986062, 42.28405765511199], [-71.1911736294785, 42.283963654762616], [-71.19118362947997, 42.28387965495588], [-71.1912226291567, 42.283631654534226], [-71.19116462980205, 42.2831686549316], [-71.19115563018916, 42.283067654101124], [-71.19090463013586, 42.283256654857965], [-71.1907006298643, 42.28344465445151], [-71.19011262900169, 42.28398965465558], [-71.1883806283688, 42.28558965539975], [-71.18737862822859, 42.286523654851216], [-71.18635062778364, 42.28746865535383], [-71.17863662577004, 42.29460365699861], [-71.17861162606825, 42.29461865714582], [-71.17636262609133, 42.29611065738562], [-71.17043962402778, 42.30002965806906], [-71.16980862420017, 42.30045165844128], [-71.1684246231304, 42.30137065877824], [-71.16828962285908, 42.301457659110135], [-71.16826662383326, 42.30146665869811], [-71.16810262289698, 42.3015696588759], [-71.16791662298237, 42.30169665836625], [-71.16734162306801, 42.30207665869564], [-71.16724762316139, 42.30215165850263], [-71.16710862302783, 42.302242658480274], [-71.16653962234047, 42.30262065909958], [-71.16512262288808, 42.30356065911658], [-71.16480462191494, 42.303772659176985], [-71.1650426224353, 42.30392065967671], [-71.16607662258431, 42.30456665976603], [-71.1662976231189, 42.30470465905004], [-71.1663246226659, 42.30472965945022], [-71.16640462247476, 42.304803659283564], [-71.16679262335488, 42.305143659149756], [-71.1671686235355, 42.305471659779705], [-71.16795762363724, 42.306160660071406], [-71.16834562333979, 42.30649965972007], [-71.16835362319625, 42.30650666009971], [-71.16859862380407, 42.30672065956192], [-71.16935962417674, 42.30738566006147], [-71.16961262442966, 42.30760666031007], [-71.17040562439055, 42.30812465996741], [-71.1711516242842, 42.30861166015595], [-71.17439562578748, 42.310989660391236], [-71.17585662681772, 42.31206466012183], [-71.17893562769594, 42.31432466119186], [-71.178847626888, 42.314387660945634], [-71.17760262654473, 42.31527766077454], [-71.17634262729824, 42.31617966154021], [-71.1760366271631, 42.31639566117689], [-71.1750416260623, 42.31710866193881], [-71.1746546257903, 42.317386661603805], [-71.17399762647092, 42.317804661580695], [-71.17394262561427, 42.31784666178981], [-71.17367062569166, 42.31805466151424], [-71.17355562535941, 42.31814566157791], [-71.17321262524099, 42.31841466135856], [-71.1730986259302, 42.31850466178172], [-71.17286862516723, 42.3186716617568], [-71.17220462565203, 42.319151661710315], [-71.1717206256329, 42.31949866221363], [-71.17118462543002, 42.31988466205492], [-71.17081762497047, 42.32014866227909], [-71.1706326252672, 42.32028266215474], [-71.17006862450845, 42.32068866205676], [-71.17022762514974, 42.32102366267335], [-71.17040662491692, 42.32140066232845], [-71.17018562494437, 42.32151066265513], [-71.17003662492621, 42.32158566242852], [-71.16989562478055, 42.32165566225161], [-71.16979562457969, 42.3217056626563], [-71.16949662426904, 42.321854662397854], [-71.16939762467638, 42.32190366240714], [-71.16939762424438, 42.321914662181506], [-71.16939762489507, 42.321945662860465], [-71.16939762483462, 42.321955662410666], [-71.16939862534714, 42.32199266281447], [-71.16939962515757, 42.32210366276799], [-71.16939962480357, 42.322140662992695], [-71.16940062497464, 42.32215566294372], [-71.16891262472248, 42.32228966229221], [-71.1684676242375, 42.32241266229239], [-71.167855623828, 42.32256866269512], [-71.16764562422802, 42.32262266291449], [-71.16702262459174, 42.32290366241488], [-71.16695462424177, 42.32293566256513], [-71.16647262423112, 42.32326166263455], [-71.16502862405764, 42.32423966279653], [-71.16479462345568, 42.324398662788184], [-71.16456762377439, 42.324591663366014], [-71.1643116233398, 42.32481066296974], [-71.16354262305177, 42.325466663283635], [-71.16349562296301, 42.3255066634282], [-71.16326862310197, 42.32565966323673], [-71.16312662280428, 42.325754663731104], [-71.16270162319401, 42.32603866327006], [-71.16260162285587, 42.32610566392396], [-71.16256362254036, 42.326138663321295], [-71.16241362258225, 42.32628866350064], [-71.16219662239507, 42.32650566350416], [-71.1619266224664, 42.32669366367112], [-71.16189262282752, 42.32671666336334], [-71.1617526221392, 42.326814664205465], [-71.16137162212505, 42.32707866403902], [-71.16023162195883, 42.32786766412387], [-71.15985162163913, 42.328130664328945], [-71.15983962164941, 42.328138663924264], [-71.15980662212657, 42.32816266438009], [-71.15979562240047, 42.3281696640059], [-71.15923562171902, 42.328556663973295], [-71.1575566213933, 42.32971866414894], [-71.15699762094566, 42.33010566424906], [-71.15683362098602, 42.3301976644439], [-71.15703662152696, 42.330398664365276], [-71.15711362182819, 42.33047466440197], [-71.15734662191845, 42.330722664724036], [-71.15750862115117, 42.33089466471082], [-71.15766762130906, 42.33106766475597], [-71.15854662209337, 42.33199266520478], [-71.15871662191479, 42.33217066511938], [-71.15895662212425, 42.332432665252455], [-71.15932562264172, 42.3327766649003], [-71.15972362200354, 42.33304466468054], [-71.16017062222438, 42.33328066483304], [-71.160260621943, 42.333327664939446], [-71.16034762280184, 42.33337366489419], [-71.16091762271957, 42.33364766480412], [-71.16129562273397, 42.33379166514865], [-71.16172162259727, 42.33389466490962], [-71.16209962277283, 42.33395266503223], [-71.16229862300504, 42.33397366476044], [-71.16252562375884, 42.333974665361545], [-71.16273262319457, 42.33396966491953], [-71.16297262293372, 42.33395566521908], [-71.16477662442712, 42.33375566541835], [-71.16519062453646, 42.33369966472088], [-71.1654376237295, 42.33368066474419], [-71.16676662488184, 42.3335366646361], [-71.16756562479345, 42.3334496645746], [-71.1680216251691, 42.33443466478718], [-71.16819162535096, 42.334799665090834], [-71.16841062520277, 42.33503066501621], [-71.16847162526449, 42.33509366499005], [-71.16857062581539, 42.335151665341634], [-71.16888662512844, 42.33583466535768], [-71.168859625818, 42.3363126649614], [-71.16912262503627, 42.337384665294266], [-71.16919262511279, 42.3378916658717], [-71.16921762533617, 42.33807666538146], [-71.16908762527505, 42.338253665422435], [-71.16893662577678, 42.33845766574563], [-71.16863362497489, 42.33863766549274], [-71.16831562531179, 42.33875066574343], [-71.16680862437026, 42.33929866553202], [-71.16674062476703, 42.33986266627645], [-71.16669962518547, 42.34001766637023], [-71.16668362449994, 42.34011266622149], [-71.16698962472013, 42.3404726665915], [-71.16812462518627, 42.341925666637685], [-71.16832362523819, 42.34217666610465], [-71.16942162556805, 42.343539666495076], [-71.17000362638264, 42.34426066694237], [-71.17189862657611, 42.34666366763335], [-71.17232062697146, 42.34718166764089], [-71.17317162742147, 42.348216667145], [-71.17341862803727, 42.34853966729262], [-71.17426562746137, 42.349592667971216], [-71.17470862814461, 42.3501636677321], [-71.17479862766469, 42.35027366816616], [-71.17479862853455, 42.35043666781196], [-71.17479862800538, 42.35080466816014], [-71.1747536277241, 42.350915667790666], [-71.17469362774143, 42.35106566770539], [-71.17463262770522, 42.351218668111606], [-71.17444862784292, 42.35167866829887], [-71.17439862860726, 42.35180466770036], [-71.17438762812958, 42.35183066834019], [-71.17429762759467, 42.35214566862089], [-71.17402962789366, 42.353091668514594], [-71.17399762869518, 42.35320366796007], [-71.17386662774545, 42.3533686683136], [-71.17364162745297, 42.35364966836028], [-71.17296762777376, 42.354493668853074], [-71.17279862829268, 42.35470466894664], [-71.1727376274822, 42.354769668880905], [-71.17242962764749, 42.35509666896349], [-71.17150662741612, 42.35607766882879], [-71.17148762790299, 42.35609766932534], [-71.17119862696984, 42.35640466915515], [-71.17102662681928, 42.35654866954106], [-71.1705126271372, 42.356976669502], [-71.1703416268593, 42.357119669700594], [-71.17026262673716, 42.35718566913892], [-71.1700236266487, 42.35738566902477], [-71.16999962762584, 42.35740566933187], [-71.16997062666442, 42.357471669781184], [-71.16995662663638, 42.357503668970914], [-71.16991462730351, 42.35760066944907], [-71.16990062649133, 42.357634669063685], [-71.16989462702043, 42.35764966950805], [-71.16947462669606, 42.358055669580494], [-71.16862462618101, 42.35896466991227], [-71.16852762711466, 42.3590596693918], [-71.16806662651108, 42.35953666951279], [-71.1676426258903, 42.36005967032632], [-71.16762562610567, 42.36008167008471], [-71.16776662639462, 42.36012967016269], [-71.16792062626827, 42.36014466983572], [-71.16804062709082, 42.360156669554904], [-71.1682106264232, 42.36017466975416], [-71.16840162621614, 42.36020267030125], [-71.16883862696682, 42.360166670234456], [-71.16898462649213, 42.360158670167564], [-71.16917962743642, 42.36016766961596], [-71.16950662657133, 42.36019867026826], [-71.16964262672795, 42.36015866970551], [-71.16972562772116, 42.360121669595074], [-71.1701546273457, 42.35995066990346], [-71.17028562691844, 42.359902669610015], [-71.17046462744142, 42.35984466950298], [-71.17082762805319, 42.359737669409974], [-71.17138262805068, 42.359598669825715], [-71.17152262732338, 42.35956766961648], [-71.17232962744538, 42.35942366991919], [-71.17276062791069, 42.35935966961062], [-71.17310062856515, 42.35933366938637], [-71.17395262897169, 42.35929666986588], [-71.17446662886374, 42.359274669871354], [-71.17471062924122, 42.3592696695578], [-71.17485662893375, 42.35927666979634], [-71.17519462849917, 42.35931766954824], [-71.17538862875867, 42.35933066912039], [-71.17587062918182, 42.35938966930642], [-71.17625962872883, 42.359418669302336], [-71.1764536294259, 42.359436669061004], [-71.17751662923499, 42.359553669403205], [-71.17775663007097, 42.3595866695431], [-71.17799463022737, 42.35962666959686], [-71.1784176296596, 42.359714669416064], [-71.17884562976236, 42.3597886696052], [-71.17934962984025, 42.35992366914387], [-71.17984862993393, 42.36006866911372], [-71.18002563065158, 42.360127669396455], [-71.18054063123984, 42.360332669822476], [-71.18119863098853, 42.360567669354566], [-71.1812806313561, 42.36060466964858], [-71.1815016314203, 42.36068066990334], [-71.18159263143885, 42.36070766932654], [-71.1819176311423, 42.36078266924607], [-71.18202563101417, 42.36081066964135], [-71.18204263125153, 42.36081466979037], [-71.18212663126081, 42.36068966970574], [-71.18217463079483, 42.36063866979846], [-71.18236263108095, 42.360410669941196], [-71.18269363135, 42.36001866971138], [-71.18326763203261, 42.35933166916776], [-71.18368063109305, 42.358837668987796], [-71.1839986315813, 42.3589046691038], [-71.18522163175393, 42.35917466931635], [-71.18553063209069, 42.35927366907657], [-71.18655763247698, 42.35951866900351], [-71.18728963234835, 42.3596916688979], [-71.18784463312052, 42.359812669568306], [-71.18819563305932, 42.35989566913152], [-71.18836763373181, 42.3599366688233], [-71.19008763442204, 42.36034666952894], [-71.19023163365055, 42.36039266946863], [-71.1903066342108, 42.36041366891708], [-71.19044763447461, 42.36045166958623], [-71.19155963492176, 42.360687669626124], [-71.19309263510787, 42.361060669258435], [-71.19356163508452, 42.36116166948958], [-71.19444363527208, 42.361376669481515], [-71.1953256350398, 42.36158366906195], [-71.19581463530751, 42.36169766903825], [-71.19605863539947, 42.361755669388465], [-71.19592763537533, 42.361941669261455], [-71.19589963528459, 42.362004669110924], [-71.19503063523555, 42.362815669142215], [-71.19430763509347, 42.36350866967556], [-71.19323163507363, 42.36452266957232], [-71.19226063432318, 42.365373670283866], [-71.19210163445538, 42.365514670250754], [-71.19254163543113, 42.365844670262675], [-71.19266463538747, 42.36595566988292], [-71.19273463546746, 42.3660096704211], [-71.19320263508351, 42.36636867053318], [-71.1934816356247, 42.36656867039331], [-71.19358763553608, 42.366628670385545], [-71.19365563502112, 42.366667669909795], [-71.1937446359563, 42.36669667005368], [-71.19397663572299, 42.366752670237304], [-71.19406663601383, 42.36677867034637], [-71.1942706356702, 42.36687767038903], [-71.19431363585673, 42.3668916706374], [-71.19440863567968, 42.36690967034662], [-71.19454363619003, 42.36695067040218], [-71.19462463528681, 42.366989670558986], [-71.19467863555413, 42.36702967033103], [-71.19486563558361, 42.367166670131084]]]}, "properties": {"TOWNNAME": "Newton", "TOWNCODE": "207"}}, {"type": "Feature", "geometry": {"type": "Polygon", "coordinates": [[[-70.99042656559861, 42.304104665367205], [-70.99018756523536, 42.30417166470152], [-70.99000956539842, 42.304268665078965], [-70.98974056477148, 42.30444966473473], [-70.98968756432622, 42.30447766474008], [-70.98941756453718, 42.30460366495512], [-70.98883956502098, 42.30470366516759], [-70.98859356500077, 42.30477966552165], [-70.98834756422335, 42.304905664702005], [-70.98804756380306, 42.30515866562751], [-70.98780856480093, 42.30537866511079], [-70.98778556459614, 42.30541966512241], [-70.98774656421934, 42.30545166547558], [-70.9876465638505, 42.305584665577186], [-70.9875925636406, 42.30562566506899], [-70.98727056436232, 42.306050665490154], [-70.9872625639855, 42.30609966581173], [-70.98722356366974, 42.306167665587154], [-70.98719256407539, 42.30624966568651], [-70.98719256463744, 42.30629766545593], [-70.98718556353151, 42.30632166515568], [-70.98719256456036, 42.30636266568309], [-70.9872245638157, 42.306420665687604], [-70.98722456432643, 42.30647466508793], [-70.98732456472922, 42.30660766590082], [-70.98736256471003, 42.30663866547816], [-70.98739356362289, 42.30669666546973], [-70.9874785644473, 42.30673966595989], [-70.98748656409234, 42.30676266571914], [-70.98766356408849, 42.30686266592994], [-70.98771756424625, 42.306870665508505], [-70.98777056406496, 42.30690366567235], [-70.98801056490171, 42.30705066568159], [-70.98834156492879, 42.307197665265406], [-70.9886265640737, 42.30728766525379], [-70.98917356518047, 42.30748966604803], [-70.98937356430793, 42.30753566561465], [-70.98973556551361, 42.307695666050904], [-70.98997456465699, 42.307786665705905], [-70.99032156550496, 42.3078926658495], [-70.99035256521906, 42.30791466543684], [-70.99065256535451, 42.30799566532416], [-70.99072256542871, 42.307998665686064], [-70.99150756540801, 42.30736766587144], [-70.99159156522984, 42.30728066568218], [-70.99183756566005, 42.30715066585369], [-70.9920925658183, 42.307074665038236], [-70.99231556542928, 42.30698066563986], [-70.99246956610882, 42.30686066548511], [-70.99262356581394, 42.30667366534481], [-70.99272356621309, 42.30659966515062], [-70.99282356649336, 42.30654866495306], [-70.99288456563819, 42.30650166546964], [-70.99320056645455, 42.30623566549369], [-70.99421656608223, 42.30541166535023], [-70.99512456716829, 42.30460366450972], [-70.99531656643403, 42.304460664435815], [-70.99554056621542, 42.30427666509873], [-70.99582456728028, 42.30405966504115], [-70.99627956698728, 42.30379966460926], [-70.99692556734396, 42.303486665036026], [-70.99708756675959, 42.30342066428631], [-70.99759556690886, 42.303276664436645], [-70.99786456750493, 42.303218664146584], [-70.99872756759808, 42.303104664259365], [-71.00943757161144, 42.30205666421934], [-71.00954457117096, 42.30216266368932], [-71.00971257117646, 42.30241266416703], [-71.00994357172826, 42.30264266363963], [-71.01011157148534, 42.302904663652264], [-71.0102645715729, 42.30309166444498], [-71.01027957143545, 42.303158664196715], [-71.01020257190079, 42.30325066400097], [-71.01020157134012, 42.30339866434954], [-71.01013957127816, 42.303512663957186], [-71.01003157110357, 42.303604663821986], [-71.00998457127311, 42.30370466455384], [-71.0099225716946, 42.30375066406884], [-71.00949057168377, 42.30380766463174], [-71.00935157112514, 42.303899663863646], [-71.00925857173914, 42.30414066437041], [-71.00925657119608, 42.304387664163215], [-71.00921057069442, 42.30451466445559], [-71.00907057129137, 42.304616664155276], [-71.008823571401, 42.304697664116276], [-71.00876257059944, 42.30474366457217], [-71.00876257076463, 42.304788664470166], [-71.0088545710626, 42.30485866474892], [-71.00905457161285, 42.30491366461689], [-71.00919257084475, 42.304915664917175], [-71.00937857123738, 42.304871664611774], [-71.0097795715827, 42.30473466443619], [-71.0102885719528, 42.30451866416199], [-71.01045857170561, 42.30447466414363], [-71.01059557140417, 42.30448566424552], [-71.01084357184118, 42.30450866425914], [-71.01101357212316, 42.3044516639346], [-71.01121357236462, 42.304497664208476], [-71.01162957167243, 42.30449966440111], [-71.01179957258822, 42.304464664546714], [-71.01198457258424, 42.30438466433197], [-71.01217057246144, 42.30422866440669], [-71.01237157202895, 42.30410366407934], [-71.01295757231033, 42.30393166420382], [-71.0134355729879, 42.30384166381379], [-71.01366757250695, 42.30376166453892], [-71.01405357289845, 42.303466663680894], [-71.01454757240737, 42.30328166414228], [-71.01459357281497, 42.30324966360735], [-71.01482557337322, 42.303182664194445], [-71.01496457318663, 42.30318466360417], [-71.0151795736802, 42.303230663590966], [-71.01536557264525, 42.30320466419204], [-71.01545757287548, 42.303126663623104], [-71.01547357372064, 42.30293266427418], [-71.01538157276377, 42.30283966381534], [-71.01521157273255, 42.30281566393291], [-71.01508957357207, 42.30283966352053], [-71.01495057322774, 42.30293266433724], [-71.01405557233461, 42.30313266385339], [-71.01391657312232, 42.3031446639741], [-71.01382457257516, 42.303073663896626], [-71.01374757268832, 42.302926664133956], [-71.01353357263338, 42.302754663628065], [-71.01347257200155, 42.30261666421999], [-71.01333557299441, 42.30204666413634], [-71.01336557284822, 42.301785663335494], [-71.01336857216258, 42.30177066346361], [-71.01343057188897, 42.301680663316716], [-71.01347657288348, 42.30165766356596], [-71.01382857307291, 42.30127766392586], [-71.01392857265324, 42.30117666321257], [-71.01402157199173, 42.30105366357529], [-71.0141215731935, 42.30093466381274], [-71.01422957209792, 42.30083766340262], [-71.01453057321746, 42.30064766319251], [-71.01472357261423, 42.30054566371561], [-71.01501557246564, 42.300297663515295], [-71.01510157277093, 42.300210663639724], [-71.01520857265734, 42.299974663674334], [-71.01523957263848, 42.299883662940765], [-71.01527057334877, 42.29976166291321], [-71.01531657250578, 42.29967066331211], [-71.01536957300678, 42.299543663032196], [-71.01542357335325, 42.299443663477064], [-71.015515572629, 42.29935666337553], [-71.01562457299369, 42.299237663320426], [-71.01577857318286, 42.29910866316892], [-71.01594057356405, 42.29901166273361], [-71.01604057266731, 42.29893266270893], [-71.01619457258799, 42.29882666298197], [-71.01648457266434, 42.29858766264826], [-71.01655757295791, 42.29850066278083], [-71.01661857300854, 42.298386662657606], [-71.01668857372171, 42.29827266254955], [-71.01671157376279, 42.29815166290267], [-71.01676457294265, 42.2979656631758], [-71.01676457271809, 42.297870663008695], [-71.0167765737212, 42.29773766283049], [-71.01678657286112, 42.29772666264539], [-71.01705457354399, 42.29749666320387], [-71.01737857342475, 42.297324662842435], [-71.01819657342119, 42.29695866311409], [-71.01892257356688, 42.29667566223292], [-71.01929357377142, 42.29647066263007], [-71.01935057358946, 42.296433662689395], [-71.01971057416921, 42.29619766233876], [-71.01992657415141, 42.2961086624442], [-71.02023557391543, 42.29593666248451], [-71.02057557501222, 42.295642661987536], [-71.02131957486615, 42.29481866205386], [-71.02384257597761, 42.29617866192256], [-71.02385357588622, 42.29644966231527], [-71.02379157537403, 42.29663466284237], [-71.0237285751868, 42.297032662252754], [-71.02351057513282, 42.2974686626559], [-71.0234935756373, 42.297959662328466], [-71.02355357598164, 42.29821066303591], [-71.02361557516144, 42.298290662775955], [-71.02386057561478, 42.29847566274042], [-71.02386057583104, 42.298529662993616], [-71.02375257517836, 42.29857666321421], [-71.02332157544082, 42.2985656630798], [-71.02302857553107, 42.29852566289901], [-71.02273557498576, 42.29854066246086], [-71.02258157545823, 42.29858366311343], [-71.02241157530679, 42.298743662726594], [-71.02224157527901, 42.29880966311191], [-71.02224157504541, 42.29884666291848], [-71.0223335755709, 42.29890266263606], [-71.02254857520876, 42.298939662972295], [-71.02287357570702, 42.298812662969844], [-71.02313557603662, 42.29881266310615], [-71.02356557523767, 42.298962663157276], [-71.02407357561488, 42.29918266285124], [-71.02495057576212, 42.299446662864874], [-71.02511657643016, 42.299542663373515], [-71.02521357577842, 42.29954966256943], [-71.02531657585044, 42.29956766298131], [-71.02815357671268, 42.300070663331354], [-71.02837457782093, 42.30011066277942], [-71.02867357722582, 42.299110662719556], [-71.03066857772535, 42.29939966279521], [-71.03066657824581, 42.29964766309395], [-71.03049357830469, 42.30049266281046], [-71.03057057784196, 42.300549663235394], [-71.03064757757167, 42.300561662836934], [-71.03102757857182, 42.300576663208105], [-71.03181757822662, 42.30067566282966], [-71.03232557868867, 42.30072566291353], [-71.03283457854896, 42.30080666315606], [-71.03360457868033, 42.301004662828205], [-71.03465057943956, 42.301152662538875], [-71.03478957964423, 42.30121266252383], [-71.03563657981981, 42.30140966291209], [-71.0359745797816, 42.30144466283768], [-71.0363755800238, 42.30144566306067], [-71.03693057994253, 42.30135566329449], [-71.03747058078605, 42.30122866284299], [-71.03819558078148, 42.30118366309809], [-71.03894358073708, 42.30101666279236], [-71.03908958023258, 42.30098366274484], [-71.03919758080137, 42.30090066305072], [-71.03922958124433, 42.30068366260927], [-71.03924758124593, 42.300138662508104], [-71.03920158125673, 42.299932662436895], [-71.03869558020176, 42.29936966206852], [-71.03818958053321, 42.298752662778085], [-71.03716358055212, 42.297343661841836], [-71.03668757923772, 42.29677966204873], [-71.03598257964973, 42.295864662218435], [-71.03590657889912, 42.2957406615629], [-71.03509057892529, 42.29344466177624], [-71.034505579208, 42.291789661134274], [-71.03447757909869, 42.29177166131964], [-71.03438257867074, 42.291710661495614], [-71.0352945791521, 42.288806660245264], [-71.0371805789163, 42.28597865993325], [-71.03781857918368, 42.28502065990832], [-71.03789457952699, 42.284906660123696], [-71.03808057912836, 42.284760660145025], [-71.03835857965694, 42.2845426594377], [-71.03863757975992, 42.284323660029784], [-71.03882357955864, 42.284178659985876], [-71.03885257928867, 42.28415565925162], [-71.03889557929561, 42.284122659192], [-71.03893957953828, 42.28408765994997], [-71.03896758011071, 42.28406565991775], [-71.03902458026936, 42.284020659100285], [-71.03908058006627, 42.283974659402254], [-71.0391755795953, 42.28390065996802], [-71.03929358031316, 42.283807659917485], [-71.03940357952082, 42.28362965947185], [-71.03946658039024, 42.28352865914601], [-71.03973258053408, 42.28310865930953], [-71.04049458011652, 42.28190665915267], [-71.04051357976253, 42.28184065897173], [-71.04065158061513, 42.28136265935347], [-71.04070358018573, 42.281184658828415], [-71.04078058060426, 42.28091865873536], [-71.04085758034596, 42.28065165923621], [-71.04090857977401, 42.280474658441726], [-71.04099958012073, 42.28015965911833], [-71.0411365796479, 42.27968665868982], [-71.0412735807593, 42.279213658968246], [-71.04136457994218, 42.278899658627054], [-71.04150158010741, 42.27842765881033], [-71.04159458077282, 42.27810665824698], [-71.04243358093309, 42.27733765820914], [-71.04279458010213, 42.277006658300266], [-71.0426945803169, 42.27660065831258], [-71.04268558003169, 42.27655465819342], [-71.0426315801595, 42.276262658100926], [-71.04267058081558, 42.27596265815648], [-71.04257858048484, 42.275132657635965], [-71.04232558023321, 42.27331265739162], [-71.04176057980251, 42.26929065628064], [-71.04171357930947, 42.26895665682058], [-71.04163557955623, 42.26839865653478], [-71.04172057931854, 42.268298656358965], [-71.04176057969728, 42.268158656814656], [-71.04183758015544, 42.26764865641937], [-71.04185058030983, 42.26755865669394], [-71.04183057992468, 42.26737865647801], [-71.04174057962595, 42.26693865581951], [-71.04173057938284, 42.266748656122076], [-71.0416895799643, 42.26660965585138], [-71.04167257934151, 42.266435656399324], [-71.04145958001831, 42.266303656272996], [-71.04024957973006, 42.26543665616213], [-71.03931557858756, 42.2647816561988], [-71.03906757875632, 42.264607655743156], [-71.03805757821775, 42.26389965593757], [-71.0374685780323, 42.26348865602297], [-71.03731057812217, 42.263378655268205], [-71.03720457745219, 42.263300655613804], [-71.03698357852431, 42.26314665532605], [-71.03683357844902, 42.263041655868015], [-71.03597857794226, 42.26244065569546], [-71.03555257781473, 42.2621466558766], [-71.0349355776147, 42.2617096554264], [-71.03447757728644, 42.26138865576866], [-71.03442257745456, 42.26134965551358], [-71.03427957647828, 42.261248654996635], [-71.03358257652938, 42.26075965561463], [-71.0331195762115, 42.26043465524465], [-71.03194357628793, 42.25954365485174], [-71.03187257607584, 42.25956065498097], [-71.03138857569351, 42.25922065541947], [-71.0314905764176, 42.25911865498718], [-71.03151957534705, 42.25908965545144], [-71.03190057541511, 42.25859865459651], [-71.03207857554311, 42.258357654720164], [-71.03285057571154, 42.257933654625255], [-71.03389457603652, 42.257356654793895], [-71.03496957647917, 42.25676565416323], [-71.036378577412, 42.255983654650116], [-71.03725357749306, 42.255503654361085], [-71.03795657802216, 42.25511165404194], [-71.03889057824699, 42.25459865362273], [-71.03903357816019, 42.25452665374578], [-71.03918457865397, 42.25444465363354], [-71.03936457797998, 42.2543436542607], [-71.03939057779871, 42.254334653720925], [-71.03979157856082, 42.25411965405226], [-71.0406195784296, 42.25367565386868], [-71.04137457844475, 42.253269653587985], [-71.0417385787096, 42.25309265361763], [-71.04211657928121, 42.25287365388652], [-71.04218557864803, 42.25278965359609], [-71.04279257919401, 42.25245165298223], [-71.04290457968028, 42.25238865309691], [-71.04375057991474, 42.25191965356258], [-71.0442945797117, 42.25162565304944], [-71.0454835802825, 42.25097365301965], [-71.04723658034881, 42.250007652587], [-71.04896158061044, 42.249057652606574], [-71.05127158123251, 42.2477886520781], [-71.05245858161233, 42.247150652059275], [-71.05574058289803, 42.245316651406725], [-71.0589965843079, 42.243527651008684], [-71.05924958420195, 42.24338965140606], [-71.06109058415188, 42.242392651026215], [-71.06100458490387, 42.242256650541066], [-71.06057158493061, 42.24154565043004], [-71.05977858430765, 42.2402456507508], [-71.0579705835813, 42.23724865017191], [-71.0573305832545, 42.23623765013353], [-71.05463458207534, 42.23182364903133], [-71.05324658179602, 42.229536648842284], [-71.05302158171274, 42.229181648386685], [-71.06059058342028, 42.22626864811509], [-71.06524358552318, 42.22453364746976], [-71.0659505854518, 42.224265647629146], [-71.0705005859888, 42.22252864649158], [-71.07338858754008, 42.221473646182375], [-71.07462058822539, 42.220989646666254], [-71.08016358997294, 42.218867645732985], [-71.08318959049339, 42.21777564545583], [-71.08562659156799, 42.21689564570302], [-71.09309559391929, 42.21401764475322], [-71.09329959413361, 42.21398964436143], [-71.09199659318489, 42.21284964438249], [-71.09198859295512, 42.21284264389181], [-71.09076159288702, 42.211710644240355], [-71.08925459208288, 42.21033064357624], [-71.08900059205057, 42.2100966439869], [-71.08842759144844, 42.209568643337526], [-71.08756759173819, 42.208775643799534], [-71.08620559093116, 42.20752364386048], [-71.0844805905462, 42.205937643370426], [-71.08403158980165, 42.2055226429802], [-71.0830015895844, 42.204576642770434], [-71.08272758944146, 42.20429964257074], [-71.08270758920516, 42.20427764259847], [-71.08251758968007, 42.204291642715795], [-71.08248958970032, 42.20429564266451], [-71.08205658891248, 42.204362643197506], [-71.08179558922494, 42.20453464300315], [-71.0814585896775, 42.20485564296572], [-71.08127458898441, 42.20491264315734], [-71.08104358951589, 42.20493564291375], [-71.08045858938755, 42.20483364280174], [-71.079858588688, 42.20484864311527], [-71.07918058807222, 42.204689643384405], [-71.07898058808684, 42.20468864309493], [-71.07872158794908, 42.20473864307012], [-71.07850358845619, 42.204782643037625], [-71.07801158822878, 42.204796643045476], [-71.0778515875133, 42.20476764308944], [-71.07719558724145, 42.204649642787295], [-71.0768415877722, 42.20466064314638], [-71.07595058683137, 42.20484764343511], [-71.07564258680276, 42.20487064298788], [-71.07514958660299, 42.2048576436118], [-71.07497058739521, 42.204583643291436], [-71.0749485867268, 42.20455064346997], [-71.07483658710167, 42.20446364311405], [-71.07471658687905, 42.204369643629526], [-71.07440858622124, 42.20429864310052], [-71.07402358726387, 42.20426564367497], [-71.0735465867405, 42.20427864305271], [-71.07210158568455, 42.20438564289769], [-71.0717015853995, 42.20438864375314], [-71.0716625860662, 42.20435764335941], [-71.07160558647648, 42.2042866430429], [-71.07157458638416, 42.20426464325494], [-71.07106258527138, 42.20437064307224], [-71.0707735856942, 42.204394643224774], [-71.0706305851175, 42.20441064334954], [-71.07054258555743, 42.20443764311151], [-71.07049358597028, 42.20444164345208], [-71.07020858583144, 42.204473642975394], [-71.0700995859421, 42.20447564382501], [-71.0695015850329, 42.2044956437448], [-71.0679645849442, 42.20492464379931], [-71.06590458457794, 42.20536664397301], [-71.065259583658, 42.2055036437552], [-71.0652305837926, 42.20550664355747], [-71.06520458348642, 42.20551564363534], [-71.06439858318596, 42.20568664372898], [-71.06319958351122, 42.20582564429117], [-71.06176958301367, 42.20602664371308], [-71.06150758284703, 42.20607164437813], [-71.06098558225688, 42.20616264371924], [-71.06032458230146, 42.2063136436627], [-71.06012458249083, 42.20625864365421], [-71.060051581624, 42.20621764415028], [-71.05989558171316, 42.20612964384041], [-71.0597845824472, 42.206066644069224], [-71.05944558196295, 42.205987644434344], [-71.05887658227405, 42.2060106444361], [-71.058618581751, 42.20606964393442], [-71.05849258162463, 42.20610364399863], [-71.05829258144792, 42.20612464384751], [-71.05810758158722, 42.20610164405385], [-71.05775358090541, 42.20599964422683], [-71.05736858181032, 42.205943644313706], [-71.05676858125412, 42.205936644390796], [-71.05613758127623, 42.20598364403809], [-71.05578258049368, 42.20588164414666], [-71.05552158026295, 42.205845644185885], [-71.05489058043516, 42.20583464386419], [-71.05416758075806, 42.20590664397837], [-71.05389158049213, 42.20595164398966], [-71.05292157972853, 42.20599164426075], [-71.05269158026513, 42.206036644179036], [-71.05256757969768, 42.20609264392739], [-71.05238457969539, 42.20626664409409], [-71.05223057927202, 42.206323644623566], [-71.05198457944465, 42.20628764474484], [-71.05183057954652, 42.206245643913725], [-71.05147657927023, 42.20624264442422], [-71.0512305787616, 42.206301644539], [-71.05084657959883, 42.206474644277556], [-71.05053957931838, 42.2065656444934], [-71.05006257939459, 42.20663764412401], [-71.04954857940037, 42.20677664406953], [-71.04950957905474, 42.206786644730016], [-71.04927857895991, 42.206786644070775], [-71.04887857820722, 42.206721644473255], [-71.0486625782868, 42.20665364466668], [-71.04824557825994, 42.20644464472832], [-71.04793757781587, 42.20636864474032], [-71.04749157861112, 42.20636764455343], [-71.0470155779865, 42.20644864495734], [-71.04681557788199, 42.20646164439096], [-71.04626057824348, 42.20634964425078], [-71.04592257728658, 42.20635064420083], [-71.04536857789128, 42.206500644591195], [-71.04527657749436, 42.20654764485737], [-71.04504657765646, 42.206591644523854], [-71.04493857711175, 42.20658064464984], [-71.0448835768478, 42.20659164445314], [-71.04488757788904, 42.20732564434305], [-71.04492157691429, 42.20875064510506], [-71.04492557705886, 42.211318645238144], [-71.04493857753728, 42.211665645181824], [-71.04493857820704, 42.21539264652146], [-71.0408315761395, 42.219694647282545], [-71.03696257605488, 42.223741648151126], [-71.03510757521816, 42.225685648392755], [-71.03503757559851, 42.2257756485311], [-71.03449057541268, 42.226333648369966], [-71.0341895750899, 42.226650648325965], [-71.03416857466479, 42.226669648890244], [-71.03407257471221, 42.22677064919534], [-71.03398957467148, 42.22685864852272], [-71.03349957462468, 42.227369648956966], [-71.03306857519912, 42.227821649246614], [-71.03244957417806, 42.22791064897479], [-71.03229557395271, 42.22791764896186], [-71.0319545743333, 42.22792964918734], [-71.0314685737907, 42.22794664929137], [-71.0305665732047, 42.22797864917483], [-71.02916257298475, 42.2280306494306], [-71.02884657316413, 42.228039649500076], [-71.0286215728794, 42.22804664926346], [-71.02819057359707, 42.22806264956016], [-71.02781357338937, 42.22807564908969], [-71.02687057276181, 42.228109648916586], [-71.02605557217669, 42.228138648924194], [-71.02424557131775, 42.228204649235515], [-71.0239005713556, 42.22821464897031], [-71.02360057147335, 42.22822664951211], [-71.02344257136839, 42.228230649077666], [-71.02330557163576, 42.228235649476176], [-71.02225757055407, 42.228271649311225], [-71.02134857135216, 42.228304649637046], [-71.02019556989278, 42.2283466497565], [-71.01903057007748, 42.22838964948953], [-71.01823156990305, 42.2284166497107], [-71.01653056954031, 42.228474649886984], [-71.01465856898643, 42.22854164957842], [-71.0128345683315, 42.22860564979397], [-71.01135956703851, 42.22865764954479], [-71.01123856712631, 42.22866165029572], [-71.01079056694203, 42.2286766494746], [-71.01026256755537, 42.228891649567544], [-71.00998756729341, 42.229003650141145], [-71.00995356757903, 42.22901764985603], [-71.00864056727619, 42.22955465002644], [-71.00841056691777, 42.229648650371004], [-71.00833756606383, 42.22967765019382], [-71.00807256699801, 42.22978865006953], [-71.00721256587946, 42.23014165019472], [-71.00685356611957, 42.23028964999674], [-71.0059005653033, 42.23068365077123], [-71.00548256585945, 42.230856650683535], [-71.0041835653879, 42.23138865096442], [-71.0037795648989, 42.231554650280806], [-71.00367756470521, 42.231596651091785], [-71.00217056448285, 42.23221665062629], [-71.00210356509494, 42.232227650876425], [-71.00008356445129, 42.232567651334286], [-70.99782856390074, 42.232939650722145], [-70.99688556264475, 42.233098651281935], [-70.9965425631314, 42.2331566510205], [-70.9961915624664, 42.23321265102297], [-70.99511356290323, 42.23339565097437], [-70.99277156209358, 42.23378765159731], [-70.99115356154657, 42.23405865195147], [-70.99012256091895, 42.234252651502096], [-70.98972056068526, 42.234288651319005], [-70.98920556000864, 42.234384651849254], [-70.98872556018617, 42.23446465158912], [-70.98703255976349, 42.23474865208896], [-70.98684855964429, 42.23477765173348], [-70.98653455929937, 42.23482765201428], [-70.98626755915312, 42.234870652068764], [-70.9859795598057, 42.2349246520795], [-70.98466755882816, 42.23514465151144], [-70.9836875591296, 42.235308651806825], [-70.98335455856353, 42.2353786521308], [-70.98319755877229, 42.235411652337255], [-70.98231155824416, 42.235554651848695], [-70.98171355808103, 42.235655651766606], [-70.98115155745475, 42.23575065223731], [-70.98110555746209, 42.235757652236806], [-70.98085155769864, 42.23569565208917], [-70.98061455725627, 42.23559065258493], [-70.98040455815163, 42.235328652212175], [-70.98022555764356, 42.23541665183077], [-70.98015655724373, 42.2354466521539], [-70.98010755709727, 42.23568665218347], [-70.98002055724608, 42.23593765208894], [-70.97990955819509, 42.23621865251199], [-70.97973755731131, 42.2364846525353], [-70.97943455748303, 42.2367626528025], [-70.97916355704929, 42.23694365227236], [-70.97896055794325, 42.23712565215034], [-70.97880555693266, 42.23734765286836], [-70.97878455686113, 42.23738065229522], [-70.97857755774191, 42.23771765275064], [-70.97838955750667, 42.23793365272198], [-70.97808755749904, 42.238166652477666], [-70.97781755690443, 42.238279653214065], [-70.97750055720068, 42.23837965307491], [-70.9771305570805, 42.23842365306774], [-70.97689255698819, 42.23841065297523], [-70.97669655653308, 42.23836465275601], [-70.97645655656899, 42.23826465303073], [-70.9762265569928, 42.238166653021686], [-70.97603655696017, 42.23801065299759], [-70.97586855668818, 42.23785565252621], [-70.97567755631357, 42.23776265247564], [-70.97563055588198, 42.23769965229654], [-70.97563855606342, 42.23765965260278], [-70.97566855626388, 42.23726665227501], [-70.97301855539115, 42.237107652887154], [-70.9723445548566, 42.23722865275771], [-70.96799155346206, 42.23800765339597], [-70.96859155392295, 42.240408653547995], [-70.96718855349562, 42.244095654019475], [-70.9670005541726, 42.24459065452179], [-70.96541055350815, 42.24679965508929], [-70.96527555305094, 42.246784654591906], [-70.96507855331322, 42.24676465460187], [-70.96480055282254, 42.24673565523815], [-70.96219455211661, 42.2464636547644], [-70.96209118568419, 42.24643437472196], [-70.96278755267859, 42.24829565525487], [-70.9626955521217, 42.24831465535047], [-70.96245655303541, 42.24848565554331], [-70.96173355186703, 42.24901665563842], [-70.96171655262849, 42.249035655452964], [-70.96169055225076, 42.2490486556621], [-70.96160355194783, 42.249112655468004], [-70.96158755207266, 42.24915365559422], [-70.96152655194838, 42.249208655263175], [-70.96145755208008, 42.249299655261034], [-70.96140255259417, 42.24935065499414], [-70.96132655261346, 42.24939665574174], [-70.9612035519746, 42.24942565576059], [-70.96097855273736, 42.249455655120116], [-70.96089555260666, 42.2494666553062], [-70.96081855156054, 42.249544655485494], [-70.96081855159028, 42.24968465567176], [-70.96083355190414, 42.24975665514003], [-70.96088755222155, 42.24981365570647], [-70.96094955203144, 42.24991165552465], [-70.96094155282306, 42.25001565588354], [-70.96086955199598, 42.25010665583655], [-70.96082155257663, 42.25013465535488], [-70.9606365525812, 42.25037765519469], [-70.9605295520495, 42.25051765589932], [-70.96026055216986, 42.25100465587619], [-70.96022955237882, 42.25107265600943], [-70.96020655253275, 42.2510866558366], [-70.96013755262598, 42.25123665548281], [-70.96006855184035, 42.251336655992674], [-70.96003755205388, 42.25142665621027], [-70.96003755158374, 42.251534655496464], [-70.96009955224237, 42.25161965607166], [-70.96009955145038, 42.25167365616036], [-70.9601605515299, 42.25175365613707], [-70.96016055262373, 42.25192465597756], [-70.96014555259883, 42.25195165616532], [-70.96011455233655, 42.251983656196686], [-70.96009155256863, 42.252083656041115], [-70.96003755166204, 42.252264655613544], [-70.9599845520085, 42.25236865579257], [-70.95991455209364, 42.25253665600352], [-70.95968355255727, 42.25277965572595], [-70.95943755209865, 42.25319765628783], [-70.95921455133944, 42.25353965639396], [-70.95902255122823, 42.25371365634611], [-70.95862955169241, 42.253905656452325], [-70.9583075518557, 42.25411765672758], [-70.95787655106247, 42.254377656823756], [-70.95737655102722, 42.25457465641027], [-70.95714455145891, 42.25461465646515], [-70.95672155131408, 42.25468065659052], [-70.95666055085748, 42.25474065671754], [-70.9566065509488, 42.25485865681162], [-70.95662155103241, 42.25490765639378], [-70.95666055144643, 42.255158656478486], [-70.95666055165904, 42.255222656362], [-70.95125154931281, 42.26059165804365], [-70.95111254934311, 42.26066665801401], [-70.95102054942201, 42.26073065829679], [-70.95101254918421, 42.26076265778136], [-70.95092854973925, 42.260885657914436], [-70.95092854955296, 42.26100665763758], [-70.95099054927879, 42.261127657605435], [-70.95105154950184, 42.26122065834422], [-70.95135154979224, 42.261472658079654], [-70.95138254948375, 42.26153065776857], [-70.95142854972264, 42.2615656576267], [-70.95144554933496, 42.261588658170886], [-70.95149855019605, 42.26165965814746], [-70.9514985500281, 42.261681658256165], [-70.95169855019718, 42.26192565809178], [-70.95174455033882, 42.26199265772923], [-70.95196054994211, 42.26224565829999], [-70.95208355042628, 42.26235165779803], [-70.95210654991084, 42.262405658615215], [-70.95216754955463, 42.262467658164596], [-70.95216755026914, 42.26248565817202], [-70.95231354991672, 42.26263165830746], [-70.9524995506806, 42.26288465787683], [-70.95256054974948, 42.26292465800291], [-70.95260654993538, 42.26300965817638], [-70.952637549824, 42.26303165839863], [-70.95266055076807, 42.26314365830461], [-70.9526375500602, 42.26331965841478], [-70.95259955070003, 42.263513658141875], [-70.95254554992638, 42.26367265834331], [-70.95249854976593, 42.26376265843623], [-70.95243755020259, 42.26391265807407], [-70.95238354979048, 42.26400365829883], [-70.95235354987194, 42.26408565817173], [-70.9523225502124, 42.26411265842564], [-70.95217554978166, 42.264331658400046], [-70.95202955020955, 42.26445065867223], [-70.95156854975659, 42.264949658733116], [-70.95121454952306, 42.26539265916346], [-70.95099154928435, 42.26564365889602], [-70.95088354940462, 42.265780659301676], [-70.95085254970425, 42.26583965904606], [-70.95074454918982, 42.2659766593157], [-70.9506755493288, 42.26600965892363], [-70.95061454999295, 42.26614965866371], [-70.95054554923952, 42.26668265877786], [-70.95050654921667, 42.26685465915108], [-70.9504985498205, 42.266966658729544], [-70.95044454974655, 42.2671936595414], [-70.9504375502068, 42.26733765927331], [-70.95041455014805, 42.26741865944309], [-70.9503915496835, 42.26759065889786], [-70.95036854954292, 42.26787465926852], [-70.9503225499391, 42.268163659720166], [-70.95020655011277, 42.268601659282346], [-70.95019855016722, 42.2687376593826], [-70.95023754965584, 42.268817659853404], [-70.9502455503312, 42.268853659408904], [-70.95028354980742, 42.26890265905348], [-70.95029154948126, 42.26895665948444], [-70.9503225492498, 42.26899665937888], [-70.95036054930618, 42.26915765989469], [-70.95038354939324, 42.26917565921706], [-70.95039154939668, 42.26924765962188], [-70.95044554993184, 42.26932265943209], [-70.9504605503793, 42.26939466001721], [-70.95047755005174, 42.26942665930208], [-70.95058454988012, 42.269631659611186], [-70.9505815496498, 42.26970965928007], [-70.95057654954127, 42.26991565964354], [-70.9505405500285, 42.27003066009305], [-70.95039954987166, 42.27048965965087], [-70.95033055016845, 42.270995659704944], [-70.95019154996352, 42.27126765981157], [-70.95016055017432, 42.271403659566765], [-70.95013755029619, 42.27143065970053], [-70.95006855015343, 42.27154466017575], [-70.94993055042012, 42.271974659908786], [-70.94992254942589, 42.27205565973112], [-70.9498995497869, 42.27212866044843], [-70.94987854983043, 42.272240659726364], [-70.94983754954218, 42.27245366031901], [-70.94974555045705, 42.27269366004879], [-70.9496535498589, 42.27281766057763], [-70.94959954933807, 42.27293566069631], [-70.94953755001764, 42.273030659951125], [-70.94946854948951, 42.273209659983536], [-70.94939155018427, 42.27341166064707], [-70.94938154927628, 42.273686660291105], [-70.9493845501261, 42.27380766060894], [-70.94939954947627, 42.273866660737724], [-70.94942254989611, 42.274131660330184], [-70.94944554936278, 42.27418966073848], [-70.94945354945848, 42.27428866063932], [-70.94951554999321, 42.2744496601678], [-70.94951554986854, 42.27450366096362], [-70.94960754972195, 42.27469566065624], [-70.94961554994921, 42.27477166023069], [-70.94965354965292, 42.274834660785295], [-70.94966155055137, 42.27488366086194], [-70.94975355015822, 42.27505766045433], [-70.9497775499209, 42.275075661055844], [-70.94979254951721, 42.275124660437015], [-70.94990054991531, 42.27524866113082], [-70.95002554986554, 42.275352660736125], [-70.9501775499182, 42.27547866076668], [-70.9502315498598, 42.27557666085819], [-70.95030054987323, 42.275642660860434], [-70.95036255080575, 42.27567366096499], [-70.9505315508716, 42.275801660432684], [-70.9505395508302, 42.27582766103288], [-70.95060855070285, 42.27587166079357], [-70.95060154990165, 42.275889660576105], [-70.950670550911, 42.275947661071946], [-70.95102455000334, 42.276134660578926], [-70.95118655091183, 42.27620466075558], [-70.95137055041535, 42.276318660541655], [-70.9516865512641, 42.276461660934594], [-70.95185555023643, 42.27656666081475], [-70.95197955128778, 42.27669066112307], [-70.95211755140312, 42.27690466121495], [-70.95212555148514, 42.276949660996046], [-70.95214855142315, 42.27696666057354], [-70.95214855066469, 42.276993660949394], [-70.95217955093334, 42.27702466073111], [-70.952256550355, 42.277230661190956], [-70.95227955139805, 42.27732466088899], [-70.95236355116742, 42.27750266070906], [-70.95244155099624, 42.277668661299266], [-70.95246455046147, 42.277744660992845], [-70.95250355109984, 42.277793660954735], [-70.95252655090412, 42.27791466095796], [-70.95263455151942, 42.27813366084287], [-70.9526725513546, 42.27825966150079], [-70.95271855060446, 42.278321661032614], [-70.95272655084294, 42.27836166132191], [-70.95274955146189, 42.2783706614981], [-70.95276455077739, 42.278433661202065], [-70.95279555144151, 42.27846866089393], [-70.95283455079533, 42.27856266104301], [-70.95294255146526, 42.27868266134972], [-70.9530505515575, 42.27887466132736], [-70.95316555125558, 42.27902566098331], [-70.95318055128072, 42.27908766127881], [-70.9532265518746, 42.27911466095761], [-70.95325255195881, 42.27917566114089], [-70.95330455106517, 42.27929766148181], [-70.95334255178629, 42.27949066131898], [-70.95336555153318, 42.27951766130547], [-70.95336555201366, 42.279539661337054], [-70.95341155150706, 42.279619661411125], [-70.95348155198153, 42.27978966103297], [-70.95357355183977, 42.27990566190688], [-70.953627551795, 42.279998661739825], [-70.95375055171856, 42.28018566178102], [-70.95384355118811, 42.280251661146245], [-70.95413555142567, 42.28034666185385], [-70.95430555188587, 42.280374661755054], [-70.95442855181152, 42.28037266125125], [-70.95457455236907, 42.28033866111073], [-70.95499855211243, 42.280187661186254], [-70.95502855248385, 42.28016866109645], [-70.95526755201693, 42.28009266147646], [-70.95561355268094, 42.27994766175837], [-70.95587555255416, 42.27978466109922], [-70.95597555176732, 42.27963466113016], [-70.95599855266299, 42.2795666614645], [-70.95600655176683, 42.27950866163454], [-70.95596755222748, 42.27945966110129], [-70.95576755231315, 42.279291661625635], [-70.95572955224806, 42.279229661635625], [-70.95566955267482, 42.279189660939174], [-70.9553825516949, 42.2789966609107], [-70.95534455217911, 42.2789886615144], [-70.95531355203481, 42.2789666612318], [-70.95525155191957, 42.27895366109161], [-70.95515155167129, 42.278896661570485], [-70.95496655228128, 42.278823661641795], [-70.95477455241922, 42.27869666076352], [-70.95467455146759, 42.27861266135173], [-70.95463555138839, 42.27853166144746], [-70.95463555127174, 42.27847366152707], [-70.95460455176998, 42.2783526609068], [-70.95458155139187, 42.27833966101667], [-70.95457355216368, 42.2782626607298], [-70.95454355211078, 42.27823666129333], [-70.95454355117054, 42.27819566106349], [-70.95447355169075, 42.27812466129683], [-70.95444355208882, 42.27805766070804], [-70.95443555136292, 42.278003660680554], [-70.95437355191382, 42.27794666089316], [-70.95435855111333, 42.2778836613932], [-70.95428855107713, 42.27773666072691], [-70.9542505517481, 42.27769666115681], [-70.95422755206963, 42.27762466101738], [-70.95415055110603, 42.27755366108303], [-70.95409655123363, 42.27745166102049], [-70.95406555199996, 42.277312661175465], [-70.95403455188753, 42.277281661010086], [-70.9540275511742, 42.27718666096048], [-70.95399655168396, 42.27716066112282], [-70.9539265515192, 42.276918661017774], [-70.95383455110463, 42.27675366082018], [-70.95379555106472, 42.27654666092666], [-70.95377355103058, 42.27652066060612], [-70.95375755127938, 42.27634966103962], [-70.95375755110372, 42.27620966060249], [-70.95372655173125, 42.27594066085532], [-70.95370355076592, 42.275895660956145], [-70.95366455172584, 42.27564466089188], [-70.95361855160675, 42.27550066029688], [-70.95360255149902, 42.27529366075568], [-70.95358755158695, 42.275199660643004], [-70.95358755126857, 42.27513266024989], [-70.95354155179571, 42.27497066055214], [-70.95350355125973, 42.27488566035089], [-70.95330255097527, 42.274637660553964], [-70.95327155120849, 42.27456566080145], [-70.95326455170337, 42.27448066043105], [-70.95324155058164, 42.27446766025107], [-70.95321855069456, 42.27440466028203], [-70.95321055056006, 42.27432366063465], [-70.95317155140887, 42.27428366040912], [-70.95316355124629, 42.27421166028655], [-70.95314055068519, 42.274162660164784], [-70.95311055096741, 42.27411866036076], [-70.95313055057541, 42.27394066013427], [-70.95313355050246, 42.273910660676535], [-70.95317955136439, 42.27375266045499], [-70.95337155086827, 42.2734426602544], [-70.95376455150952, 42.27287366031143], [-70.95378755100742, 42.27285965998719], [-70.95388755165084, 42.27271766004988], [-70.95402555084486, 42.272584660141725], [-70.95450255107892, 42.272203659747014], [-70.95471355136209, 42.272067660162364], [-70.95481055099282, 42.27200466027719], [-70.95513855109265, 42.27178165978138], [-70.9551575518382, 42.27176866026705], [-70.95565755137774, 42.27151665936791], [-70.95585755155291, 42.27137365962834], [-70.95594155172793, 42.271332659379276], [-70.95598055127795, 42.27130865990475], [-70.95626555150193, 42.27123165981065], [-70.9564575514196, 42.27120166001266], [-70.95665055206003, 42.27116265969353], [-70.95688855166777, 42.271158659976344], [-70.95711955190681, 42.27108266012336], [-70.95731255240838, 42.271065659653765], [-70.95745355234611, 42.27103466002397], [-70.957597552454, 42.2710026597379], [-70.95778955231935, 42.2709716592701], [-70.9581185530703, 42.27087965962701], [-70.95885155213853, 42.270674659103975], [-70.95918255247157, 42.27055665939063], [-70.95956955274393, 42.27044165921713], [-70.96015255305983, 42.27026965939158], [-70.96077555335353, 42.27002465975945], [-70.96106055298353, 42.26993865906954], [-70.96161455413818, 42.26974465884484], [-70.96170755342656, 42.26972965891844], [-70.96179955400693, 42.269696659672675], [-70.96237655423816, 42.26960965957376], [-70.96249955350983, 42.2695716595916], [-70.96270055434942, 42.26955065953271], [-70.96296955351418, 42.269500659316435], [-70.96339255391963, 42.26944365887133], [-70.96350055385733, 42.269401658766185], [-70.96363955421195, 42.26937265892351], [-70.96457055443472, 42.269086659490135], [-70.96495555453323, 42.268926659445064], [-70.96554755430822, 42.26865565868376], [-70.96573255535715, 42.26853965883595], [-70.96583255453396, 42.26850165902868], [-70.96631755521838, 42.26816965910696], [-70.96670155527286, 42.26781565895374], [-70.96714855519707, 42.267501659074206], [-70.96728655576104, 42.2674096588651], [-70.96776355576121, 42.267189658834646], [-70.96792555584524, 42.26709265890813], [-70.96798755536014, 42.267077658830225], [-70.96806355506098, 42.26703565834696], [-70.96829455538203, 42.26696865812909], [-70.96864055554819, 42.26681865853646], [-70.96871055559139, 42.26676365814902], [-70.9690645552929, 42.266640658680075], [-70.96937955588437, 42.26651765799089], [-70.96972655573599, 42.26634565879543], [-70.97005755586167, 42.266110658210074], [-70.97031055680168, 42.265839658008204], [-70.97054955571306, 42.26551165775996], [-70.97057255670897, 42.26550265803354], [-70.9705795567946, 42.2654756583916], [-70.9708875565202, 42.26500165835675], [-70.97094155659126, 42.26490165813492], [-70.97098755667642, 42.264864658293135], [-70.97098755613712, 42.26484265822646], [-70.97111855602112, 42.26465065844049], [-70.97115655660093, 42.26457365766339], [-70.97122555596935, 42.26450365820813], [-70.97163955598316, 42.26419865768997], [-70.97231555696916, 42.263918657940614], [-70.97306155752523, 42.26363865764925], [-70.97331055648831, 42.26355865741431], [-70.97387755755796, 42.26347765802054], [-70.97413655789329, 42.26346265765444], [-70.9743645572663, 42.263461657830085], [-70.97455055758743, 42.263506657771636], [-70.97470455751414, 42.263553657376335], [-70.975335557362, 42.26366865730496], [-70.97535855824458, 42.26367765749182], [-70.9756515573452, 42.26374865753288], [-70.97619055830876, 42.26385265753458], [-70.97628255809995, 42.2638956574843], [-70.9766755578477, 42.26396065748651], [-70.9767365581426, 42.263982657329635], [-70.97686755791841, 42.2640026577466], [-70.97710555811742, 42.264061658002404], [-70.97732155892686, 42.264102657600105], [-70.97775255842726, 42.26425765742074], [-70.97784555811116, 42.264278657898146], [-70.9782225592736, 42.2644386574158], [-70.97843755844887, 42.26455165740198], [-70.97859955849586, 42.26460265756546], [-70.97882455850232, 42.264691657562715], [-70.97923055957821, 42.26485365800053], [-70.97929255892998, 42.264865657626], [-70.97932355932939, 42.264901657662335], [-70.97943155878039, 42.26493565785414], [-70.9794775587074, 42.264970658072066], [-70.97992455945959, 42.26518765742631], [-70.98010855995095, 42.26527065766855], [-70.98033955968984, 42.26543765793166], [-70.9804015600175, 42.26545465819623], [-70.9805325596807, 42.265425657577325], [-70.98062455924233, 42.26537365749302], [-70.98089355915066, 42.26537865783121], [-70.98120155916095, 42.2654226579326], [-70.9820865605146, 42.26544365788228], [-70.98253355990333, 42.265449657801035], [-70.98333356087919, 42.265408657577034], [-70.98357256080118, 42.265349657475085], [-70.98446456032048, 42.264951657830245], [-70.98450356096002, 42.26491065800996], [-70.98459556047618, 42.26485965770537], [-70.98508056068283, 42.26447765743498], [-70.9851265608061, 42.264454657231326], [-70.98521856120541, 42.264348657223245], [-70.98531156128006, 42.26427965727569], [-70.98544256133131, 42.26421465746566], [-70.9854805606765, 42.26415965746291], [-70.98548056068212, 42.26411965746418], [-70.98553456110685, 42.26412265706513], [-70.98579556115523, 42.26393365751054], [-70.98601156149344, 42.26390765746307], [-70.98611156187353, 42.263928657363735], [-70.9861495614226, 42.26389565718524], [-70.98621956164031, 42.26394865760832], [-70.98695456210261, 42.264237657142765], [-70.98701956154204, 42.26426365775748], [-70.98717356163806, 42.26430165726391], [-70.98735456144898, 42.26437765775607], [-70.98765856135836, 42.2645046576257], [-70.98773556145352, 42.26452565701806], [-70.9879365624019, 42.264617657030406], [-70.98805856232008, 42.26467365754125], [-70.98812856175915, 42.264730657767196], [-70.98814956245563, 42.264739657268045], [-70.9883515618225, 42.26483065714632], [-70.98858056259506, 42.26494865755095], [-70.98860656253976, 42.264961657712504], [-70.98871356262669, 42.26499965739374], [-70.9888595623811, 42.26506465718388], [-70.98911456235615, 42.26517765755805], [-70.98945256259839, 42.265360657463354], [-70.98959956198416, 42.26541265753409], [-70.98965256312525, 42.26545665727669], [-70.98969956300535, 42.26547765795663], [-70.98996856297434, 42.26555865760213], [-70.99029256256283, 42.26580965732345], [-70.99029956290994, 42.26583265806091], [-70.99044656325938, 42.265937657518194], [-70.99046156319126, 42.26595965748137], [-70.99083156329318, 42.26612465755789], [-70.99090056278017, 42.26617265750794], [-70.99091656274294, 42.26619965767511], [-70.99110856266128, 42.26629965734711], [-70.99187856304631, 42.26648465812346], [-70.99240156340325, 42.266480658083516], [-70.99290956369013, 42.26640865728782], [-70.99333256397102, 42.26630665718932], [-70.99368756353977, 42.26620565759255], [-70.99508156416536, 42.26583965766409], [-70.99537956475692, 42.26576165727567], [-70.9955645647369, 42.265718657292936], [-70.9958725646547, 42.26571765731345], [-70.9960035641872, 42.26573765745723], [-70.99624256517436, 42.2658326572964], [-70.99646556470749, 42.26599565724675], [-70.99653456431989, 42.26613765715008], [-70.996550565431, 42.26620965771074], [-70.99658956506936, 42.266312657788895], [-70.99659656536683, 42.26646165765732], [-70.99663556493252, 42.266523657518334], [-70.99672756431877, 42.26651765772629], [-70.99673956439683, 42.26659165741749], [-70.99684656509844, 42.266576657131864], [-70.99684656514086, 42.266652657842975], [-70.99675056449742, 42.26666565722557], [-70.99666656496902, 42.2666986573358], [-70.996419564495, 42.26686965733387], [-70.9960425642802, 42.26699365730654], [-70.99597356434477, 42.26707065794404], [-70.9959735647778, 42.267151658084664], [-70.99615156479388, 42.2674506575094], [-70.9961515649049, 42.26747365776971], [-70.99617456465694, 42.26749065752601], [-70.99624456537477, 42.267939658272546], [-70.9963065651595, 42.2684966576065], [-70.99631356489706, 42.26861365766133], [-70.99639156509372, 42.26896865848174], [-70.99653856477347, 42.269560658049045], [-70.99657656492298, 42.269676657767896], [-70.99687056481217, 42.270819658509375], [-70.99700956582731, 42.27116365856496], [-70.99712456474622, 42.271391658116706], [-70.9972635651266, 42.271632658659456], [-70.99739456571383, 42.271787658739015], [-70.99749456608336, 42.27188465825617], [-70.99806456547759, 42.272293658207104], [-70.99949356572047, 42.27329565874487], [-71.00023156681817, 42.273908658970285], [-71.00047756660845, 42.27406165920944], [-71.00091256730555, 42.274251659337], [-71.00126156671354, 42.274403658615626], [-71.00196856717504, 42.274760659123515], [-71.00221456671964, 42.27486465891816], [-71.00232656729516, 42.274897658981885], [-71.00259956737247, 42.274979658827405], [-71.0032295677425, 42.27522065878391], [-71.00405956756349, 42.27549865926317], [-71.00578356836148, 42.275914659189105], [-71.00705956846262, 42.276283658843305], [-71.00793656958867, 42.27657465953291], [-71.00877956998325, 42.27680665935695], [-71.00935157016822, 42.2769636594547], [-71.0103055704188, 42.277275659032874], [-71.01088956965825, 42.27750865894073], [-71.01161257087206, 42.277842659327874], [-71.01213457085284, 42.27803665971243], [-71.01218057038064, 42.2780716592231], [-71.0126425707683, 42.278220658892856], [-71.01298057109109, 42.27835965972979], [-71.01330357117712, 42.2784396591016], [-71.01332857060245, 42.27844965942147], [-71.01353457148186, 42.278534659622224], [-71.01358157112264, 42.27856365954203], [-71.01431757153111, 42.27901565978131], [-71.0152095713325, 42.279472659538136], [-71.01590057157534, 42.27991965907634], [-71.01718957297588, 42.28085165990343], [-71.01752757248389, 42.28114765997173], [-71.01762257233077, 42.28125166009143], [-71.01863157261273, 42.282361659880706], [-71.01865457291944, 42.28238965949774], [-71.01906057346453, 42.282890659849244], [-71.01936657369781, 42.283393660333665], [-71.01956557297251, 42.28378166006242], [-71.01982357316233, 42.28445766042217], [-71.0198985741852, 42.28482566022297], [-71.02003957313977, 42.28526766005492], [-71.02007957354694, 42.28539366037883], [-71.02008157384631, 42.285398660037416], [-71.0201885732202, 42.285603660345565], [-71.02054157432016, 42.28599366077211], [-71.02089157422311, 42.28631166082472], [-71.02147657471018, 42.286841660908806], [-71.0215535742438, 42.286979661015614], [-71.0216915747968, 42.28712566041128], [-71.02193757422681, 42.28727466060074], [-71.02232157500951, 42.28741666080186], [-71.02252157492727, 42.287538660912396], [-71.0225525747947, 42.28759666055282], [-71.02258157443192, 42.28792966124632], [-71.02276557493174, 42.288241660773544], [-71.02274957484448, 42.28831866051722], [-71.02259557495798, 42.2883976608181], [-71.02230157510478, 42.288465660486615], [-71.02199357418013, 42.28857966081353], [-71.02137657370169, 42.2887166608842], [-71.02119157432348, 42.28880566129419], [-71.02108257436292, 42.28908166126244], [-71.02092757425227, 42.28919266104654], [-71.02083457401615, 42.28932066133661], [-71.02083257424056, 42.28978866092818], [-71.0206935746537, 42.289881661585774], [-71.02044657360119, 42.28995766095913], [-71.02036957420265, 42.29002666127455], [-71.02036857404583, 42.29018866087046], [-71.02041457450085, 42.29027766090259], [-71.02045557363252, 42.290340661707674], [-71.02049157392442, 42.29039366174013], [-71.02070657359648, 42.29060166172299], [-71.02074757387872, 42.290695661756025], [-71.02059757459533, 42.290679661378334], [-71.02021257461233, 42.29048466119153], [-71.01996757371525, 42.29039366112704], [-71.01936657323431, 42.29039066118937], [-71.01919657344789, 42.290447661243846], [-71.01902757406255, 42.29044666121704], [-71.01891857314011, 42.29047966108386], [-71.01893357345607, 42.2905606614139], [-71.0191645741778, 42.29067866108355], [-71.01911857388062, 42.290719661141424], [-71.01893357363355, 42.290722661582905], [-71.01871857370723, 42.2905956615011], [-71.01851857382678, 42.29053666187607], [-71.01827157388894, 42.29054966127186], [-71.01796357351047, 42.29061366132502], [-71.01776257361593, 42.29061266110792], [-71.01751657278196, 42.290486661210124], [-71.01739357272932, 42.29048866181708], [-71.01662557317013, 42.290065661548624], [-71.01656357246492, 42.29001666167356], [-71.0161325723388, 42.290029661675405], [-71.0157045719747, 42.290006661353516], [-71.01491757233791, 42.28996366172493], [-71.01429957178439, 42.28993066159843], [-71.0134985714973, 42.28994066161228], [-71.01312757135673, 42.29018066191244], [-71.01286557206332, 42.290257661827596], [-71.01274157137847, 42.29040866203234], [-71.01261757113444, 42.290496661359455], [-71.01244857191722, 42.29056666152563], [-71.01216957187074, 42.290760661753744], [-71.01192257161526, 42.29086466128349], [-71.0113505714688, 42.29126166144428], [-71.0112975713039, 42.291272661917006], [-71.01113557074153, 42.291305662126405], [-71.01068757045334, 42.29132766159027], [-71.01011757042728, 42.291449661954594], [-71.00970057070242, 42.291610662029946], [-71.00946857075078, 42.29174966210655], [-71.00931457058981, 42.291850661645874], [-71.00906757023557, 42.29185966192303], [-71.0087745704079, 42.29197266195412], [-71.00848156981796, 42.29202766169709], [-71.00835757073942, 42.29207466188884], [-71.00821856994668, 42.29208266217883], [-71.00811156973283, 42.29208866199216], [-71.00772656979271, 42.29204066244568], [-71.00760357010218, 42.29208366244551], [-71.00751057014084, 42.29221166191086], [-71.00741557014159, 42.292631662601714], [-71.00732257042321, 42.29286266235415], [-71.00693856967209, 42.29335566214318], [-71.00688857026883, 42.293419662792125], [-71.00662556956914, 42.29357766277696], [-71.00641156947172, 42.29374466238201], [-71.00630057020811, 42.29383066255552], [-71.00602356998323, 42.293907662573346], [-71.00591456930641, 42.29405866227217], [-71.00589956982375, 42.29413966223422], [-71.00583756944545, 42.29419466266601], [-71.00576456907723, 42.2942196625573], [-71.00540456895914, 42.294341662325365], [-71.0052345687346, 42.29446666260278], [-71.00501756903293, 42.29484466224336], [-71.00490856984085, 42.2949586629037], [-71.00489356882363, 42.295048663079314], [-71.0049565694966, 42.295124662903774], [-71.00513856881163, 42.29534666296774], [-71.00527556901022, 42.295668663116594], [-71.00530857000744, 42.29572466289739], [-71.00557256945643, 42.29617666259341], [-71.00564256898409, 42.296296663070535], [-71.00587556935527, 42.296497662919606], [-71.00594956963481, 42.2965616633814], [-71.00593156959212, 42.296962663164926], [-71.00594757005759, 42.297015662740385], [-71.00599256965599, 42.29716866331062], [-71.00599156918418, 42.29745266311078], [-71.00591357000135, 42.2977286629951], [-71.00584957018776, 42.2981396635089], [-71.00553756946663, 42.299004663475806], [-71.00547357021946, 42.299316663424925], [-71.00550456949358, 42.29945066323135], [-71.00558056929349, 42.29956666330985], [-71.0057195702541, 42.2996816631465], [-71.00639556950581, 42.300070663294804], [-71.00711857032148, 42.300381663243506], [-71.00770257069638, 42.30076366346174], [-71.00803957069584, 42.30093266350397], [-71.00845457016695, 42.30123166354392], [-71.00863857068597, 42.301404663536104], [-71.00865357144869, 42.30153066410201], [-71.00853057021062, 42.30162266416126], [-71.00820657019563, 42.301700664015925], [-71.00706557088132, 42.30180166405602], [-71.00669457030962, 42.30186666378109], [-71.00624857045322, 42.30188766356749], [-71.0054775698249, 42.30201366403996], [-71.00455256940161, 42.30204366394401], [-71.003426568607, 42.30215766415642], [-71.00276456953048, 42.30215566377505], [-71.00248656826982, 42.30217366390076], [-71.00205456873621, 42.30224466416107], [-71.00133056835259, 42.30242366411682], [-71.00099056791552, 42.30250166425572], [-71.00031256841834, 42.30261766427474], [-70.99930456838412, 42.30269366452068], [-70.9972485676357, 42.30300366421126], [-70.9970945676502, 42.30305566444375], [-70.99649456651457, 42.303282664137605], [-70.99573256682483, 42.30362066423326], [-70.99517756680883, 42.303895664349064], [-70.99492356682987, 42.30397166468018], [-70.99463856650071, 42.30401766499545], [-70.99423056592569, 42.30402866499538], [-70.99381456659222, 42.30400066490654], [-70.99310556635514, 42.30390866488233], [-70.99276656593578, 42.30383366439402], [-70.9923815657433, 42.303822664964336], [-70.9915885655665, 42.30390366523159], [-70.99042656559861, 42.304104665367205]]]}, "properties": {"TOWNNAME": "Quincy", "TOWNCODE": "243"}}, {"type": "Feature", "geometry": {"type": "Polygon", "coordinates": [[[-71.12680261590641, 42.40978468084517], [-71.12741561673658, 42.41031768051614], [-71.12810161660379, 42.410728680375314], [-71.12784361667201, 42.41114768047884], [-71.12778061591239, 42.41125068084417], [-71.1274346165452, 42.41175668077398], [-71.12709761600144, 42.41225268149811], [-71.1292716174082, 42.413144681516805], [-71.12987261659765, 42.41339268167419], [-71.12973961672942, 42.4135376808839], [-71.12924261697044, 42.41409268110433], [-71.12791561701769, 42.415593681616606], [-71.12699261630263, 42.41663868152223], [-71.12679761585274, 42.41685968193649], [-71.1266806158158, 42.417007682310256], [-71.12616561616287, 42.41766168224799], [-71.12592061603014, 42.41797268219778], [-71.12581861611689, 42.418096682267944], [-71.12676261653084, 42.418120681818145], [-71.12699161638487, 42.41812668257089], [-71.12712161695428, 42.41811568194601], [-71.1276016168666, 42.41807968256367], [-71.12834461644479, 42.41789668204242], [-71.12852661737476, 42.417852682479456], [-71.1288356171781, 42.417776682281385], [-71.13008761802557, 42.41751168221994], [-71.13053661749322, 42.41733068165636], [-71.13073461724285, 42.4172516822525], [-71.13116061819584, 42.41705168169991], [-71.13134861813981, 42.416882682024], [-71.13146761784077, 42.416774681655674], [-71.13151961743522, 42.416616681507975], [-71.13157761803994, 42.41644068153333], [-71.1316326177155, 42.415832681209245], [-71.1316536179539, 42.41560368149155], [-71.13181461824995, 42.415425681889495], [-71.13193961852677, 42.41528768142115], [-71.13231761745234, 42.415224681792196], [-71.13239861811665, 42.41490568126684], [-71.13240061795324, 42.414581681252], [-71.13247261844654, 42.41371168146833], [-71.13273761814256, 42.41240068062167], [-71.13276261798413, 42.41163568068997], [-71.1326526184322, 42.411185680504204], [-71.13237961828689, 42.41057368072988], [-71.13227361722589, 42.41013568090369], [-71.13225461758587, 42.409821680319695], [-71.13229761757506, 42.40943868073739], [-71.13241561821161, 42.40901868071177], [-71.13260261788106, 42.40867368047484], [-71.13275861789529, 42.40841168014896], [-71.13305561800016, 42.407999680355836], [-71.13380561761574, 42.40707667981819], [-71.13383361808239, 42.40703468005436], [-71.13418161877097, 42.40651167959946], [-71.1343796187021, 42.40607167983409], [-71.134463617608, 42.40574167996398], [-71.1344616183255, 42.4049876796868], [-71.13446261779785, 42.4049616792497], [-71.13450161826573, 42.404392679230035], [-71.13451261852394, 42.40420767922695], [-71.1345146186262, 42.404180679053184], [-71.1344556180662, 42.40413067931837], [-71.13444961816445, 42.404125679026045], [-71.13442461852914, 42.40410467897009], [-71.13429361811025, 42.404006678998414], [-71.13380861738626, 42.40364067926599], [-71.13365361768516, 42.40347167920782], [-71.13129261749381, 42.40157767900622], [-71.13069861715721, 42.40095167900141], [-71.13021161706857, 42.40041567840396], [-71.12973861655792, 42.39983267843235], [-71.12914161557832, 42.39908067895625], [-71.12882161607226, 42.39870367821118], [-71.12828461562762, 42.398116678028444], [-71.12778861598014, 42.39751467865437], [-71.1273756151444, 42.397093677795645], [-71.12638261512697, 42.395851678011354], [-71.12581661427117, 42.39526167810716], [-71.12543361466878, 42.39488267824784], [-71.12522461427837, 42.39464067771758], [-71.12436861384016, 42.39366167782856], [-71.12431361476618, 42.393592677257935], [-71.12373761424658, 42.39306467776275], [-71.12298761312475, 42.39238567744939], [-71.12283861374138, 42.392250677349836], [-71.12217361339633, 42.392771677605396], [-71.12097461282997, 42.39371467740871], [-71.12054061231584, 42.39310867813259], [-71.12027261249051, 42.392722677434655], [-71.12021461245449, 42.39264967762631], [-71.11986061253126, 42.392306677536034], [-71.11911661217648, 42.39156067712585], [-71.118820611706, 42.39129267722843], [-71.11836861229447, 42.390894677236886], [-71.11801561177178, 42.39053567748294], [-71.11708561205755, 42.38958967675352], [-71.11796661184803, 42.38913467705769], [-71.11790061188155, 42.389015676565684], [-71.1177686113529, 42.3888626773371], [-71.1173946113962, 42.388423676893254], [-71.11815961192463, 42.388033676433885], [-71.11819361217535, 42.388017676920136], [-71.11784261194686, 42.38770367635921], [-71.1176106114988, 42.387495676899555], [-71.11692461156967, 42.3866966769927], [-71.11615861056428, 42.38582167688525], [-71.11558461127484, 42.385166675913176], [-71.11471461104988, 42.38439367586645], [-71.11406261033682, 42.383830675739084], [-71.11358160993976, 42.38340967620033], [-71.11326860941055, 42.38314067601794], [-71.1129396095322, 42.38285867596437], [-71.11165660874211, 42.38175767611514], [-71.11157860887472, 42.38179467553058], [-71.11123660944979, 42.38173867602986], [-71.11064360936636, 42.381648676098315], [-71.10964960800182, 42.380841676068236], [-71.10908860828111, 42.38038667559326], [-71.10878560856783, 42.38013967552129], [-71.10785560771278, 42.3793826754772], [-71.10845760815775, 42.37912067529807], [-71.10801460849852, 42.378736675650764], [-71.10727260821452, 42.37809567520117], [-71.10594360678131, 42.37682767500604], [-71.10576960652044, 42.37666267518041], [-71.1055996072114, 42.37650267457576], [-71.1054276068379, 42.37634067541784], [-71.10499660706091, 42.37595867475631], [-71.10470260627199, 42.375699674748226], [-71.10417360697835, 42.375209674441635], [-71.1036646058152, 42.374771674369846], [-71.10317260621981, 42.37430567503822], [-71.10157060519425, 42.37434267429666], [-71.10036160564346, 42.374368675211635], [-71.09947760434387, 42.37439467458005], [-71.09893760506989, 42.374406674688004], [-71.09763960487648, 42.37443567493436], [-71.09746360401128, 42.3744396749662], [-71.09741660381101, 42.37443667459292], [-71.0963376042719, 42.374377675313575], [-71.09552060417404, 42.37433367509577], [-71.09474960318086, 42.37430067506818], [-71.09374560312847, 42.37425967468036], [-71.09282460286137, 42.37419667456367], [-71.09146660261527, 42.374103675013686], [-71.09085960244418, 42.37405367473137], [-71.0903096023197, 42.37400767526586], [-71.08961960177096, 42.37398067490451], [-71.08952260168344, 42.373976675460966], [-71.08861560135054, 42.373729674891315], [-71.08790260093092, 42.373538674962155], [-71.08750660142567, 42.37343067527162], [-71.08701360105114, 42.373304674992625], [-71.08640460041586, 42.37314767465092], [-71.08621560010786, 42.373099675005925], [-71.08608860081092, 42.37306767477529], [-71.08550459985253, 42.373975674978496], [-71.0854436007316, 42.374053675636674], [-71.08528460031319, 42.37394667519504], [-71.08465560041905, 42.373527675022046], [-71.08434259935244, 42.373354675296056], [-71.08411259935608, 42.3732816752353], [-71.08400959988313, 42.37324967484675], [-71.08373960025806, 42.37324767541791], [-71.08349459936181, 42.373301675461555], [-71.08322760002852, 42.37338567475591], [-71.08297759983219, 42.37341567555739], [-71.0826015996801, 42.373458675278755], [-71.08250459891966, 42.37346967498478], [-71.08245159977211, 42.37347567479199], [-71.08203059938025, 42.37365867490041], [-71.0819805995807, 42.37368167559503], [-71.08187259902847, 42.37372667552817], [-71.08131659850777, 42.373953675304996], [-71.08128659845772, 42.37397167537389], [-71.08106659942143, 42.3740966750176], [-71.08095459827659, 42.37415867493345], [-71.08083159925555, 42.37422867512426], [-71.0802395987816, 42.37416767553548], [-71.07976759853591, 42.37412267548067], [-71.07947159858433, 42.37397767578775], [-71.07906259875955, 42.373920675430035], [-71.07867559769275, 42.3738396751239], [-71.078173597839, 42.373759675225855], [-71.07808359723327, 42.37375367515713], [-71.07780459789264, 42.373736675035104], [-71.07702659701586, 42.37371767577225], [-71.07585659724415, 42.373452675368824], [-71.07559159736716, 42.37319167532545], [-71.07546759741017, 42.37306867521596], [-71.07525359698914, 42.372857675442056], [-71.07522059625124, 42.372825675323874], [-71.0747475960911, 42.37277067573508], [-71.07443059694967, 42.372732675374614], [-71.07407659650173, 42.37289467545561], [-71.07307459612673, 42.37335667504467], [-71.07296859627624, 42.37335067551072], [-71.07285959654848, 42.37334067556831], [-71.07272859618342, 42.373330675733364], [-71.07277059650325, 42.37344967591406], [-71.07287359645873, 42.3737026753226], [-71.07293259622695, 42.37384767581588], [-71.07309159674054, 42.374200675183005], [-71.0732555964053, 42.37459167593784], [-71.073420596177, 42.3749916757892], [-71.07370759648944, 42.37566367553829], [-71.0737515962046, 42.37575567590085], [-71.07377959686298, 42.37581967567814], [-71.07382459657806, 42.37592367603036], [-71.07388659614759, 42.37607767551754], [-71.07392859682835, 42.37616567562698], [-71.0743055969589, 42.377045675974415], [-71.07439759647032, 42.37726067609728], [-71.07439759653161, 42.37730667621647], [-71.07452759705264, 42.37760967661637], [-71.07461659745341, 42.37781767651836], [-71.0746975967819, 42.37800667593491], [-71.07514759735805, 42.3789976762666], [-71.07529859693399, 42.37932967667498], [-71.07567659760596, 42.38016067650955], [-71.07569659749215, 42.380205676317445], [-71.07588159789037, 42.38023267651401], [-71.0761275972874, 42.38026767693573], [-71.07618859794646, 42.38027667674959], [-71.0763965975359, 42.380305676646024], [-71.07649659761218, 42.380330676612466], [-71.07651059719385, 42.380334676797766], [-71.07651359710505, 42.38033567635382], [-71.07656859796012, 42.38034867635523], [-71.07658059821944, 42.380351677058954], [-71.0766175977656, 42.3803616767531], [-71.07663059740399, 42.380364676627934], [-71.07664459762607, 42.38036767658219], [-71.07668859821831, 42.38037867702506], [-71.0767025978288, 42.3803826762867], [-71.07678959789429, 42.380403676812406], [-71.07705759837405, 42.38045767656708], [-71.07714659803617, 42.38047567631944], [-71.07720059735551, 42.38048667640369], [-71.07729659814937, 42.38050567677766], [-71.0773665978313, 42.38050567646634], [-71.07742259781485, 42.380505676907724], [-71.07747659784927, 42.380505676278815], [-71.07759659764311, 42.38050567669006], [-71.07759659821231, 42.38055067655141], [-71.07759659755608, 42.380605676776455], [-71.07761859832426, 42.38060567652602], [-71.07764859771154, 42.380605676826356], [-71.07774059826622, 42.380605676927324], [-71.07777159824585, 42.38060567636669], [-71.07779059846331, 42.38060567677485], [-71.07784759790745, 42.38060567707578], [-71.07786759871726, 42.38060567664139], [-71.07789259760155, 42.3806056765358], [-71.07797059844182, 42.38060567640339], [-71.07799659791237, 42.38060567634452], [-71.07808559805488, 42.38062567670395], [-71.07835459818958, 42.38068667681053], [-71.07844459793296, 42.38070667695341], [-71.07873059787815, 42.38076967678038], [-71.07889659805726, 42.38080567651374], [-71.07960359895432, 42.38087667661191], [-71.07989659888304, 42.380905676435994], [-71.08013959885673, 42.38094067710956], [-71.08059559919897, 42.38100567630564], [-71.0806435985866, 42.38127667680777], [-71.08068659945178, 42.381518677081914], [-71.08072659926826, 42.38164467638687], [-71.08084459965288, 42.38202267681294], [-71.08088459953954, 42.38214967716294], [-71.08089759957443, 42.38219667707131], [-71.0809345992253, 42.382338676916106], [-71.08094759877984, 42.38238667703108], [-71.08080759923807, 42.382453676670536], [-71.08071459919951, 42.382494677056044], [-71.08044859885358, 42.38261167705575], [-71.0800835994796, 42.3827816768281], [-71.08001259930191, 42.382819677066145], [-71.07978559887226, 42.382940677414226], [-71.07972859881018, 42.38302267690566], [-71.07955759906028, 42.3832726769713], [-71.07950059845895, 42.383356676776074], [-71.0793395985762, 42.383545677360914], [-71.07885659926644, 42.384114677268364], [-71.07869559857986, 42.38430467714615], [-71.07846859870624, 42.384607677280364], [-71.07778659810958, 42.38551967729221], [-71.07755859854682, 42.38582467774258], [-71.07754859850904, 42.3858376780413], [-71.07751859837693, 42.38587667803166], [-71.07750859832862, 42.385889677426434], [-71.077493597934, 42.38590967797407], [-71.07746459840462, 42.38594867802319], [-71.07737659832227, 42.38606667736323], [-71.07734659797543, 42.38610567730669], [-71.07729159875177, 42.386178677360796], [-71.0771965980803, 42.38630467777272], [-71.0771435977794, 42.386410677810154], [-71.07710259838558, 42.386492678044945], [-71.07709659784739, 42.38650467748277], [-71.07708459811494, 42.38651267741443], [-71.07701459798709, 42.386559677806574], [-71.07699059847754, 42.38657567765129], [-71.07695259842282, 42.386600677470256], [-71.07683659848618, 42.38667867824621], [-71.07679659874968, 42.38670467807687], [-71.07676259763716, 42.38677267750282], [-71.07666059870631, 42.386976677532225], [-71.07662659850955, 42.387044677818416], [-71.0766265975617, 42.387065677838805], [-71.07662759839674, 42.38713167773761], [-71.07662759803881, 42.387153677975256], [-71.07662859789056, 42.38720567755354], [-71.07653059857745, 42.387352678088675], [-71.07614859806715, 42.38792667806124], [-71.07609659846936, 42.38800467794677], [-71.07601859837652, 42.38811567823557], [-71.07566959763189, 42.38861167782692], [-71.07462259770979, 42.39009967813896], [-71.07427359810156, 42.39059567875413], [-71.07435859727387, 42.390626678465324], [-71.07435259807241, 42.390653678277864], [-71.07436259814126, 42.39072567851707], [-71.07524559796141, 42.39226767920472], [-71.07523659760919, 42.392317679206066], [-71.07519259837878, 42.39237667887268], [-71.07510159790762, 42.39249567898691], [-71.07512959847634, 42.39262967875141], [-71.07569959868287, 42.39363567913935], [-71.07601359773244, 42.394189679332726], [-71.07615159794292, 42.39441667898014], [-71.07568759811677, 42.39457867905168], [-71.07584159804891, 42.39485467919722], [-71.07628259807124, 42.394711679809106], [-71.0768785991894, 42.39581267990832], [-71.07716659858959, 42.395845679605074], [-71.07748459883551, 42.395882679755104], [-71.07799559948134, 42.395981679958716], [-71.07896759958504, 42.396261680041576], [-71.07986360013005, 42.396569679474396], [-71.07997959941844, 42.39659467971368], [-71.08028760006628, 42.39659767966584], [-71.0803035997437, 42.396602679666096], [-71.08249260063526, 42.397313679447414], [-71.08292660037087, 42.39751367973342], [-71.08310860061593, 42.39767167958807], [-71.08321460133968, 42.39780067954345], [-71.08325360139716, 42.39793068006827], [-71.08328160051073, 42.39823667994355], [-71.08336760092185, 42.398351679960044], [-71.0835506009229, 42.398492679980414], [-71.08359860110045, 42.39859968013841], [-71.08361760087756, 42.39874367953557], [-71.08365660146828, 42.398787679636534], [-71.08383360079027, 42.3988566800014], [-71.08394560167966, 42.39889967997514], [-71.0840136008036, 42.398920679973656], [-71.08425360120567, 42.39899268026751], [-71.08429160096092, 42.39899667974639], [-71.08439860102618, 42.39886867983111], [-71.08454260089536, 42.39878067964222], [-71.0846396012011, 42.39877468010334], [-71.08475460106429, 42.39880868010021], [-71.08522660119344, 42.399029679903464], [-71.08571760219425, 42.39929568007185], [-71.0860446021924, 42.3994376796117], [-71.08642060258815, 42.399534680027394], [-71.08691160169057, 42.39955268008505], [-71.08723060181764, 42.39951967974666], [-71.0878856029376, 42.39936867967335], [-71.08882060278302, 42.39900467988916], [-71.08952360317882, 42.39882068015254], [-71.09014060327509, 42.398592680140844], [-71.09044860343798, 42.398519679958156], [-71.09068060393984, 42.39851567986978], [-71.09073860288858, 42.398501679715174], [-71.0909796031701, 42.39851467952297], [-71.09103660394183, 42.39853667970116], [-71.09124860368523, 42.39869467953745], [-71.0913356032476, 42.39873767982946], [-71.09147960394849, 42.398793679905594], [-71.09183360318102, 42.39846167998067], [-71.09262960446841, 42.39911467959192], [-71.0930076036171, 42.39923867935856], [-71.09353060469098, 42.39942067932562], [-71.09431460456514, 42.39967667932342], [-71.0954856056711, 42.40006068002346], [-71.09576660557171, 42.400154679841314], [-71.09625960563902, 42.400318679664245], [-71.09668860533802, 42.400462680236366], [-71.09723460603023, 42.39981767988255], [-71.09831260652022, 42.398545679282364], [-71.09955060571504, 42.397083679025], [-71.10033460639309, 42.396158678719615], [-71.10044860699335, 42.39621067869154], [-71.10051460624034, 42.3962346788412], [-71.10108460611451, 42.3964396784954], [-71.10178060680387, 42.39665767931207], [-71.1017756066483, 42.396666679220374], [-71.10203960696444, 42.396755678651964], [-71.10226560655701, 42.3968326786412], [-71.10253760770205, 42.39692167936669], [-71.10308160743124, 42.39709967886659], [-71.1035256077489, 42.397247678758305], [-71.10351260769664, 42.397259678821285], [-71.10419460758251, 42.39749767944535], [-71.1044636077092, 42.39758867919069], [-71.10608860905047, 42.398139678764835], [-71.10770460899442, 42.3986896792463], [-71.10866560888792, 42.399016679198276], [-71.10898360943517, 42.399103679225284], [-71.10900660940815, 42.39911067962222], [-71.10903860956316, 42.3991216790242], [-71.1093786091096, 42.39923867888762], [-71.11075061060579, 42.39971167926511], [-71.11168561050545, 42.40001267923384], [-71.11237461095544, 42.40023467918386], [-71.1130426112592, 42.400572679184535], [-71.11311961130443, 42.40060067926865], [-71.11401061080889, 42.40099667898899], [-71.11489461143589, 42.40218867946841], [-71.11534661225778, 42.402736680098556], [-71.11546961247443, 42.40505668023237], [-71.11554161241943, 42.40515367996738], [-71.1156356125454, 42.40519168047479], [-71.1158616125216, 42.405273679706966], [-71.11651661278333, 42.405509679724766], [-71.1165746126596, 42.40553367991531], [-71.11659461286443, 42.40554068048457], [-71.11665261278219, 42.405562680217706], [-71.11673661277251, 42.40559068043159], [-71.11682161265391, 42.40562268024684], [-71.11741961211527, 42.40583767987347], [-71.11932861326594, 42.4065336801096], [-71.11945661331701, 42.40633568037584], [-71.12166861388627, 42.40709668064338], [-71.12175261447632, 42.4071246798749], [-71.12160261397143, 42.40736768036889], [-71.12155661422543, 42.40744268068847], [-71.12399661443204, 42.40827668019656], [-71.12396961504753, 42.408317680640415], [-71.12396061488482, 42.40833168025478], [-71.12387361475135, 42.40847068055708], [-71.123537614926, 42.408939680645425], [-71.12343761508582, 42.40908668025872], [-71.12338961471514, 42.40915568068777], [-71.12570161531613, 42.40997168084038], [-71.1258546151345, 42.40973468077914], [-71.1261796161016, 42.409235680725104], [-71.12680261590641, 42.40978468084517]]]}, "properties": {"TOWNNAME": "Somerville", "TOWNCODE": "274"}}, {"type": "Feature", "geometry": {"type": "Polygon", "coordinates": [[[-71.01398358096814, 42.444994690698955], [-71.01459558089894, 42.445604690839275], [-71.01464158089436, 42.445658691432335], [-71.01622858131333, 42.44753569160755], [-71.01667658189358, 42.448065691378694], [-71.01679558158531, 42.44820469157009], [-71.01829558237405, 42.44960469165762], [-71.01849558326553, 42.45010469185662], [-71.0197955830545, 42.449204691714115], [-71.02029558288235, 42.4489046912021], [-71.02239558405644, 42.44700469066368], [-71.02309558370614, 42.44660469089054], [-71.02348658458594, 42.44619269101334], [-71.02363558458285, 42.44604369085578], [-71.02367958457735, 42.44600369090739], [-71.02456558479602, 42.44556969082433], [-71.02495858416432, 42.44539769106457], [-71.02523558503782, 42.445143690195714], [-71.0254495841545, 42.444946690112005], [-71.02546758465337, 42.44496569074929], [-71.02548658434456, 42.44498469099917], [-71.02577758497624, 42.44476169072713], [-71.02583558437553, 42.44471669075603], [-71.02569758523951, 42.44455269029521], [-71.02557258448145, 42.44440569087305], [-71.02499658481348, 42.44372369034668], [-71.02116858301669, 42.439193689874244], [-71.02037758290263, 42.43825868986145], [-71.02100558309655, 42.437125689167615], [-71.02111758291224, 42.43692268895319], [-71.02115358290152, 42.43685868947225], [-71.02128658257737, 42.43661668910936], [-71.02134858305305, 42.43651368874588], [-71.02153258274939, 42.4361656890535], [-71.02154958305795, 42.43613668886418], [-71.02158158256027, 42.43608068868027], [-71.02162758298908, 42.436007689114035], [-71.02175258307618, 42.43577468921852], [-71.02205758286348, 42.43522368900189], [-71.02216158347201, 42.43503068898617], [-71.02221858302984, 42.43493368842396], [-71.0230025830268, 42.43352968822355], [-71.02303658283722, 42.43346868855608], [-71.02404358368764, 42.43165168847359], [-71.02408858348986, 42.43159068803147], [-71.02492958403539, 42.430093687547085], [-71.02496558349576, 42.43004068818935], [-71.02519558395092, 42.42970468727552], [-71.02520558329483, 42.42968168770361], [-71.0252225836055, 42.42964268755568], [-71.0252735839655, 42.42952768750978], [-71.02528958381836, 42.429489687935714], [-71.02531258414238, 42.42943768729276], [-71.02532158402863, 42.429416687607315], [-71.02535458353564, 42.429341687370304], [-71.02536858389598, 42.4293106873032], [-71.02541058337853, 42.429235687237785], [-71.0255295834839, 42.42902368782506], [-71.02562858377064, 42.428850687843756], [-71.025721583277, 42.4286806870868], [-71.02582858432416, 42.42849268704026], [-71.02589158443473, 42.42837668729192], [-71.02613558406193, 42.42794168716679], [-71.02685158355737, 42.426664686619766], [-71.02710858394352, 42.42620768721579], [-71.0271765846911, 42.426085687096844], [-71.02723958421272, 42.425972687188256], [-71.02739358457052, 42.425697686619124], [-71.02818458415524, 42.424290686914446], [-71.02825758438958, 42.424156686084444], [-71.02806558417517, 42.42416368660052], [-71.02809658426806, 42.42410568627639], [-71.02816558398872, 42.424000686885826], [-71.02837058410545, 42.42368568656824], [-71.02843858407593, 42.423580686512594], [-71.02856258419168, 42.42339068634772], [-71.02861458458221, 42.42331068622891], [-71.0286475846359, 42.42326968670116], [-71.02878558462001, 42.423003686240115], [-71.02889058475701, 42.42280268665007], [-71.02899458403284, 42.4226026857732], [-71.02901258515347, 42.4225626861995], [-71.02906658442106, 42.422444686062576], [-71.029084584236, 42.42240468647113], [-71.02913158439696, 42.42230068581872], [-71.02927258514654, 42.42198868643632], [-71.02931958452992, 42.421885685906155], [-71.02939058519007, 42.42173868599718], [-71.02942758492003, 42.42166068580619], [-71.02962058520345, 42.421307685518336], [-71.02962858505936, 42.421293685551944], [-71.02970358471819, 42.42116868569378], [-71.02974058495833, 42.421106686060526], [-71.02976158524257, 42.42107468588812], [-71.02986158419459, 42.420928685487475], [-71.029897584954, 42.4208446860946], [-71.02993558442294, 42.42079368558755], [-71.030000584659, 42.42070568579001], [-71.0300165852615, 42.42067768580469], [-71.03006558456472, 42.420593685405024], [-71.03008158511005, 42.4205656854099], [-71.03013758493864, 42.42046868561035], [-71.03030458446703, 42.42017868577048], [-71.03035958468706, 42.42008268558986], [-71.0303805847371, 42.420047685567056], [-71.03044358460656, 42.4199436856839], [-71.03045558493412, 42.41992368540616], [-71.0304645845639, 42.419908685644614], [-71.03052358469915, 42.41980968575913], [-71.03069958468247, 42.419516685376614], [-71.03075858516264, 42.419418685576375], [-71.03082458451901, 42.419290685442085], [-71.03099358500735, 42.4189636858039], [-71.03101958485594, 42.41891468507177], [-71.031086585046, 42.418790685195006], [-71.03110958512136, 42.41874868540106], [-71.03114958537756, 42.41867368576638], [-71.03127558509846, 42.41844168541589], [-71.0313285853972, 42.41832168504429], [-71.03138258558721, 42.418200684903965], [-71.03144758542436, 42.418038684848305], [-71.03160258458489, 42.41765268502606], [-71.03163958524041, 42.417554685252746], [-71.03170158509539, 42.41739268543186], [-71.03171958533456, 42.41735368470475], [-71.03177358566555, 42.41723868472613], [-71.03179158568996, 42.41720068509723], [-71.0318315855663, 42.417113685370595], [-71.03195358565279, 42.41685268522993], [-71.03199358497604, 42.41676668475016], [-71.0320005852292, 42.41675068462307], [-71.0320215857352, 42.41670468466027], [-71.03202758469438, 42.416689685173324], [-71.03207458569942, 42.41658368459436], [-71.03221658526103, 42.41626568497891], [-71.03226358552145, 42.41616068452284], [-71.03232158490152, 42.416033684471046], [-71.03245758521454, 42.41573468487581], [-71.03247158476525, 42.41565068436342], [-71.03249358561906, 42.415514684641145], [-71.03260558565731, 42.415367684336715], [-71.03294058504672, 42.41492768430399], [-71.03305158541642, 42.414781684210126], [-71.0330955855663, 42.414704684344834], [-71.0331215856147, 42.41459368438458], [-71.03320358490333, 42.4142346843621], [-71.03277258566824, 42.41383668441272], [-71.0313545852184, 42.412527684110785], [-71.03103858442817, 42.412236683937195], [-71.03045458410601, 42.411705684088254], [-71.02924058416713, 42.410576684359086], [-71.02905058398807, 42.41028868395823], [-71.02846358342589, 42.40952368348992], [-71.02720158261533, 42.407876683556125], [-71.02711558295427, 42.407790683694714], [-71.02703958256771, 42.40763668331581], [-71.02697158265012, 42.40746768374516], [-71.0268985831901, 42.40734068335843], [-71.02688458315038, 42.40709468304484], [-71.02689158354104, 42.406917682968135], [-71.02688858274604, 42.40655868295815], [-71.0268505831449, 42.406486683296414], [-71.02682658258446, 42.40644168303223], [-71.02680158259552, 42.406419683575855], [-71.02669058297478, 42.40632468307563], [-71.02646858269901, 42.40613268311149], [-71.02632758290181, 42.40601068357577], [-71.02623758236761, 42.40593368287107], [-71.0260045820393, 42.4058016828662], [-71.02585558298419, 42.40577268322066], [-71.02575358206882, 42.405765682799704], [-71.02558758286133, 42.405806683570106], [-71.02517858269697, 42.40592768299922], [-71.02509858270705, 42.40593168328991], [-71.02490158223048, 42.40590868278273], [-71.0247065820542, 42.405819683257434], [-71.02459858255665, 42.40577068315062], [-71.02442358263932, 42.40569068305289], [-71.02427358155951, 42.40564968274419], [-71.0241765821552, 42.40561268346208], [-71.02410958252398, 42.40556868330603], [-71.0240685816328, 42.40553068297514], [-71.02401858236163, 42.40548468331255], [-71.02399458149995, 42.405425683035034], [-71.02392858243665, 42.40536968343478], [-71.0238475823645, 42.40533268342833], [-71.02375358122354, 42.40532768324519], [-71.02368258219326, 42.405341683227164], [-71.02360258211681, 42.40539768282484], [-71.02352758232773, 42.4054716835204], [-71.0234685819712, 42.405527683532064], [-71.02336758113371, 42.40556068290872], [-71.02327858172231, 42.40555268350335], [-71.0231645817734, 42.405502683080705], [-71.02308858184098, 42.40542368344383], [-71.02303358159094, 42.40537968286133], [-71.02299658132941, 42.4053196832001], [-71.02298258163623, 42.40522268269147], [-71.02295058168717, 42.40518568346419], [-71.0229155820551, 42.40514568285308], [-71.022855581118, 42.40513368272316], [-71.02277558144594, 42.40515368303043], [-71.02270658180207, 42.40518668307469], [-71.0226615815392, 42.40523268277333], [-71.02263358126213, 42.4052956827902], [-71.02262158106657, 42.40537168353303], [-71.02261758191973, 42.40539968285551], [-71.02257258164585, 42.40545868350611], [-71.02252558183133, 42.405480683211124], [-71.02244358098, 42.40549568291632], [-71.02234358146946, 42.40548468331463], [-71.02226358074533, 42.40546568299812], [-71.02216458163251, 42.40543468310199], [-71.02209458103025, 42.405393683453084], [-71.02191658121957, 42.40529568300555], [-71.02160958107325, 42.405261682951064], [-71.02083958026118, 42.40519968320599], [-71.02082058064963, 42.40521368273336], [-71.02061858029559, 42.40519868278495], [-71.02044458098506, 42.40512568316995], [-71.02038758121576, 42.40503168294819], [-71.02037758067948, 42.404874683175734], [-71.02043658023268, 42.40478368351117], [-71.02053258013488, 42.40470568320689], [-71.02103458139253, 42.40448468321719], [-71.02114958061783, 42.40439268283238], [-71.02119858124115, 42.404292683350725], [-71.0212055812736, 42.40425668312928], [-71.02120658051238, 42.40421168301738], [-71.02120458036855, 42.40420968326948], [-71.02120258079331, 42.404171682989286], [-71.02119958038921, 42.40405668270158], [-71.02115758077304, 42.40385068245082], [-71.0211035810234, 42.403762682822666], [-71.02099758101211, 42.403638683181825], [-71.02085358019585, 42.40351968296161], [-71.0207555802499, 42.40351168282827], [-71.02070058032575, 42.403506683186066], [-71.02061758104277, 42.403532682497435], [-71.02051558124808, 42.403568683066425], [-71.02046858052418, 42.4035796831696], [-71.02038558019119, 42.40361668287522], [-71.02035358040257, 42.403635683244964], [-71.01938458083261, 42.40371268249554], [-71.0192715801661, 42.40372268264693], [-71.01887857960439, 42.40372668339131], [-71.01844458040979, 42.40356668302406], [-71.01812658018815, 42.40338668259015], [-71.01808858023188, 42.40336568280934], [-71.01804057923646, 42.403308682898476], [-71.01798057976295, 42.40324968269971], [-71.01782657929621, 42.40289168251868], [-71.01703557975083, 42.40272368317169], [-71.01535957933099, 42.40277968273581], [-71.01471657886042, 42.40285768280161], [-71.0141505781392, 42.40292568260648], [-71.01377257890596, 42.402972682681764], [-71.01155557747413, 42.4019156825296], [-71.01111957740427, 42.40184168244303], [-71.0110525772877, 42.40183068262285], [-71.01089257714168, 42.40180368292452], [-71.01080857778712, 42.40174268273222], [-71.01031657734345, 42.40199868303689], [-71.01013357690212, 42.401983683342515], [-71.0096995767718, 42.401874683318866], [-71.00906357633203, 42.40184068261655], [-71.00874557707836, 42.40174668275005], [-71.00862257693773, 42.40176768255388], [-71.00859557649073, 42.40179468294337], [-71.00849557684987, 42.40184568287576], [-71.00841857613726, 42.401847683034916], [-71.00836057696375, 42.40178068276947], [-71.00828457634046, 42.40158868294777], [-71.00827257649246, 42.4015756828804], [-71.00819757662353, 42.40150868280938], [-71.00811057678574, 42.40147868262057], [-71.00790857692468, 42.4014826833081], [-71.00782257587224, 42.40142068294556], [-71.00778357617283, 42.401318683130626], [-71.0077755765056, 42.4011056829239], [-71.00777457595383, 42.40107568295163], [-71.0077265758069, 42.40095868277627], [-71.00772757645439, 42.40092268286078], [-71.00782357583526, 42.40079968239531], [-71.00863557593074, 42.39985368279152], [-71.00872257665505, 42.39978468275343], [-71.00907557641835, 42.39969868232961], [-71.00922457721357, 42.39966268254828], [-71.00940757685316, 42.3995746821009], [-71.00949457681638, 42.399504682160135], [-71.00954257728772, 42.399382682032275], [-71.00953357708883, 42.39930668211252], [-71.0094565768067, 42.399239682397315], [-71.00928357652803, 42.39915268220855], [-71.00929357698683, 42.39908068222535], [-71.0109265776578, 42.397034681546906], [-71.01115057707767, 42.39675168143963], [-71.01127257725304, 42.3965976818115], [-71.01193057737136, 42.39576068164223], [-71.01168257686233, 42.39572668176375], [-71.01000157655366, 42.39549868163931], [-71.00989457643497, 42.39548368185153], [-71.0098305761098, 42.39546468150483], [-71.00894557632604, 42.39520068157211], [-71.00586157474402, 42.39390068158054], [-71.00560057532132, 42.393969681121085], [-71.0053855751529, 42.39409668159802], [-71.00140757429675, 42.39674868175286], [-71.00068357352325, 42.396825682474415], [-70.99876857360958, 42.39698168213639], [-70.99815857317611, 42.39689568227587], [-70.99689557289602, 42.39646368195669], [-70.99676757217901, 42.39642168208329], [-70.99665157216863, 42.39640468240071], [-70.99655757294502, 42.39635468251748], [-70.99647557219663, 42.39631668186081], [-70.99597157248941, 42.395106682219506], [-70.99540057213193, 42.393884681523836], [-70.99536157122087, 42.393821682150296], [-70.99530857185118, 42.39376668163859], [-70.99529857149157, 42.393755682182004], [-70.99523657183498, 42.393685682086826], [-70.9952185711896, 42.39367468173997], [-70.99507757171673, 42.39359268166197], [-70.99504757130352, 42.39357468201627], [-70.99502257195476, 42.39355568158315], [-70.99494257112205, 42.393512682068014], [-70.99480657161428, 42.39345468184985], [-70.99477457154727, 42.393430681940465], [-70.99458057168552, 42.39333768199216], [-70.99445457199647, 42.39332468202496], [-70.99443457090726, 42.39332268194061], [-70.99436457135594, 42.39331568163675], [-70.99428657103941, 42.39330768192068], [-70.99429557199464, 42.39327368161154], [-70.99430257093972, 42.393243681483035], [-70.99430757160964, 42.393222681748355], [-70.9943095709104, 42.39320368186611], [-70.99429857094538, 42.39318968177059], [-70.99428757110374, 42.39316868193981], [-70.99428457098634, 42.393158681866375], [-70.99422857127502, 42.39312168150741], [-70.99417457193432, 42.39309668174266], [-70.9940855710862, 42.39309468166287], [-70.99403057170407, 42.3931196820994], [-70.9939755714762, 42.39311868130413], [-70.99390357148735, 42.39308168154526], [-70.99389257174117, 42.3930556814793], [-70.99388857122705, 42.39303168202613], [-70.99385157116903, 42.39296068196208], [-70.99381857137185, 42.39293268190799], [-70.99142657000391, 42.39302668161218], [-70.99033357041017, 42.39310468205428], [-70.99008956981413, 42.393177682141236], [-70.99001756943801, 42.3932406820957], [-70.98977156986976, 42.39324868178307], [-70.98957056960857, 42.3932116816181], [-70.98941457028955, 42.39318968151709], [-70.98916957009415, 42.3931566816464], [-70.98881856939795, 42.39306068182088], [-70.9885825699168, 42.39303968190383], [-70.98851156920813, 42.39302068175143], [-70.98845956945252, 42.393017682213646], [-70.9883285691396, 42.39296968161785], [-70.98826856902022, 42.39290968160498], [-70.98820056931342, 42.39290168171809], [-70.98807556928847, 42.39286568224773], [-70.98797456966244, 42.39282568142464], [-70.98744256884909, 42.392750682210256], [-70.98731456853449, 42.3923626820464], [-70.98724356883679, 42.392290682051055], [-70.9871855687133, 42.39220068196674], [-70.98713356945181, 42.39213168170846], [-70.98711556858748, 42.392068682141], [-70.98711356938202, 42.391993681930956], [-70.98712256921016, 42.391928681629594], [-70.98713856911841, 42.39189368131841], [-70.98722056944644, 42.39157168148398], [-70.98721056943691, 42.39154468139064], [-70.98719956888824, 42.39147168201229], [-70.98732356936755, 42.39119468199533], [-70.98732856930715, 42.391178681841936], [-70.9873405692288, 42.39113368127951], [-70.98736456930051, 42.391090681502064], [-70.98741156855361, 42.39104768154416], [-70.98745456961906, 42.39104168181212], [-70.98757156907641, 42.39059068129969], [-70.98758356882377, 42.39031668154296], [-70.9876105691759, 42.3899156809468], [-70.98761656916069, 42.389800681399656], [-70.98761756870906, 42.38973968139778], [-70.98758956865697, 42.389531680974464], [-70.98751156863203, 42.389237681041365], [-70.98742356913027, 42.38900768122704], [-70.9872895694711, 42.38874268110309], [-70.98699356843116, 42.388529681339556], [-70.9860535682135, 42.38812468141443], [-70.9851485683548, 42.38854268103121], [-70.98330556778028, 42.38939668129341], [-70.98292556741242, 42.39023268132525], [-70.98292556768189, 42.3904136816768], [-70.98294956806897, 42.39043068164383], [-70.98295656748691, 42.39045768124437], [-70.98298056781556, 42.39047068122167], [-70.98300356811917, 42.39056068199378], [-70.98298856708693, 42.390700681503425], [-70.98291856733172, 42.39075168161161], [-70.9828255675542, 42.39074368141953], [-70.98260256742216, 42.39067968120226], [-70.98247456732439, 42.39067668199344], [-70.98239856705399, 42.39068768198086], [-70.98231856714035, 42.39067468203322], [-70.98228356686573, 42.39066868168687], [-70.98216956733788, 42.39062968136543], [-70.98207856695387, 42.39062968142914], [-70.98200156779116, 42.390650681566996], [-70.98193756753093, 42.39069568155788], [-70.98189956686387, 42.39069568151452], [-70.98186356689477, 42.39072868154812], [-70.98181956780132, 42.390744681407355], [-70.98177856702914, 42.390779681842496], [-70.98172056765578, 42.39081368200258], [-70.98168756674964, 42.3908246816297], [-70.981637567263, 42.39083868185798], [-70.98160056727257, 42.39083068175721], [-70.98158056764949, 42.390841681408425], [-70.98155756758204, 42.39084668151762], [-70.98154156703171, 42.39084868188854], [-70.98151056731582, 42.39084668130991], [-70.98147956728414, 42.390847681383875], [-70.98145456691076, 42.390852681461354], [-70.98143056692467, 42.39087268215119], [-70.98142456687705, 42.39089168181218], [-70.98142756649322, 42.390951681567586], [-70.98143356720242, 42.39100368137742], [-70.98141856738728, 42.391078681648025], [-70.98139456759202, 42.39110368163359], [-70.98135956766609, 42.391119681363406], [-70.98132856651699, 42.3911336815606], [-70.98122956676335, 42.39119968197227], [-70.98109456739422, 42.391290682127156], [-70.98099856684759, 42.39131468209457], [-70.98089156711728, 42.39134968160379], [-70.98065556719155, 42.39149468220771], [-70.98068256723032, 42.3915326819109], [-70.98071356719066, 42.391559681926495], [-70.9807675666784, 42.3916666818321], [-70.9808835669957, 42.39179968178158], [-70.98116856736685, 42.39225368175664], [-70.98116856687838, 42.39227668232364], [-70.98121556763073, 42.39231568226314], [-70.98123856707335, 42.39239668227024], [-70.98130756672505, 42.392467682164856], [-70.98146956693971, 42.39284768216941], [-70.98163956689531, 42.393339682282644], [-70.98166356744422, 42.39337068198484], [-70.9817095671397, 42.3936086822925], [-70.98173256764507, 42.39365368235538], [-70.98177956790504, 42.39383768244348], [-70.9818025675798, 42.39413368189039], [-70.98184956709343, 42.39418268193958], [-70.9818955671132, 42.3946546822588], [-70.98192656805132, 42.39471768263504], [-70.9819345676053, 42.39478968226074], [-70.98204256803638, 42.39497668286769], [-70.9821885673747, 42.39513568255242], [-70.98243656730683, 42.395500682838076], [-70.98260556784629, 42.39569568258213], [-70.98264456816257, 42.395758682698876], [-70.98281456778345, 42.39591768230953], [-70.98288356791913, 42.39600668242716], [-70.98298456801778, 42.396094682911084], [-70.98305356800797, 42.396129682775644], [-70.98327756813649, 42.396341682895404], [-70.98333156769665, 42.39640868257036], [-70.98350956850813, 42.39658068297689], [-70.98386556767757, 42.39696268314519], [-70.9839565688396, 42.39705968308238], [-70.98411956824528, 42.39728668309853], [-70.98420356840057, 42.39738868314922], [-70.9842655686368, 42.39749568286786], [-70.98429656855305, 42.39761168244519], [-70.98434556805617, 42.397835682779395], [-70.98438156899003, 42.39791668266571], [-70.98439756792355, 42.39799268275742], [-70.9844095687984, 42.39818568333701], [-70.98442856809694, 42.398478683121894], [-70.98442756810812, 42.398540683202555], [-70.98442456818233, 42.39891568335937], [-70.98442156820121, 42.39919968339703], [-70.98442756868421, 42.39926268353869], [-70.98444456809356, 42.39943768360932], [-70.98441456829893, 42.399721683290316], [-70.98441156856234, 42.39976868372058], [-70.9843985685127, 42.39998768322039], [-70.98439856832742, 42.40003968377372], [-70.98440656841237, 42.40036568367072], [-70.98441656828867, 42.40045468308154], [-70.9844535680611, 42.40076968351881], [-70.98446056876949, 42.400833683832154], [-70.98444556915136, 42.401146683128005], [-70.98443856886176, 42.401279683480055], [-70.98442256908521, 42.4013646834583], [-70.98442356899025, 42.40147368379992], [-70.98445456848388, 42.4017426832608], [-70.98444756879447, 42.40180768407977], [-70.98440756862428, 42.402148683637584], [-70.98436156917501, 42.40222168341602], [-70.98433256910644, 42.40224368341264], [-70.98429956839095, 42.4022676839167], [-70.9841925691877, 42.40229268340352], [-70.98419256901462, 42.402341684176015], [-70.9842465683389, 42.402372683558006], [-70.98453956891869, 42.402349684021566], [-70.98459056826442, 42.40233968338008], [-70.98468556883904, 42.402319684005256], [-70.98474756857215, 42.402250683684436], [-70.98476356860454, 42.40218768397285], [-70.98483256942843, 42.40214168394835], [-70.98526456941278, 42.40212468390742], [-70.98534956927362, 42.40213668403946], [-70.98543456855967, 42.402153683394566], [-70.98565356875045, 42.402159684159344], [-70.98581156874113, 42.402164683652224], [-70.98601756872158, 42.40217968341807], [-70.98626256992023, 42.4021976838181], [-70.9863135692826, 42.40220168366272], [-70.98658156966285, 42.40221168346302], [-70.98679556905945, 42.402220683804366], [-70.9869535696639, 42.40222668374928], [-70.98715456946208, 42.40232668399234], [-70.98719656936754, 42.40233768357738], [-70.98740857014577, 42.402393684100225], [-70.9876855700018, 42.40243968332731], [-70.98782557006311, 42.40246368328163], [-70.98798756949469, 42.40242868347616], [-70.98832656941767, 42.40218868407614], [-70.98841956943976, 42.40215168343511], [-70.98858157016856, 42.40216668377947], [-70.98884356968398, 42.40225168326832], [-70.9888745702038, 42.40227368349421], [-70.9889435697367, 42.40228668394627], [-70.98895957059278, 42.40229068384633], [-70.98907556966692, 42.40238268322349], [-70.98912956985741, 42.40249068355073], [-70.98915257037191, 42.402512683298454], [-70.98915957058945, 42.402566683801446], [-70.98921457038696, 42.402673683800835], [-70.98935257026811, 42.402787683579255], [-70.9897235701479, 42.4029756837501], [-70.98987057041323, 42.40310368352652], [-70.9899085711488, 42.40314268397739], [-70.98993957059315, 42.40319668365399], [-70.98996357058797, 42.4032866835307], [-70.99000957077223, 42.40337068415779], [-70.99002457032155, 42.40345668377752], [-70.9900635705343, 42.40354168418752], [-70.99016457054667, 42.40390368358953], [-70.99015657053539, 42.40397668380326], [-70.99020257087182, 42.40404268403098], [-70.99021057015985, 42.40412868411267], [-70.9903265711327, 42.40440068431939], [-70.99048157083112, 42.404880684282766], [-70.99048857092642, 42.40494768388542], [-70.99062057115106, 42.405296683919595], [-70.99062857035157, 42.405372684476795], [-70.99068257062424, 42.40554268390557], [-70.99069757048682, 42.40565068455331], [-70.99072157087276, 42.40566368463778], [-70.99074457128535, 42.40577668394856], [-70.99077557145219, 42.405838684192986], [-70.99079057115699, 42.40593768467084], [-70.99082157119227, 42.40605868417096], [-70.99081457147327, 42.406085684257995], [-70.99085257059568, 42.406107684272364], [-70.99085957115324, 42.406255684263115], [-70.99089157165292, 42.40641268424813], [-70.99092257127467, 42.4064346847848], [-70.99096857136165, 42.40687968473445], [-70.99098457131794, 42.406897684666596], [-70.99100757123094, 42.40717168449473], [-70.99100857139106, 42.40723168478721], [-70.99103157062744, 42.40820268485255], [-70.99099357141665, 42.40849568452526], [-70.99098557152718, 42.408694684911794], [-70.99082557152441, 42.40966568460088], [-70.99080157100167, 42.40975068498548], [-70.99078657145775, 42.409949684945474], [-70.99073257137046, 42.41007168480273], [-70.9907255709982, 42.410171685289455], [-70.99070157172449, 42.410216685130635], [-70.99069457073911, 42.410293685153825], [-70.99067157152044, 42.41032568481044], [-70.99064757070443, 42.410424685466474], [-70.99044757084327, 42.411026685282415], [-70.9904435716937, 42.41110968545368], [-70.99040757166586, 42.41121368531629], [-70.9903865717983, 42.4112486854058], [-70.99024757091443, 42.41158468511289], [-70.99016357057916, 42.411752685041925], [-70.99011757163284, 42.41188868521056], [-70.99010157088905, 42.41191568586114], [-70.9900555712966, 42.41206468519383], [-70.99000157121753, 42.41214668505828], [-70.9899475708605, 42.41227868574788], [-70.98992457122176, 42.41229268587253], [-70.98987057059442, 42.4123966859008], [-70.98987057066634, 42.4124416856767], [-70.98981657146872, 42.41254668589827], [-70.98965457126722, 42.412832685555216], [-70.98951657086135, 42.41312768531013], [-70.98950157078924, 42.413231685251866], [-70.98947057064082, 42.41327768548818], [-70.98943157065634, 42.41357568547235], [-70.98937857052228, 42.41370268562186], [-70.98934657161213, 42.41386068564037], [-70.98929357124211, 42.413996685874984], [-70.98922457097609, 42.414092685722025], [-70.98911657095601, 42.41431968551202], [-70.98910857041862, 42.41439168616605], [-70.98905457090733, 42.41448268568853], [-70.9885615713825, 42.415634686272625], [-70.98852357036564, 42.41575268587118], [-70.98843857094306, 42.41592968640958], [-70.98836957045995, 42.416101686696614], [-70.98828557114336, 42.416233686415374], [-70.98822257070313, 42.41636968665834], [-70.98819257085586, 42.416410686301674], [-70.98809257122204, 42.41658368653511], [-70.9880305711823, 42.416719686612296], [-70.98769157106973, 42.41731568615594], [-70.98767657118837, 42.417396686252616], [-70.98761457074434, 42.41746568615], [-70.98752957026466, 42.41762468661058], [-70.98730657096891, 42.41797068686486], [-70.98721357097962, 42.41806268663532], [-70.9870675704145, 42.41819068655459], [-70.98702557106178, 42.418245686725605], [-70.98657357074039, 42.41883468640299], [-70.98644357008725, 42.41902568661904], [-70.98638957003128, 42.419071686908325], [-70.98608057076588, 42.41952768730411], [-70.98572656959175, 42.4200336873487], [-70.98547157070846, 42.4204386868098], [-70.98546456977249, 42.420479686777774], [-70.98530256993469, 42.42072968756616], [-70.9852095706502, 42.42083968683072], [-70.98514057026556, 42.42093968768616], [-70.98502457023704, 42.421094687158856], [-70.98488557017869, 42.42131768723171], [-70.98482457034002, 42.4213906873211], [-70.98417657024731, 42.42232968761768], [-70.98412256991854, 42.42236668760864], [-70.98401456937376, 42.42253068778513], [-70.98376856943983, 42.422885687798946], [-70.98374157000605, 42.42294168758857], [-70.98371456997806, 42.42299968779453], [-70.98309056943599, 42.4238476880936], [-70.98299756951168, 42.42401168801018], [-70.98266656938816, 42.42446268798388], [-70.9826205692284, 42.42457168810874], [-70.98237356952636, 42.424927687958494], [-70.9818265689993, 42.42560368830817], [-70.98157256922792, 42.4259496887698], [-70.98092456939806, 42.42669968855503], [-70.98069356917622, 42.42699168833125], [-70.98056956888605, 42.42711568823779], [-70.97996756822154, 42.42776568878673], [-70.97987556870686, 42.427879689006616], [-70.97969056844559, 42.42806268865968], [-70.97958956817959, 42.428190688750625], [-70.97939756902191, 42.42836968875411], [-70.97936656838624, 42.42841468865398], [-70.97923556804406, 42.42851668860025], [-70.9791125687479, 42.42868468906598], [-70.9790425687268, 42.42873568925806], [-70.97894956850716, 42.42885468885754], [-70.97884956853373, 42.42893768868192], [-70.97878856873692, 42.42901468905076], [-70.978695568156, 42.42908368865095], [-70.97824056798439, 42.42952868900887], [-70.97778556822047, 42.42994168887954], [-70.97689056830257, 42.430646689719346], [-70.97639756759077, 42.430969689537584], [-70.9762125678868, 42.43110368939378], [-70.97551056707955, 42.431592689645086], [-70.97516356710734, 42.43182868974543], [-70.974677567037, 42.43219768961011], [-70.97363556659268, 42.432885690227096], [-70.97360456682553, 42.43289569016688], [-70.97346556666058, 42.432996689950414], [-70.97293356629855, 42.43336168999663], [-70.97287156616018, 42.43338969027737], [-70.9726015661655, 42.43358369044737], [-70.97240956637475, 42.43369568978387], [-70.97192356704055, 42.43400568984955], [-70.97129856598524, 42.4344436907162], [-70.97085056616557, 42.43473969031164], [-70.9700175663203, 42.435316690197766], [-70.96969356600628, 42.435529690164564], [-70.96950056587315, 42.4356096903972], [-70.96913756583402, 42.43563869088043], [-70.96896856516135, 42.43567669027479], [-70.96891456582921, 42.43572069088761], [-70.96481356447846, 42.43846269132885], [-70.96418456405817, 42.438748691176805], [-70.96389956365057, 42.4389066916694], [-70.96347456367644, 42.43911269126135], [-70.96263356419169, 42.43950069118697], [-70.9625105635725, 42.43957469179118], [-70.9622015635278, 42.43971469201464], [-70.96186156393729, 42.43990569142219], [-70.96134456356657, 42.44010769169438], [-70.96110556322351, 42.44022469195355], [-70.9606345629786, 42.44043069177639], [-70.96039556327325, 42.44052469203136], [-70.9601175628962, 42.44069669191291], [-70.96011756339443, 42.44081369221513], [-70.9601795625598, 42.4409026918828], [-70.96036456300878, 42.44106569204338], [-70.96036456346165, 42.4410886914789], [-70.96038756331859, 42.441106692304345], [-70.96055056338113, 42.44123369222889], [-70.96079756361371, 42.441405692287], [-70.96193747572157, 42.44372952366981], [-70.96304356437409, 42.44367269212768], [-70.96361156444517, 42.443643692484734], [-70.96417956397939, 42.4436146918406], [-70.96513856452087, 42.44356469197016], [-70.96609656558846, 42.44351569229974], [-70.96617056520329, 42.44351269261076], [-70.96624356559477, 42.44350869253531], [-70.96629356471124, 42.44350569226148], [-70.96859456600774, 42.444404692219166], [-70.97159456674454, 42.44270469193466], [-70.97519456812229, 42.43690469107118], [-70.97840956835408, 42.43382668985926], [-70.97902856875162, 42.43323268957993], [-70.97964856889031, 42.43263968976749], [-70.97989456954004, 42.43240468933375], [-70.98084356974097, 42.43193868932879], [-70.98229456960865, 42.431304689604026], [-70.98370857017537, 42.431671688998556], [-70.98575457071523, 42.432565689348586], [-70.98780557214903, 42.434006690101306], [-70.98953057224821, 42.43466168959773], [-70.99012057203133, 42.43488568941812], [-70.99018457256531, 42.4348606893735], [-70.99025757219438, 42.43483168958135], [-70.99202357309751, 42.434143689279], [-70.99263457320896, 42.433517689689175], [-70.99315257295761, 42.43298768924374], [-70.99366957351805, 42.43245768924554], [-70.99418657318269, 42.431928688901856], [-70.99470257370896, 42.43139968902361], [-70.99477957423699, 42.4312046888433], [-70.99484957406341, 42.43115868921183], [-70.99512657441643, 42.43115368862671], [-70.99534357368503, 42.431059689290066], [-70.99542757346146, 42.43098668917639], [-70.99571457464256, 42.430863689098054], [-70.99607457426526, 42.43091068884019], [-70.99643457387327, 42.43095668904419], [-70.99652257378256, 42.43096868838105], [-70.99660957421939, 42.43097968847229], [-70.99691357434753, 42.43101868843762], [-70.99721757484379, 42.431057688500196], [-70.99723457406793, 42.43105968842657], [-70.99729457442204, 42.43106768920519], [-70.99737157524707, 42.43107768896368], [-70.99744857512147, 42.43110568884579], [-70.99798957460784, 42.431209688575116], [-70.99847557542974, 42.43130468919059], [-71.00067757527985, 42.431304688668824], [-71.00088657627323, 42.43130468916126], [-71.00109457587804, 42.43130468853643], [-71.00118857535736, 42.43123668901676], [-71.00128157567835, 42.4311686886934], [-71.00312257596445, 42.429829688716374], [-71.00327557672212, 42.42971868818881], [-71.00338557680706, 42.429707688641564], [-71.00347857610845, 42.42969768880857], [-71.00357157660278, 42.42968768800541], [-71.00391857714031, 42.429703688011045], [-71.004052576306, 42.42972468811045], [-71.00434257719634, 42.42976868845166], [-71.00459557697557, 42.42982268850817], [-71.00459557684903, 42.42996468859458], [-71.00459557727265, 42.43010568846863], [-71.00459557683241, 42.430252688692306], [-71.0045955763921, 42.43039968891065], [-71.00459557671172, 42.430775688520455], [-71.00459557758597, 42.430831688558726], [-71.00459557672245, 42.43101268867727], [-71.00459557675454, 42.43172368906513], [-71.00423157639898, 42.431821688646416], [-71.00417257712742, 42.43183768912372], [-71.00366157718983, 42.43205368889176], [-71.0034305770991, 42.4321796888741], [-71.00338657654252, 42.43219568881307], [-71.00334757716372, 42.432217689056465], [-71.00332257713713, 42.432247689230714], [-71.00322557660287, 42.43241168861635], [-71.0032195766886, 42.43244568875213], [-71.00327457634113, 42.43258268912335], [-71.00329357674451, 42.43265268850715], [-71.00330257656306, 42.432711689259804], [-71.00343557660952, 42.432756688945716], [-71.00366257621246, 42.43282368868611], [-71.0040345771641, 42.432911688640026], [-71.00422457704143, 42.43294468912982], [-71.00436357647521, 42.43297968896995], [-71.00453957735496, 42.43304168875773], [-71.00463257720162, 42.43306368927093], [-71.0047295770938, 42.433071688682894], [-71.00487557749962, 42.433061688802205], [-71.00544957728621, 42.43297268914715], [-71.00554657775677, 42.432972688902424], [-71.00564357708419, 42.4329816886515], [-71.00569157782773, 42.432989689335706], [-71.00587557813687, 42.433037688781795], [-71.00592057707479, 42.43305268875431], [-71.00616357707456, 42.43317168924104], [-71.00653257806748, 42.433402689090606], [-71.00657157771231, 42.43346868904946], [-71.00664957774394, 42.43355968936895], [-71.00677557789868, 42.43366868924492], [-71.00692657779419, 42.433808689070005], [-71.0069745773676, 42.4338466891685], [-71.00716557843862, 42.43387668934022], [-71.00730257764167, 42.433913689168385], [-71.00749057874644, 42.433952688643366], [-71.00753957853513, 42.433957689497575], [-71.00777957826192, 42.43395968889339], [-71.00787357885757, 42.433980689042095], [-71.00800757870572, 42.434023689064055], [-71.0080935785745, 42.434057689067586], [-71.00825257877152, 42.43414168891686], [-71.00846157790784, 42.43429168888209], [-71.00853857877212, 42.43433568912901], [-71.00858057906927, 42.43435468868959], [-71.00862657881882, 42.43436168929627], [-71.00886957897728, 42.43434468895477], [-71.00912357840113, 42.434308688718865], [-71.00927757870741, 42.434286688745054], [-71.00931557898504, 42.43418368877303], [-71.00936257823935, 42.43408168862806], [-71.00937557832776, 42.43399768869611], [-71.00961357892838, 42.43403868928258], [-71.0095945784946, 42.43384168882413], [-71.00949957860128, 42.43351868855556], [-71.00950057843467, 42.4332846890071], [-71.00957757835273, 42.4331976891414], [-71.00963557821628, 42.43319268844108], [-71.00967357930085, 42.433204688923965], [-71.00976057834083, 42.43329768895095], [-71.00976057890479, 42.43347868890275], [-71.00972057925017, 42.43365468854485], [-71.0097205791343, 42.43387068857409], [-71.00974957840533, 42.43393268903222], [-71.00979657870992, 42.43397768875139], [-71.00986457842397, 42.43398968903536], [-71.0099705791213, 42.433983688806634], [-71.01004057888638, 42.433946689084046], [-71.01005757938069, 42.43393268918237], [-71.01010657919598, 42.43383268865991], [-71.0101645792427, 42.43380468919901], [-71.01036557948336, 42.433809688971856], [-71.01040057968103, 42.43380468911089], [-71.0105495790211, 42.43377068888201], [-71.01074257864957, 42.43377568909919], [-71.01076157895558, 42.43373568856987], [-71.01071357914778, 42.43369068859795], [-71.01060757961535, 42.43362568911457], [-71.01042557889824, 42.43357868886499], [-71.01040357954477, 42.43352968863903], [-71.01047357870468, 42.43349768879217], [-71.01066457973545, 42.43348068866322], [-71.01075257892525, 42.43345668848569], [-71.0109075786484, 42.43335468920608], [-71.01106257973437, 42.433207688439744], [-71.0111055793049, 42.43317968872678], [-71.01115857969847, 42.43315168914341], [-71.01137057950534, 42.4332876891679], [-71.01153457962977, 42.43334368906683], [-71.01166957901341, 42.43334068848093], [-71.01183257907194, 42.433293688344655], [-71.01188157981197, 42.4333016888825], [-71.01191057951361, 42.4333276884955], [-71.01191957916951, 42.43340868861449], [-71.01190057901539, 42.433458688719085], [-71.01177457945282, 42.433672688893786], [-71.01171657943475, 42.433713689171704], [-71.01162957916299, 42.433715688835704], [-71.01149457975067, 42.43367268879265], [-71.01141757902373, 42.43366968916457], [-71.01125357892555, 42.43378468874015], [-71.01117657949591, 42.433786689098945], [-71.01101257920861, 42.433685689221285], [-71.01095457914961, 42.433668688729696], [-71.01093557868373, 42.43368768851353], [-71.0109445789594, 42.43384868917957], [-71.01086757948542, 42.43390468888341], [-71.01038557927686, 42.43406168880217], [-71.01032757934867, 42.434107689424266], [-71.01032657951716, 42.434138688932116], [-71.01045157947456, 42.43422668871269], [-71.01043757859563, 42.43424568896263], [-71.01088357954731, 42.434415688667634], [-71.01077757883348, 42.43457668871239], [-71.01083557979469, 42.434690688783114], [-71.0108175793956, 42.434741688652444], [-71.01078157915403, 42.43488268930085], [-71.01073357924425, 42.435021688946435], [-71.01072657954438, 42.43509268928743], [-71.01073457887226, 42.435235689118876], [-71.0107435798218, 42.43527068963342], [-71.01080257898612, 42.43540668951464], [-71.01091557936772, 42.43556468924345], [-71.01100057914053, 42.43565268952957], [-71.01109557989963, 42.435733689344794], [-71.01123857954055, 42.43587768895764], [-71.0113075791487, 42.435928689022624], [-71.01141658015291, 42.435999689184065], [-71.01145957945852, 42.436017689008494], [-71.01154857998038, 42.43604568887633], [-71.01156158008301, 42.43608068917617], [-71.0115795790953, 42.43618768962989], [-71.01148757984821, 42.43627068932989], [-71.01130557928558, 42.43638868971417], [-71.01127757940854, 42.436418689647624], [-71.01125958000523, 42.43645068922267], [-71.01130658014765, 42.43651368932309], [-71.01134657899134, 42.43655368912499], [-71.01128457984298, 42.43661668937163], [-71.01112657948424, 42.43677268938559], [-71.0110235798366, 42.436876689580764], [-71.01092057908484, 42.43697968947028], [-71.01077757954515, 42.43712268969297], [-71.0106885796277, 42.437211689229926], [-71.01059957945256, 42.43730068959636], [-71.0104955790151, 42.43740468956104], [-71.0104785795264, 42.43751868957392], [-71.01046057939513, 42.437630689413666], [-71.01044357993327, 42.437741689693425], [-71.01040957962192, 42.43796368933079], [-71.01039257967558, 42.43807269007799], [-71.01037657875159, 42.4381816896661], [-71.01035857883262, 42.438305690161954], [-71.01033957977202, 42.438429690004035], [-71.01032457947122, 42.438513689548216], [-71.01029557943174, 42.43870468954603], [-71.01199557997872, 42.43970468978067], [-71.01097157909834, 42.44030268997451], [-71.01001457904826, 42.44084169017749], [-71.00959557877609, 42.44110469042154], [-71.00949557972015, 42.441204690327126], [-71.00962657932136, 42.44127069019587], [-71.0102955794975, 42.441604690023034], [-71.01079557987549, 42.441904690316605], [-71.01109558002143, 42.44210469031662], [-71.01159458044182, 42.44250469084773], [-71.0116635797913, 42.44254569032094], [-71.01209557984662, 42.44280469051072], [-71.01239557986128, 42.443104690543656], [-71.01299658058703, 42.44390569055181], [-71.01305858105638, 42.44397569074305], [-71.0137955804535, 42.44480569106999], [-71.01398358096814, 42.444994690698955]]]}, "properties": {"TOWNNAME": "Revere", "TOWNCODE": "248"}}]}