{"type": "FeatureCollection", "features": [{"type": "Feature", "id": 1387, "geometry": {"type": "Polygon", "coordinates": [[[-73.45847331142436, 45.48495473901687], [-73.45942992912924, 45.485594021266735], [-73.4610762773434, 45.484470777202006], [-73.46122720848437, 45.48430862645731], [-73.46124731540623, 45.484244877163704], [-73.46174413666196, 45.483903062837264], [-73.46191362729867, 45.48378163194785], [-73.4646202010189, 45.48196403305406], [-73.46483038429689, 45.481812255097864], [-73.46562499660043, 45.4812852670388], [-73.4654648739499, 45.48073677347286], [-73.47223892068848, 45.476134457511414], [-73.4726090329172, 45.47641618822309], [-73.47282503712484, 45.476364173523024], [-73.47341709718597, 45.47601025693389], [-73.4750193808315, 45.47715796295665], [-73.47515489355214, 45.47706796032285], [-73.47454519529666, 45.47664495002272], [-73.47582023357, 45.476686353248944], [-73.47583500050614, 45.476248383237156], [-73.47776171276942, 45.476283603819525], [-73.47772811848347, 45.47672431429188], [-73.48142423727195, 45.47678327317209], [-73.48592852118107, 45.476768271067385], [-73.48643496806817, 45.47718448718546], [-73.48807870738452, 45.477267978403674], [-73.48826205529348, 45.47726349596543], [-73.49445183657556, 45.47742333104774], [-73.49954275379704, 45.47752054773131], [-73.49972936309047, 45.47752512558798], [-73.5022969348622, 45.47759393190306], [-73.50292923063327, 45.477609262140376], [-73.503209291681, 45.47761750796497], [-73.50375245410112, 45.47763325493153], [-73.50401938678195, 45.47764110732365], [-73.51097931631543, 45.477907038670075], [-73.52372088017707, 45.47791882945197], [-73.52318620031815, 45.476298524113275], [-73.52152114575632, 45.46996899357633], [-73.52144218007324, 45.46966874506171], [-73.52120830009356, 45.46877964432355], [-73.52119270575878, 45.46867569986836], [-73.52095006886502, 45.46606937025991], [-73.52017274497045, 45.46239106939383], [-73.51960419255374, 45.460924837982695], [-73.51913458383326, 45.45915808536994], [-73.51881171817799, 45.45193079443178], [-73.5191960861135, 45.44788819268192], [-73.51990179280682, 45.44389314631968], [-73.52079064886127, 45.439899473312224], [-73.52161608901989, 45.43766047635191], [-73.51347052078799, 45.43609961721914], [-73.50253967544893, 45.4339832767216], [-73.50187332482909, 45.43386365893479], [-73.50149957686135, 45.43378771665916], [-73.49382692174291, 45.43124790725622], [-73.49172504966975, 45.431530362812325], [-73.49097333962979, 45.43163996322776], [-73.49086324098556, 45.431645819206345], [-73.49056197175081, 45.43166180162832], [-73.49054617706047, 45.431662696102734], [-73.4898675844031, 45.43164448283104], [-73.48901965711686, 45.43163567434292], [-73.48809972467039, 45.43129324281969], [-73.48700667581323, 45.431045705770664], [-73.48639866678957, 45.43116205042644], [-73.48568363416854, 45.43140586054229], [-73.48490578216435, 45.431861402846664], [-73.48433476414009, 45.43207914557956], [-73.4837380131334, 45.431916736159465], [-73.482836699577, 45.430584999860855], [-73.48236818294171, 45.430055936717835], [-73.4817371032962, 45.429848839234495], [-73.48107029720526, 45.429915354022974], [-73.4799507780178, 45.43048667018553], [-73.47944525391667, 45.43055739102376], [-73.47923405617638, 45.430514380091424], [-73.47895414406696, 45.43045819276434], [-73.4785812346812, 45.430293116482815], [-73.4781229284517, 45.4300376736143], [-73.4777194536828, 45.42978644626943], [-73.47718041676293, 45.42940536631443], [-73.4760413010236, 45.428470916581], [-73.47563751248889, 45.42811091506573], [-73.47529999002214, 45.42749657864573], [-73.47475366129352, 45.426889215532626], [-73.47438357231309, 45.42671746886151], [-73.47396669638397, 45.42668088212511], [-73.47345749463041, 45.426740911454615], [-73.47292299191898, 45.42689561758615], [-73.47249362308293, 45.42685947070383], [-73.47223246413772, 45.42677049628273], [-73.47190139942619, 45.42650561184293], [-73.47135542433298, 45.42601018638823], [-73.47106978416464, 45.42539982669279], [-73.47084237619472, 45.425207213642025], [-73.469930603357, 45.42496542032766], [-73.46928709531784, 45.42468560991523], [-73.46900882866328, 45.42454031437525], [-73.46797156828545, 45.4240474876025], [-73.46687094631476, 45.423534127472664], [-73.46651611336179, 45.42338727584372], [-73.46603092858152, 45.42325658100713], [-73.46555161880286, 45.42318512147548], [-73.46514431420876, 45.42318673412205], [-73.46467578646988, 45.423247995453615], [-73.46443468112182, 45.423197456341626], [-73.46428294915779, 45.423020683279624], [-73.4643239291603, 45.42282629785067], [-73.46450101734347, 45.422638703840654], [-73.46445962769299, 45.42207913791793], [-73.46426964781072, 45.42174935390058], [-73.46397829841786, 45.421659302130415], [-73.46364116802663, 45.421726359503936], [-73.46335797756973, 45.42205846818509], [-73.46320201398426, 45.42214807636332], [-73.46300947005012, 45.4221762076734], [-73.46281423057886, 45.42214505136881], [-73.46236286007989, 45.421791818011876], [-73.4617717814449, 45.4216316296191], [-73.46126356552834, 45.421638956586], [-73.46066099552368, 45.4216838456561], [-73.46029102263626, 45.421655195279115], [-73.46000196591974, 45.42159947496299], [-73.45955588335606, 45.42142178026384], [-73.45923949496019, 45.421439045266844], [-73.45901592731596, 45.421496006481604], [-73.45793440722184, 45.42149813834575], [-73.4564122155696, 45.421185866331086], [-73.45549907640464, 45.42233611981924], [-73.45027474616825, 45.422102300310954], [-73.44965066470976, 45.422077330184486], [-73.44936187955551, 45.422065825332055], [-73.44914716838433, 45.422057102058176], [-73.44894121922266, 45.42204894803566], [-73.44696095225584, 45.42196971606435], [-73.4468072611741, 45.42196359342512], [-73.4378729199546, 45.421876966544716], [-73.43838439668806, 45.41702399588498], [-73.42063812182492, 45.41588710298297], [-73.38882071842478, 45.41443349289798], [-73.38832674703843, 45.41441179050225], [-73.38708937241844, 45.41352273996185], [-73.3866534664655, 45.41320908900334], [-73.38678749984662, 45.41349077307699], [-73.38680822522146, 45.41356117073571], [-73.38678943268732, 45.41357309358043], [-73.38337463565924, 45.41573730134124], [-73.38435681752898, 45.418626310550025], [-73.38410500811399, 45.41928648503514], [-73.38077300316564, 45.422598373209674], [-73.38701249091196, 45.42756323888092], [-73.38362351872473, 45.429852168656836], [-73.37794207179338, 45.42751797922028], [-73.37636861236727, 45.42893349944195], [-73.37989932866454, 45.431321270091516], [-73.38099916150108, 45.43207201839823], [-73.37995114495139, 45.43299184453214], [-73.3844763760415, 45.43571281688151], [-73.38473643161115, 45.43605136384491], [-73.38519377121197, 45.43624526498203], [-73.38551938377498, 45.43643001155167], [-73.38589599509832, 45.4366778964011], [-73.38696730288774, 45.437412335413796], [-73.3875091036732, 45.437768289893995], [-73.38840420192763, 45.438363106608634], [-73.38964082988706, 45.43921015042689], [-73.39385834429194, 45.4420351877481], [-73.39553094827772, 45.44311657422042], [-73.39643867037283, 45.44369332365871], [-73.39747920142811, 45.44436910926486], [-73.39894763169119, 45.445328765103454], [-73.39949194202175, 45.44568919079454], [-73.40025882082841, 45.44618925437088], [-73.40183775264933, 45.44723899393038], [-73.40500632170041, 45.44932927344604], [-73.40680811610797, 45.45052759148637], [-73.40820938452528, 45.45145106676998], [-73.40867372905072, 45.45183842136742], [-73.4087830577208, 45.45193745348004], [-73.41078319375337, 45.453241456855416], [-73.41086292557782, 45.45329335844161], [-73.41262522451608, 45.45447346452626], [-73.41275957860007, 45.454563451235465], [-73.41283868972005, 45.454616382576006], [-73.41318193630877, 45.454845472600034], [-73.41325817677603, 45.45489605592019], [-73.41341144080431, 45.45499794268973], [-73.4150721672737, 45.456105217095995], [-73.4151803716239, 45.456168089525704], [-73.416032582693, 45.45674823238775], [-73.41698704369809, 45.45738781482106], [-73.41722829008779, 45.45745997469849], [-73.4186218590137, 45.4583877929827], [-73.41962829780739, 45.459051493801745], [-73.41983040163446, 45.459189862692924], [-73.42113240921765, 45.46008127444487], [-73.42250888669349, 45.46100005525558], [-73.42282914880623, 45.46120278434915], [-73.42317046418025, 45.46144151044491], [-73.42325690342619, 45.461497843490825], [-73.42387787597694, 45.46191438157308], [-73.42426235942284, 45.46215759383069], [-73.42460934331707, 45.46240529733137], [-73.42547407547251, 45.462981735970345], [-73.42596203504573, 45.46330146574236], [-73.42649301800749, 45.46366632109454], [-73.43012061769028, 45.466062187484006], [-73.4305090268012, 45.46631435258571], [-73.43240590141339, 45.46757530677051], [-73.43418760970961, 45.46874614036625], [-73.4353725340035, 45.46953419384829], [-73.43790048063406, 45.47120481048677], [-73.44073540143286, 45.47311397417254], [-73.44086278967991, 45.47319953539896], [-73.44270959950428, 45.47446470030125], [-73.4434756710377, 45.474987023712025], [-73.44437158632337, 45.47559485239426], [-73.44506825439147, 45.47606767267115], [-73.44623821199939, 45.47686906497245], [-73.44687013831212, 45.477301236754094], [-73.44754201490845, 45.477755991340906], [-73.4481475754385, 45.4781656856597], [-73.44875479863525, 45.47857537880304], [-73.44942664793359, 45.4790391457161], [-73.45012065786715, 45.4794804136053], [-73.45100112676731, 45.480056614042276], [-73.45169106120179, 45.48052034288031], [-73.45216615064496, 45.48082201278534], [-73.45268567532034, 45.48118472888385], [-73.4527529675136, 45.48123170047888], [-73.45285286774072, 45.481299244813584], [-73.45366949855901, 45.48179002847203], [-73.45426722278188, 45.482109690275074], [-73.45446620454776, 45.48219748928149], [-73.45487778024, 45.48253178338956], [-73.4551276774131, 45.48276167911094], [-73.45611342621916, 45.48340169632043], [-73.45635635361732, 45.483517826767574], [-73.45756553576008, 45.48434255816006], [-73.45847331142436, 45.48495473901687]]]}, "properties": {"OBJECTID": 1387, "PRUID": "24", "PRNAME": "Quebec / Qu\u00e9bec", "CDUID": "2458", "CDNAME": "Longueuil", "CDTYPE": "T\u00c9", "CSDUID": "2458007", "CSDNAME": "Brossard", "CSDTYPE": "V", "Shape_Length": 35348.986445042836, "Shape_Area": 55334433.5449379}}, {"type": "Feature", "id": 1388, "geometry": {"type": "Polygon", "coordinates": [[[-73.52358322068753, 45.518323990997196], [-73.5257064197712, 45.51891921715362], [-73.52499932624215, 45.516683553189566], [-73.52461470228567, 45.51544186227776], [-73.52429432932836, 45.5143441594882], [-73.52366640444116, 45.51233765654391], [-73.52305132232696, 45.51044806691469], [-73.52293582476496, 45.5100341452334], [-73.52265401036077, 45.50908035916009], [-73.52235922759318, 45.50818066824239], [-73.52206453556792, 45.507190857275646], [-73.52170571769638, 45.50610204822423], [-73.52155202948593, 45.505544160110055], [-73.52123162766742, 45.504563463989], [-73.5210906358007, 45.503969550107094], [-73.5209115307079, 45.503969670053685], [-73.52088592569133, 45.50393365619037], [-73.52020681744588, 45.50174714313312], [-73.51968163519076, 45.500010546158634], [-73.51929732279511, 45.498795848838235], [-73.5191308367072, 45.49829185315726], [-73.5188620206567, 45.49768006494456], [-73.51852143104165, 45.496969184153045], [-73.5198392541662, 45.49651010559941], [-73.51988495968254, 45.49574900254555], [-73.51947540638771, 45.49566435531036], [-73.51927061057602, 45.49536745894865], [-73.51917920504665, 45.495174664460805], [-73.51911702862584, 45.4950435519682], [-73.52087315471738, 45.493727633039114], [-73.52170071625407, 45.4930450007526], [-73.52225841059906, 45.492625696369544], [-73.52268660394552, 45.49191153587485], [-73.52354721688116, 45.49057336597185], [-73.52491220520169, 45.488055240232434], [-73.52493848415968, 45.48800192214188], [-73.52509712072816, 45.48506088645574], [-73.52444375709223, 45.481157903062986], [-73.52413245091577, 45.479744544897756], [-73.52372088017707, 45.47791882945197], [-73.51097931631543, 45.477907038670075], [-73.50401938678195, 45.47764110732365], [-73.50375245410112, 45.47763325493153], [-73.503209291681, 45.47761750796497], [-73.50292923063327, 45.477609262140376], [-73.5022969348622, 45.47759393190306], [-73.49972936309047, 45.47752512558798], [-73.49954275379704, 45.47752054773131], [-73.49445183657556, 45.47742333104774], [-73.48826205529348, 45.47726349596543], [-73.48807870738452, 45.477267978403674], [-73.48643496806817, 45.47718448718546], [-73.48592852118107, 45.476768271067385], [-73.48142423727195, 45.47678327317209], [-73.47772811848347, 45.47672431429188], [-73.47776171276942, 45.476283603819525], [-73.47583500050614, 45.476248383237156], [-73.47582023357, 45.476686353248944], [-73.47454519529666, 45.47664495002272], [-73.47515489355214, 45.47706796032285], [-73.4750193808315, 45.47715796295665], [-73.47612104117334, 45.477936555493294], [-73.47693061054625, 45.47849463963385], [-73.47746365632183, 45.47891313377909], [-73.4776683132055, 45.479057174265485], [-73.47771433504639, 45.47903013291454], [-73.47783408288353, 45.4791336579554], [-73.47851666711966, 45.479628691608234], [-73.47933146620056, 45.48020926742184], [-73.47951222078284, 45.480335248896814], [-73.47996258892738, 45.48066379497411], [-73.48042976538366, 45.480983331930894], [-73.48075657101069, 45.481235321376346], [-73.4811430390248, 45.48150539222369], [-73.48159146238868, 45.48182490646194], [-73.48199627638495, 45.48211743637768], [-73.4821893751157, 45.48225236010966], [-73.48330921616588, 45.48305466073159], [-73.48406826724474, 45.483596514086834], [-73.48541748721064, 45.48456094021011], [-73.48559622935309, 45.4846904212282], [-73.48705298528152, 45.485739944287076], [-73.48856915382916, 45.48681548978541], [-73.48904957691609, 45.48714394189567], [-73.48941220989322, 45.487413920652045], [-73.49161544740703, 45.488989840507905], [-73.49172268149239, 45.48906078941827], [-73.49297750322171, 45.48995177214769], [-73.49370235556363, 45.4904647273897], [-73.49433117592754, 45.49090566201367], [-73.49544370843277, 45.49169309370401], [-73.49623694000898, 45.49225103735248], [-73.49641727306641, 45.49238150705245], [-73.4971301739806, 45.4928944628607], [-73.49755868722136, 45.49320040743976], [-73.49786772306155, 45.49343438361951], [-73.49799692490684, 45.49352433744482], [-73.49861746219109, 45.49397874408433], [-73.49931637662664, 45.494482676431716], [-73.49977914656058, 45.494825062999865], [-73.5000654656533, 45.49501050538966], [-73.50045463113376, 45.49530892322727], [-73.49543878444574, 45.4999767590956], [-73.49261165698965, 45.50261049983855], [-73.49296274316451, 45.50285098407789], [-73.49335458914261, 45.50316146557196], [-73.49363432191791, 45.50339628200157], [-73.49411313157604, 45.50393986836517], [-73.49431424709934, 45.50432232966815], [-73.49448250081697, 45.50484871123203], [-73.49452414684123, 45.50495226618457], [-73.49473998262809, 45.50531671902355], [-73.49487676280074, 45.50550564941293], [-73.49500878046503, 45.505721590416954], [-73.49670744795448, 45.50796677660674], [-73.49682577276661, 45.508119744670935], [-73.49802475434714, 45.509622586215315], [-73.49828868582779, 45.50977550382676], [-73.4988409877923, 45.51000501005266], [-73.49986166801598, 45.51031545654304], [-73.5007254813065, 45.51058985169196], [-73.50157574423478, 45.51086431237999], [-73.50253368768585, 45.51118376094776], [-73.50299202041194, 45.51133226194331], [-73.50346920224955, 45.51153471036892], [-73.5036503563483, 45.511606621853105], [-73.50495462968422, 45.51211053901022], [-73.50615063323474, 45.51257386230861], [-73.50623942006224, 45.51260983672511], [-73.50813248563149, 45.513347614646875], [-73.5087424750773, 45.51359053939708], [-73.51011923527928, 45.514053826462444], [-73.51150848386024, 45.514517130703986], [-73.51279761088104, 45.514953358397484], [-73.51456491828235, 45.51555605640666], [-73.51692150350468, 45.516379121555204], [-73.51731948490263, 45.51652751678482], [-73.51807835049118, 45.51680189761672], [-73.51845717190808, 45.51689624964468], [-73.51918086030177, 45.51708063996105], [-73.52015602804592, 45.51735499622997], [-73.52265447215143, 45.51807529088025], [-73.52299071932991, 45.51816663296064], [-73.5232340339211, 45.518231247512695], [-73.52358322068753, 45.518323990997196]]]}, "properties": {"OBJECTID": 1388, "PRUID": "24", "PRNAME": "Quebec / Qu\u00e9bec", "CDUID": "2458", "CDNAME": "Longueuil", "CDTYPE": "T\u00c9", "CSDUID": "2458012", "CSDNAME": "Saint-Lambert", "CSDTYPE": "V", "Shape_Length": 16310.88721614127, "Shape_Area": 9972611.735060563}}, {"type": "Feature", "id": 1389, "geometry": {"type": "Polygon", "coordinates": [[[-73.44477408706979, 45.657143445535496], [-73.44497960499703, 45.65726247695551], [-73.4500789512019, 45.65832418005046], [-73.45287036209177, 45.65410218037661], [-73.45373937848683, 45.65322473066758], [-73.45618977573419, 45.650669893827896], [-73.46114268579748, 45.647147513428564], [-73.47303427264308, 45.64189158905318], [-73.47765320006116, 45.63909110306735], [-73.47879721890219, 45.63832999924362], [-73.48306669419844, 45.6353433669844], [-73.48655585818095, 45.63191654209317], [-73.48663634599531, 45.63183749363802], [-73.49101400227936, 45.62616966420563], [-73.49412735871013, 45.62215589728864], [-73.49549203696655, 45.61879718874552], [-73.4994731081513, 45.61078750611914], [-73.49978057194312, 45.61014055760979], [-73.49979516845873, 45.610109899196054], [-73.50279850495339, 45.59996181489575], [-73.50326304249624, 45.59845050139558], [-73.50189542997872, 45.593233830833746], [-73.50166405177266, 45.59222349995942], [-73.50057604194343, 45.58838530490808], [-73.4856675015371, 45.58564183300513], [-73.48208603801358, 45.58637268637271], [-73.48186327868135, 45.58639067051979], [-73.4792250636981, 45.586753112106045], [-73.4766409493763, 45.58848405630518], [-73.47559659489185, 45.58894921620797], [-73.47404718239443, 45.58926280127778], [-73.47354114548665, 45.58905762894658], [-73.47460724128577, 45.58763003444844], [-73.4705166325378, 45.584806484363625], [-73.47039800208242, 45.58460467201087], [-73.47013333695742, 45.58446248406864], [-73.46795253187084, 45.58280650486689], [-73.4660508353142, 45.58138502200613], [-73.46599935111415, 45.58131811667742], [-73.458959398569, 45.57580716755272], [-73.45829937920384, 45.575268114746706], [-73.45777363117301, 45.57483702016679], [-73.45721247278676, 45.574403881774415], [-73.45714781184581, 45.574355227258046], [-73.45627806543598, 45.57378262870478], [-73.45596807707597, 45.5734485088589], [-73.45532031432849, 45.5729758541843], [-73.45029238255029, 45.569095529788996], [-73.45009080026281, 45.568933418200636], [-73.44998311798942, 45.56883893145129], [-73.44982639884722, 45.56871737185244], [-73.44906432318022, 45.56811460056933], [-73.44587917749591, 45.565567961784], [-73.44498331594838, 45.56486330786259], [-73.44346507034615, 45.56364843588095], [-73.43246138411983, 45.555197438025296], [-73.42563959636465, 45.54975654783795], [-73.42395924237643, 45.548438236133094], [-73.420286532621, 45.546047889407255], [-73.41066835681515, 45.55269235962421], [-73.39792796597246, 45.54340231560475], [-73.39014654505955, 45.53737290223106], [-73.38856885794539, 45.53913155367703], [-73.38720051182631, 45.5417751437839], [-73.37892092407336, 45.53576082926512], [-73.37508566560675, 45.5329596077161], [-73.37286532891233, 45.53747825383986], [-73.37241574893847, 45.53850774332588], [-73.37227835713999, 45.539916131106935], [-73.37219707359266, 45.5409350102419], [-73.372058919301, 45.54195074126785], [-73.37200308100135, 45.543576250942515], [-73.37174170006831, 45.54660357501439], [-73.3716760097983, 45.548659187141936], [-73.3717279956431, 45.55608095359365], [-73.36664636984618, 45.5689228846511], [-73.36194240516195, 45.57279697061201], [-73.36194123848858, 45.57294429317036], [-73.36172959059711, 45.57348638147738], [-73.36196516052655, 45.57371196894335], [-73.36211660044101, 45.573890323808435], [-73.36205987245211, 45.574246575446175], [-73.361969382423, 45.57458459412604], [-73.36186931206367, 45.575058488244025], [-73.36185787520598, 45.575123203128804], [-73.36180380823116, 45.57542913404012], [-73.36173547741595, 45.57588386705725], [-73.36161858076171, 45.57655857730037], [-73.36160535434357, 45.57672058228172], [-73.3614497749655, 45.57744917844337], [-73.3612688611119, 45.57805188111809], [-73.3612166623889, 45.57847468012113], [-73.36117777489024, 45.57868167206265], [-73.36115108496494, 45.579068580977896], [-73.36109925931784, 45.579311385295895], [-73.36102128413334, 45.57978827342355], [-73.36087927885583, 45.58016598410268], [-73.36082746034735, 45.5804178637173], [-73.36056726180013, 45.581956287318874], [-73.36041218400949, 45.58251397748184], [-73.3602175741499, 45.58347656868456], [-73.36017829116062, 45.58384547414306], [-73.36000937245822, 45.584754073365396], [-73.35991876843956, 45.58508698551351], [-73.35981497262053, 45.58562666806577], [-73.35977576939237, 45.58592357700821], [-73.35977537958571, 45.586076574324856], [-73.35973615452195, 45.58640947399474], [-73.35974838106134, 45.58667049146556], [-73.35982406734064, 45.5871474686019], [-73.3598484723656, 45.58759737224439], [-73.35988636870437, 45.58780438581138], [-73.3599488769246, 45.58846126932688], [-73.3599870709065, 45.588569378238674], [-73.36003736282096, 45.58895638506935], [-73.36003666604182, 45.589253275659146], [-73.36007408681853, 45.58964926767959], [-73.36006077073202, 45.58987426502431], [-73.3601620198067, 45.58998804072256], [-73.36350519886972, 45.59264029740095], [-73.37255251527647, 45.59982033452274], [-73.37353192387279, 45.60060534340155], [-73.37417761410434, 45.6011200639507], [-73.37577918849884, 45.602388468963575], [-73.37772047844545, 45.603925811321005], [-73.3788135833383, 45.60479179297504], [-73.38344096040868, 45.608457705555374], [-73.41593628958888, 45.63397975891415], [-73.42003136343074, 45.63724367859586], [-73.4228228779158, 45.63949631647442], [-73.42305804211735, 45.63968726145258], [-73.43522584269189, 45.649316452394565], [-73.43881477200819, 45.65186152589647], [-73.44159950361475, 45.65405147135021], [-73.44477408706979, 45.657143445535496]]]}, "properties": {"OBJECTID": 1389, "PRUID": "24", "PRNAME": "Quebec / Qu\u00e9bec", "CDUID": "2458", "CDNAME": "Longueuil", "CDTYPE": "T\u00c9", "CSDUID": "2458033", "CSDNAME": "Boucherville", "CSDTYPE": "V", "Shape_Length": 40872.630111339866, "Shape_Area": 84708785.51781759}}, {"type": "Feature", "id": 1391, "geometry": {"type": "Polygon", "coordinates": [[[-73.47354114548665, 45.58905762894658], [-73.47404718239443, 45.58926280127778], [-73.47559659489185, 45.58894921620797], [-73.4766409493763, 45.58848405630518], [-73.4792250636981, 45.586753112106045], [-73.48186327868135, 45.58639067051979], [-73.48208603801358, 45.58637268637271], [-73.4856675015371, 45.58564183300513], [-73.50057604194343, 45.58838530490808], [-73.50014065638628, 45.58684915286302], [-73.49860718555328, 45.58459060304005], [-73.49726376829014, 45.58318674800667], [-73.4973318642567, 45.58300872740757], [-73.49774778799983, 45.581335097620055], [-73.49810186309472, 45.579654580609784], [-73.49832108205808, 45.57913641190993], [-73.49920733259111, 45.57740987221005], [-73.49958643081936, 45.57684598843409], [-73.50770151045413, 45.563837391068205], [-73.50850471380089, 45.56254466229423], [-73.50887475233019, 45.56196514402755], [-73.51141006485621, 45.55791330928735], [-73.51341666356755, 45.55465998783244], [-73.51501415038534, 45.552608127197175], [-73.51611099432287, 45.55118019700911], [-73.51792343154091, 45.54896161640703], [-73.52004785291028, 45.546190807082304], [-73.52084840681577, 45.545214441326884], [-73.52589412330722, 45.53874899999853], [-73.52827456805417, 45.535727698510016], [-73.52919554122779, 45.53460538093981], [-73.52863116319259, 45.531920527221494], [-73.52811730212774, 45.529610552346625], [-73.52770441662817, 45.525519358759205], [-73.52761451726329, 45.52514146839642], [-73.527435115133, 45.52462856661179], [-73.52735803947208, 45.52425076102183], [-73.52710180791178, 45.52358485715851], [-73.52693512569802, 45.522991069814125], [-73.52661462481382, 45.521974256938336], [-73.52651202353273, 45.5217403476924], [-73.52625602109224, 45.52165035335049], [-73.52617218669683, 45.52141018411493], [-73.52610211311102, 45.52120955496238], [-73.52611490824873, 45.52115544765617], [-73.5263069335426, 45.521047458415026], [-73.52626830658092, 45.52074165897917], [-73.52587092346285, 45.51943685743584], [-73.5257064197712, 45.51891921715362], [-73.52358322068753, 45.518323990997196], [-73.5232340339211, 45.518231247512695], [-73.52299071932991, 45.51816663296064], [-73.52265447215143, 45.51807529088025], [-73.52015602804592, 45.51735499622997], [-73.51918086030177, 45.51708063996105], [-73.51845717190808, 45.51689624964468], [-73.51807835049118, 45.51680189761672], [-73.51731948490263, 45.51652751678482], [-73.51692150350468, 45.516379121555204], [-73.51456491828235, 45.51555605640666], [-73.51279761088104, 45.514953358397484], [-73.51150848386024, 45.514517130703986], [-73.51011923527928, 45.514053826462444], [-73.5087424750773, 45.51359053939708], [-73.50813248563149, 45.513347614646875], [-73.50623942006224, 45.51260983672511], [-73.50615063323474, 45.51257386230861], [-73.50495462968422, 45.51211053901022], [-73.5036503563483, 45.511606621853105], [-73.50346920224955, 45.51153471036892], [-73.50299202041194, 45.51133226194331], [-73.50253368768585, 45.51118376094776], [-73.50157574423478, 45.51086431237999], [-73.5007254813065, 45.51058985169196], [-73.49986166801598, 45.51031545654304], [-73.4988409877923, 45.51000501005266], [-73.49828868582779, 45.50977550382676], [-73.49802475434714, 45.509622586215315], [-73.49682577276661, 45.508119744670935], [-73.49670744795448, 45.50796677660674], [-73.49500878046503, 45.505721590416954], [-73.49487676280074, 45.50550564941293], [-73.49473998262809, 45.50531671902355], [-73.49452414684123, 45.50495226618457], [-73.49448250081697, 45.50484871123203], [-73.49431424709934, 45.50432232966815], [-73.49411313157604, 45.50393986836517], [-73.49363432191791, 45.50339628200157], [-73.49335458914261, 45.50316146557196], [-73.49296274316451, 45.50285098407789], [-73.49261165698965, 45.50261049983855], [-73.49543878444574, 45.4999767590956], [-73.50045463113376, 45.49530892322727], [-73.5000654656533, 45.49501050538966], [-73.49977914656058, 45.494825062999865], [-73.49931637662664, 45.494482676431716], [-73.49861746219109, 45.49397874408433], [-73.49799692490684, 45.49352433744482], [-73.49786772306155, 45.49343438361951], [-73.49755868722136, 45.49320040743976], [-73.4971301739806, 45.4928944628607], [-73.49641727306641, 45.49238150705245], [-73.49623694000898, 45.49225103735248], [-73.49544370843277, 45.49169309370401], [-73.49433117592754, 45.49090566201367], [-73.49370235556363, 45.4904647273897], [-73.49297750322171, 45.48995177214769], [-73.49172268149239, 45.48906078941827], [-73.49161544740703, 45.488989840507905], [-73.48941220989322, 45.487413920652045], [-73.48904957691609, 45.48714394189567], [-73.48856915382916, 45.48681548978541], [-73.48705298528152, 45.485739944287076], [-73.48559622935309, 45.4846904212282], [-73.48541748721064, 45.48456094021011], [-73.48406826724474, 45.483596514086834], [-73.48330921616588, 45.48305466073159], [-73.4821893751157, 45.48225236010966], [-73.48199627638495, 45.48211743637768], [-73.48159146238868, 45.48182490646194], [-73.4811430390248, 45.48150539222369], [-73.48075657101069, 45.481235321376346], [-73.48042976538366, 45.480983331930894], [-73.47996258892738, 45.48066379497411], [-73.47951222078284, 45.480335248896814], [-73.47933146620056, 45.48020926742184], [-73.47851666711966, 45.479628691608234], [-73.47783408288353, 45.4791336579554], [-73.47771433504639, 45.47903013291454], [-73.4776683132055, 45.479057174265485], [-73.47746365632183, 45.47891313377909], [-73.47693061054625, 45.47849463963385], [-73.47612104117334, 45.477936555493294], [-73.4750193808315, 45.47715796295665], [-73.47341709718597, 45.47601025693389], [-73.47282503712484, 45.476364173523024], [-73.4726090329172, 45.47641618822309], [-73.47223892068848, 45.476134457511414], [-73.4654648739499, 45.48073677347286], [-73.46562499660043, 45.4812852670388], [-73.46483038429689, 45.481812255097864], [-73.4646202010189, 45.48196403305406], [-73.46191362729867, 45.48378163194785], [-73.46174413666196, 45.483903062837264], [-73.46124731540623, 45.484244877163704], [-73.46122720848437, 45.48430862645731], [-73.4610762773434, 45.484470777202006], [-73.45942992912924, 45.485594021266735], [-73.45847331142436, 45.48495473901687], [-73.45756553576008, 45.48434255816006], [-73.45635635361732, 45.483517826767574], [-73.45611342621916, 45.48340169632043], [-73.4551276774131, 45.48276167911094], [-73.45487778024, 45.48253178338956], [-73.45446620454776, 45.48219748928149], [-73.45426722278188, 45.482109690275074], [-73.45366949855901, 45.48179002847203], [-73.45285286774072, 45.481299244813584], [-73.4527529675136, 45.48123170047888], [-73.45268567532034, 45.48118472888385], [-73.45216615064496, 45.48082201278534], [-73.45169106120179, 45.48052034288031], [-73.45100112676731, 45.480056614042276], [-73.45012065786715, 45.4794804136053], [-73.44942664793359, 45.4790391457161], [-73.44875479863525, 45.47857537880304], [-73.4481475754385, 45.4781656856597], [-73.44754201490845, 45.477755991340906], [-73.44687013831212, 45.477301236754094], [-73.44623821199939, 45.47686906497245], [-73.44506825439147, 45.47606767267115], [-73.44437158632337, 45.47559485239426], [-73.4434756710377, 45.474987023712025], [-73.44270959950428, 45.47446470030125], [-73.44086278967991, 45.47319953539896], [-73.44073540143286, 45.47311397417254], [-73.43790048063406, 45.47120481048677], [-73.4353725340035, 45.46953419384829], [-73.43418760970961, 45.46874614036625], [-73.43240590141339, 45.46757530677051], [-73.4305090268012, 45.46631435258571], [-73.43012061769028, 45.466062187484006], [-73.42649301800749, 45.46366632109454], [-73.42596203504573, 45.46330146574236], [-73.42547407547251, 45.462981735970345], [-73.42460934331707, 45.46240529733137], [-73.42426235942284, 45.46215759383069], [-73.42387787597694, 45.46191438157308], [-73.42325690342619, 45.461497843490825], [-73.42317046418025, 45.46144151044491], [-73.42282914880623, 45.46120278434915], [-73.42250888669349, 45.46100005525558], [-73.42113240921765, 45.46008127444487], [-73.41983040163446, 45.459189862692924], [-73.41962829780739, 45.459051493801745], [-73.4186218590137, 45.4583877929827], [-73.41722829008779, 45.45745997469849], [-73.41698704369809, 45.45738781482106], [-73.416032582693, 45.45674823238775], [-73.4151803716239, 45.456168089525704], [-73.4150721672737, 45.456105217095995], [-73.41341144080431, 45.45499794268973], [-73.41325817677603, 45.45489605592019], [-73.41318193630877, 45.454845472600034], [-73.41283868972005, 45.454616382576006], [-73.41275957860007, 45.454563451235465], [-73.41262522451608, 45.45447346452626], [-73.41086292557782, 45.45329335844161], [-73.41078319375337, 45.453241456855416], [-73.4087830577208, 45.45193745348004], [-73.40867372905072, 45.45183842136742], [-73.40820938452528, 45.45145106676998], [-73.40680811610797, 45.45052759148637], [-73.40500632170041, 45.44932927344604], [-73.40183775264933, 45.44723899393038], [-73.40025882082841, 45.44618925437088], [-73.39949194202175, 45.44568919079454], [-73.39894763169119, 45.445328765103454], [-73.39747920142811, 45.44436910926486], [-73.39643867037283, 45.44369332365871], [-73.39553094827772, 45.44311657422042], [-73.39385834429194, 45.4420351877481], [-73.38964082988706, 45.43921015042689], [-73.38840420192763, 45.438363106608634], [-73.3875091036732, 45.437768289893995], [-73.38696730288774, 45.437412335413796], [-73.38589599509832, 45.4366778964011], [-73.38551938377498, 45.43643001155167], [-73.38519377121197, 45.43624526498203], [-73.38473643161115, 45.43605136384491], [-73.3844763760415, 45.43571281688151], [-73.37995114495139, 45.43299184453214], [-73.37807134713178, 45.434739935287446], [-73.3789946526028, 45.435452392934806], [-73.37804382453801, 45.43620353520319], [-73.37747193504092, 45.43660434828447], [-73.37920340064777, 45.43786774974413], [-73.3751848116811, 45.43821125148713], [-73.37335329180725, 45.43837655863856], [-73.37560419568277, 45.442016950619255], [-73.37371127803253, 45.44334801959507], [-73.37313776849078, 45.44304335047258], [-73.37253250831735, 45.44355528108549], [-73.37183575343211, 45.444081476735946], [-73.37120514405987, 45.443802929079354], [-73.36663663674781, 45.447021617850154], [-73.36601614693676, 45.44661105636806], [-73.36507381253821, 45.445968456361804], [-73.36312490409442, 45.44472631732151], [-73.36041691598219, 45.44880018767958], [-73.34976745457956, 45.462971885386125], [-73.3479819461982, 45.4652790635289], [-73.34789220199276, 45.46539434928752], [-73.34662835078291, 45.467079699848156], [-73.34636440950814, 45.46691285480875], [-73.3462616558168, 45.46699330629786], [-73.34618452567453, 45.46705373022783], [-73.33883064868203, 45.48196096495158], [-73.35064655106726, 45.49152033552977], [-73.36923256335523, 45.5058557826771], [-73.3693677260421, 45.50596010198141], [-73.37114619396125, 45.507330607772225], [-73.37119934801734, 45.50737153429311], [-73.37125607870396, 45.50741527492267], [-73.37137792646658, 45.507509200824344], [-73.37153220307682, 45.50750652946913], [-73.37197108411036, 45.50785214178196], [-73.37203287958623, 45.50772532009677], [-73.37219204624252, 45.50740672460027], [-73.37223437890387, 45.50731953434913], [-73.37227592244405, 45.50722969278882], [-73.37374880637016, 45.504222536021814], [-73.37391487829385, 45.50388747728143], [-73.37393449561897, 45.50371300193153], [-73.37405361466726, 45.503339673568334], [-73.37424580071588, 45.50291248339929], [-73.37446743860546, 45.502462808194586], [-73.37450509409467, 45.502364061885], [-73.37469236195624, 45.502022100102145], [-73.37518978334813, 45.501017963102555], [-73.3752384169792, 45.500923008834576], [-73.37549946275644, 45.50041123260235], [-73.37604293533211, 45.4993208617353], [-73.37628560707223, 45.49886584073373], [-73.37708096393456, 45.49725272007271], [-73.37899256223336, 45.498184818159515], [-73.37864679329171, 45.49889643063449], [-73.38082969862697, 45.49941640795005], [-73.38096743952512, 45.49904756420028], [-73.38709555026588, 45.503935612568725], [-73.38760687995578, 45.5043391546895], [-73.38843737604928, 45.505014869610925], [-73.3886162638487, 45.50513206966945], [-73.38880787865402, 45.50531226906279], [-73.38939557249464, 45.50578075452635], [-73.39040496288519, 45.50661844833162], [-73.39132495624443, 45.50732126420969], [-73.39255166323144, 45.508312161752315], [-73.39299887725593, 45.50865465726741], [-73.39344617873078, 45.50903295944927], [-73.3937911843476, 45.50929425595363], [-73.39407248403569, 45.50946547636756], [-73.39421156240485, 45.50958804193493], [-73.3941227806535, 45.50965193929152], [-73.39372731122587, 45.510081503948726], [-73.3937014472338, 45.51028191308405], [-73.39358816168705, 45.51044404756131], [-73.38585730651887, 45.51864731666035], [-73.38558216024306, 45.518431389497884], [-73.38553066452516, 45.51848261079237], [-73.38547037858099, 45.51858358784765], [-73.38539949914355, 45.51866446824727], [-73.38506938158658, 45.51907693173619], [-73.38436287566593, 45.519852876264025], [-73.38428836579543, 45.52000310380132], [-73.384298473213, 45.52014846298366], [-73.38410158678384, 45.52028499372085], [-73.3837188376061, 45.52055043101985], [-73.38369919774846, 45.52058643401194], [-73.38302215458148, 45.52128310633684], [-73.38223996028344, 45.52209215928983], [-73.3818987082754, 45.52248328047949], [-73.38014697672351, 45.52402015645896], [-73.37800083238538, 45.52583106922879], [-73.37770338012753, 45.526087209804004], [-73.3775269735178, 45.526464933618044], [-73.37726475302773, 45.527121517469425], [-73.37710026334022, 45.527494822501964], [-73.37789571185321, 45.528156826071495], [-73.3781198924246, 45.52832042447244], [-73.39014654505955, 45.53737290223106], [-73.39792796597246, 45.54340231560475], [-73.41066835681515, 45.55269235962421], [-73.420286532621, 45.546047889407255], [-73.42395924237643, 45.548438236133094], [-73.42563959636465, 45.54975654783795], [-73.43246138411983, 45.555197438025296], [-73.44346507034615, 45.56364843588095], [-73.44498331594838, 45.56486330786259], [-73.44587917749591, 45.565567961784], [-73.44906432318022, 45.56811460056933], [-73.44982639884722, 45.56871737185244], [-73.44998311798942, 45.56883893145129], [-73.45009080026281, 45.568933418200636], [-73.45029238255029, 45.569095529788996], [-73.45532031432849, 45.5729758541843], [-73.45596807707597, 45.5734485088589], [-73.45627806543598, 45.57378262870478], [-73.45714781184581, 45.574355227258046], [-73.45721247278676, 45.574403881774415], [-73.45777363117301, 45.57483702016679], [-73.45829937920384, 45.575268114746706], [-73.458959398569, 45.57580716755272], [-73.46599935111415, 45.58131811667742], [-73.4660508353142, 45.58138502200613], [-73.46795253187084, 45.58280650486689], [-73.47013333695742, 45.58446248406864], [-73.47039800208242, 45.58460467201087], [-73.4705166325378, 45.584806484363625], [-73.47460724128577, 45.58763003444844], [-73.47354114548665, 45.58905762894658]]]}, "properties": {"OBJECTID": 1391, "PRUID": "24", "PRNAME": "Quebec / Qu\u00e9bec", "CDUID": "2458", "CDNAME": "Longueuil", "CDTYPE": "T\u00c9", "CSDUID": "2458227", "CSDNAME": "Longueuil", "CSDTYPE": "V", "Shape_Length": 57547.60184156602, "Shape_Area": 126033223.74509087}}, {"type": "Feature", "id": 1453, "geometry": {"type": "Polygon", "coordinates": [[[-73.52468557133051, 45.697508386443396], [-73.52387416763828, 45.699232381496444], [-73.53386397583823, 45.69997565922304], [-73.54036044983694, 45.69883776662889], [-73.54717926282754, 45.69909240626551], [-73.5514345292533, 45.70037405246504], [-73.5546280548346, 45.700398671314765], [-73.55824698782666, 45.70020294264208], [-73.56567444146053, 45.69801619276159], [-73.5671600846013, 45.69771353064728], [-73.5746800956431, 45.695474303221616], [-73.5794221123245, 45.694663133696864], [-73.58250975400931, 45.69406322218515], [-73.5829840848078, 45.69392843841944], [-73.5845346780541, 45.69345876213182], [-73.59831382897363, 45.68934406570789], [-73.60152942545342, 45.68940493098995], [-73.60349542977684, 45.68992163566239], [-73.6141598055181, 45.69278975406901], [-73.61786166143601, 45.69272841581472], [-73.62124464537442, 45.692855378883515], [-73.62267252280859, 45.69291541821395], [-73.62425650937068, 45.69264107137846], [-73.62801620821625, 45.69066502368514], [-73.629598811475, 45.689724614160724], [-73.63106475858159, 45.6896238055445], [-73.63211778487303, 45.689665218695204], [-73.63622491443475, 45.690035053381116], [-73.63916343257631, 45.69023385715008], [-73.64276114535595, 45.690198722638684], [-73.64527658647972, 45.68987136849394], [-73.64799628036343, 45.68917006575492], [-73.65013982548894, 45.68844996145689], [-73.65020361219878, 45.688416594729254], [-73.65032401716199, 45.688365397673195], [-73.65129110904903, 45.68832223977652], [-73.65199253436958, 45.68847680224174], [-73.65472522266113, 45.689535303610086], [-73.65574678630587, 45.6897264252041], [-73.65637282726092, 45.69032772071754], [-73.65673108396376, 45.69062184566052], [-73.65772163773626, 45.691182358041615], [-73.65852353620723, 45.691503837304374], [-73.66506540240414, 45.69231321490991], [-73.66734812286444, 45.69309947382093], [-73.66840378805811, 45.693421061457336], [-73.66866409164383, 45.69342941110422], [-73.67286730913044, 45.693720485969244], [-73.67369582981149, 45.69371786613349], [-73.6778863722035, 45.69383004026898], [-73.68083955048691, 45.6942182803596], [-73.68241523667926, 45.694048697840536], [-73.68415971733577, 45.69374339333951], [-73.68636795961362, 45.69296139444723], [-73.68772346756631, 45.692434926889646], [-73.68975001338421, 45.69126210040876], [-73.6955741766273, 45.68677590936652], [-73.69915906652811, 45.68381152796263], [-73.70267509508962, 45.682476928618506], [-73.70693936390745, 45.68106317785339], [-73.70761939614917, 45.68087159382842], [-73.7103875356632, 45.68008292337074], [-73.71091571370404, 45.68006313872576], [-73.7172848227637, 45.6813825957907], [-73.71856997037206, 45.68141745049513], [-73.7198404781665, 45.681339314130994], [-73.72335595114262, 45.68075445457766], [-73.7269891836008, 45.67971813222333], [-73.73052160396297, 45.678533891109495], [-73.73388314391764, 45.67696335424367], [-73.73555458273427, 45.67577959537896], [-73.7390312992015, 45.67225588107093], [-73.74051611274425, 45.67063503897063], [-73.74507801797161, 45.66849157341017], [-73.7495111416839, 45.66686999022894], [-73.74960053704658, 45.66565266090022], [-73.7494317295169, 45.664138973203706], [-73.7514932105575, 45.6625044374969], [-73.75200960418617, 45.66293246452583], [-73.7536210434671, 45.66133818335308], [-73.75924680019688, 45.65619221750858], [-73.76490794941213, 45.65153323008394], [-73.76784716517713, 45.64873067554864], [-73.76968333728163, 45.64760487100374], [-73.77612162817695, 45.643456460134104], [-73.77667351142748, 45.64290864861951], [-73.7768273756153, 45.64222929826486], [-73.77668915140194, 45.64074610325838], [-73.77708649071681, 45.63975481154879], [-73.77788125534009, 45.638768611452335], [-73.77902937854851, 45.63742836815507], [-73.78034863775353, 45.63592605351877], [-73.78172705685076, 45.6343327252251], [-73.78227533335114, 45.633971729226985], [-73.78363588824413, 45.6333845373454], [-73.78482193140174, 45.63251671884807], [-73.78582597565438, 45.631866041150275], [-73.78701339148193, 45.631114528552295], [-73.78734424159566, 45.63064343135593], [-73.7874206007189, 45.63035423851983], [-73.78744736969865, 45.62957371142341], [-73.78763992906396, 45.6279965982035], [-73.78788815452431, 45.627335656283954], [-73.78833395554928, 45.62598418090041], [-73.78934780383767, 45.62344967036843], [-73.78972475111732, 45.622426537265326], [-73.79064516286928, 45.62124640486729], [-73.79286960539329, 45.618094565570004], [-73.79325038224071, 45.617598127856894], [-73.7945241126515, 45.61620195793165], [-73.7958279275436, 45.61584069669072], [-73.79673157892903, 45.61542696381138], [-73.79750891172164, 45.615004526784574], [-73.79817238830124, 45.61448566483012], [-73.79994492159474, 45.6127605809576], [-73.80266868919787, 45.61132753814171], [-73.80426223371637, 45.61063270792336], [-73.80796719167157, 45.61074962602409], [-73.80924183244626, 45.61080038892865], [-73.81197045186218, 45.6097188412499], [-73.81212541073792, 45.60965420152147], [-73.8174483973948, 45.60814232305252], [-73.8192033851445, 45.60783931090855], [-73.82226195945877, 45.60841766261002], [-73.82379901461805, 45.60834775845172], [-73.82437372877237, 45.60797807886851], [-73.82512558773767, 45.60702340389782], [-73.82581296574023, 45.60557997039421], [-73.82546257871805, 45.5997222194606], [-73.82611044108874, 45.5974902857405], [-73.82968802919346, 45.596399925151665], [-73.83280617324372, 45.59427846044395], [-73.83200989104026, 45.589192772431225], [-73.83221774825725, 45.58794311310241], [-73.83269346449468, 45.5872586932158], [-73.83399934981632, 45.586012116492725], [-73.8351005567606, 45.58531962024894], [-73.83701731977679, 45.58349705919476], [-73.83647771538631, 45.58238478096411], [-73.83760539483995, 45.580893175979845], [-73.83769954687335, 45.58078315835966], [-73.83936017373766, 45.579779530665455], [-73.84098607513148, 45.579092647982634], [-73.84319978108505, 45.57890962396829], [-73.84958499010723, 45.57641090700959], [-73.8515737714243, 45.57542036510933], [-73.85351889828374, 45.574368002055955], [-73.85562705226745, 45.57303769684749], [-73.85629920803585, 45.57258183901712], [-73.86200679538304, 45.56834097051691], [-73.86518336089692, 45.56585112285004], [-73.86836649377571, 45.563574300036436], [-73.86937382529655, 45.5628234326335], [-73.8719205694769, 45.56134371126412], [-73.87490747591227, 45.56049402139887], [-73.87875747439573, 45.55987004548918], [-73.8811310292894, 45.55917175348398], [-73.88451374694485, 45.55863562312387], [-73.88592615844415, 45.55546605846652], [-73.88591528111704, 45.55389552618752], [-73.8864143199263, 45.55241838090598], [-73.8866289542829, 45.54996857624768], [-73.8862562339688, 45.54799308444304], [-73.88546980935345, 45.54488272214482], [-73.88510968804572, 45.543773023852985], [-73.88405507548812, 45.54179317887507], [-73.88093516715999, 45.536130610751925], [-73.88278931551164, 45.533900664661246], [-73.8835995951334, 45.53336312212026], [-73.88508387210624, 45.53242374433171], [-73.8896529718937, 45.5294216400651], [-73.89536784778613, 45.52659174762417], [-73.89203500461326, 45.52467691340942], [-73.88811733160681, 45.52290674947097], [-73.87494937599487, 45.52019763017723], [-73.86499142070288, 45.520029666818004], [-73.86372648086586, 45.51970642199861], [-73.8629927760341, 45.519083236114675], [-73.86207603259865, 45.51775448422415], [-73.86122194719961, 45.517066434515186], [-73.86019040495786, 45.516517679962774], [-73.85757980686122, 45.51571691692408], [-73.85693333074663, 45.51525009613659], [-73.85657879034883, 45.51486319481721], [-73.8559746955223, 45.513797331433956], [-73.85537859328636, 45.513125051662016], [-73.85421082986669, 45.51195070995273], [-73.85385858884058, 45.51148512858299], [-73.8530426014857, 45.511648212815366], [-73.85254609685732, 45.5118166798708], [-73.85186048109006, 45.51215647371766], [-73.85087695089321, 45.51293037689916], [-73.84849110822715, 45.51559724099313], [-73.84765134430228, 45.51626455718134], [-73.84640765980637, 45.51772965322525], [-73.84573249652779, 45.518709789688295], [-73.8453490060905, 45.5189856338465], [-73.84471230681717, 45.51906418903663], [-73.84190507801613, 45.51867535160944], [-73.83416256039912, 45.5179936017745], [-73.82486639159309, 45.51744754007459], [-73.82122899524309, 45.51687518033469], [-73.81964242004234, 45.516646906278766], [-73.8158776231253, 45.51693580635415], [-73.81339273970963, 45.51708785666609], [-73.81026025389706, 45.517060974845336], [-73.80783250245987, 45.51687181023459], [-73.8048930483043, 45.51661159812385], [-73.80418445547022, 45.51657818550137], [-73.7989658225208, 45.51576464220895], [-73.79395799904079, 45.51445957197239], [-73.7925635433013, 45.51302581223544], [-73.7885756825135, 45.51241232337752], [-73.7857435134567, 45.51221038762265], [-73.78332297903005, 45.51182394308871], [-73.7806105368859, 45.51185536689294], [-73.77422505888909, 45.51110061223793], [-73.7677778392728, 45.510936439122034], [-73.76632544211758, 45.51117634584887], [-73.76484392095007, 45.511610587762334], [-73.76467594629364, 45.51165021870141], [-73.76371156870535, 45.51190728696655], [-73.76164386227188, 45.512920527574956], [-73.7607390496576, 45.51337714211308], [-73.75735814037249, 45.51630343641411], [-73.7547386515046, 45.518493204932135], [-73.75235680625835, 45.51963718214935], [-73.74824983127883, 45.52102073706955], [-73.74623435372247, 45.522003324932605], [-73.7432068250075, 45.52472905339051], [-73.73854992478743, 45.52759607346397], [-73.73580977272485, 45.5292296372794], [-73.7347440071317, 45.52983087256809], [-73.72838794239345, 45.533005961154316], [-73.72818449283253, 45.53313472013828], [-73.7246597498547, 45.53617518399634], [-73.72191712699714, 45.53773505230547], [-73.72108279009247, 45.53817184771966], [-73.71850733596108, 45.53850230512695], [-73.7161024186787, 45.53882091873294], [-73.71548143912221, 45.539002678861976], [-73.71239967622282, 45.54033787009931], [-73.7122176509126, 45.540427156305675], [-73.71089697485344, 45.541558985681725], [-73.71008136481775, 45.54224412223386], [-73.70710454931212, 45.544969524528646], [-73.70259447399035, 45.547052948321884], [-73.69953615949588, 45.548120450643125], [-73.69857257264636, 45.54840707605337], [-73.69668284547369, 45.54910520306892], [-73.68980173771206, 45.55008644755345], [-73.68651678072862, 45.55062094660455], [-73.68275913236063, 45.55199585223538], [-73.67968142524677, 45.55371802761132], [-73.67698475376449, 45.5554007629564], [-73.67722907624297, 45.5555989142494], [-73.67705176441702, 45.55595144378256], [-73.6754734011772, 45.5573134244271], [-73.67442842227196, 45.559646422012065], [-73.67249564837485, 45.56174357385972], [-73.6714343123479, 45.562712053623194], [-73.67075235933049, 45.563532036465354], [-73.67043841362485, 45.56606235085807], [-73.66977015533293, 45.5679480180072], [-73.66911117008107, 45.57025067141655], [-73.66810390213563, 45.57395969700374], [-73.66688226007007, 45.576096326761636], [-73.66678996763486, 45.576233148576414], [-73.66544701070451, 45.578470448845614], [-73.66420524790219, 45.5799380181746], [-73.66254154586382, 45.58199275296621], [-73.65850068727318, 45.58470375798387], [-73.65657750044942, 45.58850296147945], [-73.65388769783745, 45.59200911826911], [-73.65076133620161, 45.59632357381667], [-73.6468841494832, 45.599108183686916], [-73.64678938363744, 45.59918867158913], [-73.64531806070613, 45.60116409687738], [-73.64489526764856, 45.60279045722898], [-73.64448969647783, 45.60351223440507], [-73.64277079076605, 45.60677322023594], [-73.64167398956269, 45.60907665673435], [-73.63998848190235, 45.61306529688039], [-73.6395647158082, 45.61417667136817], [-73.63910419680083, 45.61526938507953], [-73.63857196819008, 45.617730806673855], [-73.63761523438693, 45.620365480190536], [-73.63615837461082, 45.62369580527066], [-73.62839933292103, 45.63143598588044], [-73.6241499121941, 45.63500550205137], [-73.62000192564304, 45.63739836975187], [-73.61992183626788, 45.637465578085035], [-73.61716809462473, 45.63929222416828], [-73.6131286823825, 45.64230609141484], [-73.60898353504233, 45.645394936298], [-73.60373668521913, 45.647714205116124], [-73.58915126304174, 45.65492218355635], [-73.58679904486661, 45.656057834507315], [-73.58054430600002, 45.658872498328805], [-73.57834311757449, 45.6597001074229], [-73.57796640952986, 45.65981510936883], [-73.57409742219106, 45.66162419008971], [-73.57276328444006, 45.6625231102621], [-73.56899647131766, 45.66469669724361], [-73.56490537779199, 45.66622952926436], [-73.5620360267751, 45.66791736668362], [-73.55568293813091, 45.67198166809221], [-73.55291402630205, 45.673350002045304], [-73.5467931524637, 45.676394103703416], [-73.54167905086557, 45.67759524174237], [-73.53985664178836, 45.67853397772953], [-73.53527386183382, 45.68255057088051], [-73.53040026640085, 45.686784335927406], [-73.52889833968435, 45.68855536754309], [-73.52468557133051, 45.697508386443396]]]}, "properties": {"OBJECTID": 1453, "PRUID": "24", "PRNAME": "Quebec / Qu\u00e9bec", "CDUID": "2465", "CDNAME": "Laval", "CDTYPE": "T\u00c9", "CSDUID": "2465005", "CSDNAME": "Laval", "CSDTYPE": "V", "Shape_Length": 83309.35797244574, "Shape_Area": 273539505.73035055}}, {"type": "Feature", "id": 1455, "geometry": {"type": "Polygon", "coordinates": [[[-73.47556886787852, 45.70516183463762], [-73.47696097689138, 45.7055006630133], [-73.48146473483642, 45.70408533160091], [-73.48371818004861, 45.70376263184434], [-73.48574815966215, 45.70381905826645], [-73.48827403946103, 45.70395902273461], [-73.49098200500553, 45.70268597292902], [-73.49247340370778, 45.70558048950081], [-73.49476532999999, 45.705381249133936], [-73.49709832292068, 45.70475956436097], [-73.49723595767293, 45.70475309710965], [-73.50037926329959, 45.7046052379727], [-73.50870413949332, 45.70236028796531], [-73.5088803254789, 45.70232612778596], [-73.51295648386696, 45.701326280246256], [-73.51389182857807, 45.701079262286314], [-73.51590575557475, 45.700440187813484], [-73.52387416763828, 45.699232381496444], [-73.52468557133051, 45.697508386443396], [-73.52889833968435, 45.68855536754309], [-73.53040026640085, 45.686784335927406], [-73.53527386183382, 45.68255057088051], [-73.53985664178836, 45.67853397772953], [-73.54167905086557, 45.67759524174237], [-73.5467931524637, 45.676394103703416], [-73.55291402630205, 45.673350002045304], [-73.55568293813091, 45.67198166809221], [-73.5620360267751, 45.66791736668362], [-73.56490537779199, 45.66622952926436], [-73.56899647131766, 45.66469669724361], [-73.57276328444006, 45.6625231102621], [-73.57409742219106, 45.66162419008971], [-73.57796640952986, 45.65981510936883], [-73.57834311757449, 45.6597001074229], [-73.58054430600002, 45.658872498328805], [-73.58679904486661, 45.656057834507315], [-73.58915126304174, 45.65492218355635], [-73.60373668521913, 45.647714205116124], [-73.60898353504233, 45.645394936298], [-73.6131286823825, 45.64230609141484], [-73.61716809462473, 45.63929222416828], [-73.61992183626788, 45.637465578085035], [-73.62000192564304, 45.63739836975187], [-73.6241499121941, 45.63500550205137], [-73.62839933292103, 45.63143598588044], [-73.63615837461082, 45.62369580527066], [-73.63761523438693, 45.620365480190536], [-73.63857196819008, 45.617730806673855], [-73.63910419680083, 45.61526938507953], [-73.6395647158082, 45.61417667136817], [-73.63998848190235, 45.61306529688039], [-73.64167398956269, 45.60907665673435], [-73.64277079076605, 45.60677322023594], [-73.64448969647783, 45.60351223440507], [-73.64489526764856, 45.60279045722898], [-73.64531806070613, 45.60116409687738], [-73.64678938363744, 45.59918867158913], [-73.6468841494832, 45.599108183686916], [-73.65076133620161, 45.59632357381667], [-73.65388769783745, 45.59200911826911], [-73.65657750044942, 45.58850296147945], [-73.65850068727318, 45.58470375798387], [-73.66254154586382, 45.58199275296621], [-73.66420524790219, 45.5799380181746], [-73.66544701070451, 45.578470448845614], [-73.66678996763486, 45.576233148576414], [-73.66688226007007, 45.576096326761636], [-73.66810390213563, 45.57395969700374], [-73.66911117008107, 45.57025067141655], [-73.66977015533293, 45.5679480180072], [-73.67043841362485, 45.56606235085807], [-73.67075235933049, 45.563532036465354], [-73.6714343123479, 45.562712053623194], [-73.67249564837485, 45.56174357385972], [-73.67442842227196, 45.559646422012065], [-73.6754734011772, 45.5573134244271], [-73.67705176441702, 45.55595144378256], [-73.67722907624297, 45.5555989142494], [-73.67698475376449, 45.5554007629564], [-73.67968142524677, 45.55371802761132], [-73.68275913236063, 45.55199585223538], [-73.68651678072862, 45.55062094660455], [-73.68980173771206, 45.55008644755345], [-73.69668284547369, 45.54910520306892], [-73.69857257264636, 45.54840707605337], [-73.69953615949588, 45.548120450643125], [-73.70259447399035, 45.547052948321884], [-73.70710454931212, 45.544969524528646], [-73.71008136481775, 45.54224412223386], [-73.71089697485344, 45.541558985681725], [-73.7122176509126, 45.540427156305675], [-73.71239967622282, 45.54033787009931], [-73.71548143912221, 45.539002678861976], [-73.7161024186787, 45.53882091873294], [-73.71850733596108, 45.53850230512695], [-73.72108279009247, 45.53817184771966], [-73.72191712699714, 45.53773505230547], [-73.7246597498547, 45.53617518399634], [-73.72818449283253, 45.53313472013828], [-73.72838794239345, 45.533005961154316], [-73.7347440071317, 45.52983087256809], [-73.73580977272485, 45.5292296372794], [-73.73854992478743, 45.52759607346397], [-73.7432068250075, 45.52472905339051], [-73.74623435372247, 45.522003324932605], [-73.74824983127883, 45.52102073706955], [-73.75235680625835, 45.51963718214935], [-73.7547386515046, 45.518493204932135], [-73.75735814037249, 45.51630343641411], [-73.7607390496576, 45.51337714211308], [-73.76164386227188, 45.512920527574956], [-73.76371156870535, 45.51190728696655], [-73.76467594629364, 45.51165021870141], [-73.76484392095007, 45.511610587762334], [-73.76632544211758, 45.51117634584887], [-73.7677778392728, 45.510936439122034], [-73.77422505888909, 45.51110061223793], [-73.7806105368859, 45.51185536689294], [-73.78332297903005, 45.51182394308871], [-73.7857435134567, 45.51221038762265], [-73.7885756825135, 45.51241232337752], [-73.7925635433013, 45.51302581223544], [-73.79395799904079, 45.51445957197239], [-73.7989658225208, 45.51576464220895], [-73.80418445547022, 45.51657818550137], [-73.8048930483043, 45.51661159812385], [-73.80783250245987, 45.51687181023459], [-73.81026025389706, 45.517060974845336], [-73.81339273970963, 45.51708785666609], [-73.8158776231253, 45.51693580635415], [-73.81964242004234, 45.516646906278766], [-73.82122899524309, 45.51687518033469], [-73.82486639159309, 45.51744754007459], [-73.83416256039912, 45.5179936017745], [-73.84190507801613, 45.51867535160944], [-73.84471230681717, 45.51906418903663], [-73.8453490060905, 45.5189856338465], [-73.84573249652779, 45.518709789688295], [-73.84640765980637, 45.51772965322525], [-73.84765134430228, 45.51626455718134], [-73.84849110822715, 45.51559724099313], [-73.85087695089321, 45.51293037689916], [-73.85186048109006, 45.51215647371766], [-73.85254609685732, 45.5118166798708], [-73.8530426014857, 45.511648212815366], [-73.85385858884058, 45.51148512858299], [-73.85421082986669, 45.51195070995273], [-73.85537859328636, 45.513125051662016], [-73.8559746955223, 45.513797331433956], [-73.85657879034883, 45.51486319481721], [-73.85693333074663, 45.51525009613659], [-73.85757980686122, 45.51571691692408], [-73.86019040495786, 45.516517679962774], [-73.86122194719961, 45.517066434515186], [-73.86207603259865, 45.51775448422415], [-73.8629927760341, 45.519083236114675], [-73.86372648086586, 45.51970642199861], [-73.86499142070288, 45.520029666818004], [-73.87494937599487, 45.52019763017723], [-73.88811733160681, 45.52290674947097], [-73.89203500461326, 45.52467691340942], [-73.89536784778613, 45.52659174762417], [-73.90106826661699, 45.52531775354611], [-73.90410493389994, 45.5241013759018], [-73.9071364850385, 45.52246735608049], [-73.90991919354065, 45.52038564564776], [-73.91375036625146, 45.516673787035764], [-73.91792283122359, 45.5132672541862], [-73.92149754227732, 45.51043136193382], [-73.9323189910472, 45.50406443021036], [-73.94210847798752, 45.500202252811015], [-73.94232220051927, 45.500049678491145], [-73.9453711895504, 45.49795038747258], [-73.9496744284913, 45.49436462996749], [-73.95489971623434, 45.48855126700859], [-73.9554506487641, 45.483001416404406], [-73.9538472519854, 45.4787513653464], [-73.96185867048297, 45.47170526755213], [-73.964825324396, 45.46900127206905], [-73.96506072921936, 45.46878021157454], [-73.97290479711407, 45.46141321770062], [-73.94931064789715, 45.4541032715223], [-73.93685281065267, 45.450482205068376], [-73.93448523684037, 45.44914839761105], [-73.92542111109502, 45.44118995402484], [-73.92428650565783, 45.44158746332407], [-73.92443435957185, 45.441915618105455], [-73.92254566787578, 45.44266802113629], [-73.92273991945373, 45.44311512950529], [-73.91613272874068, 45.44470044095053], [-73.91583101061845, 45.44495595094329], [-73.90611517254594, 45.44852841748511], [-73.90457723377624, 45.44672988082992], [-73.90233221156409, 45.44748524730217], [-73.9015097703089, 45.44635039835136], [-73.90026860788824, 45.44670234889181], [-73.90043048718766, 45.44718465142267], [-73.89833491264326, 45.44753794448683], [-73.89706047344893, 45.44733015490166], [-73.89367914279379, 45.44653731707686], [-73.8936627037418, 45.44670612649449], [-73.8931531541967, 45.447030645469184], [-73.89285101580376, 45.447223089987794], [-73.89142730876287, 45.4481270732261], [-73.88896834952097, 45.449191652965034], [-73.8883869496744, 45.44953134733114], [-73.88753807839026, 45.45037114865146], [-73.88606893423697, 45.451496765672125], [-73.88478704707906, 45.45245449613564], [-73.88449534472262, 45.45258496643564], [-73.88408424409401, 45.452679949687415], [-73.88155124263379, 45.45271818879226], [-73.88106018493808, 45.45297442521685], [-73.87878888811863, 45.45400529741821], [-73.87264038793396, 45.45684585712318], [-73.86606880191113, 45.45997710641465], [-73.86591512110739, 45.46011186938594], [-73.86619866030759, 45.460428934792425], [-73.86667319955076, 45.46091377481805], [-73.86683285530133, 45.461069254743116], [-73.8672173468612, 45.461375013328365], [-73.86575777887994, 45.46229516447952], [-73.8629431546026, 45.46379662551179], [-73.86104140561545, 45.46522496201199], [-73.8603650248765, 45.465973005975975], [-73.85739467071761, 45.46836886663062], [-73.85673781924442, 45.46888685449362], [-73.85491546055964, 45.47032396886184], [-73.85458794266171, 45.470668519041034], [-73.85730813623294, 45.47364126634457], [-73.8568524087931, 45.47392292618173], [-73.84948482263403, 45.47767992069024], [-73.84720376921737, 45.47888708128123], [-73.8464174921203, 45.4792763629589], [-73.84647058955846, 45.47934827035158], [-73.84644844468512, 45.47943829076105], [-73.84590202890051, 45.47971623003932], [-73.84640098223943, 45.48031132805187], [-73.84679878922852, 45.480903985207476], [-73.8475229673159, 45.4814641752387], [-73.84781188268563, 45.48222941404227], [-73.84808201532435, 45.482932885291376], [-73.84860524273992, 45.4835800176584], [-73.84944905824584, 45.484850766234544], [-73.85014741607483, 45.48595092866009], [-73.85012515393986, 45.48611137698091], [-73.85060897144577, 45.486696960188866], [-73.84926003856029, 45.48760684283989], [-73.84912056043407, 45.48767838178454], [-73.84627164963005, 45.489089698556974], [-73.84275407598567, 45.49082350868079], [-73.84131305638276, 45.491534197183555], [-73.84042597312467, 45.49197684574656], [-73.83888221681127, 45.49274721219936], [-73.838469383447, 45.49295989170373], [-73.8380948006558, 45.49310945080517], [-73.83745296239935, 45.49342633256381], [-73.83728977664686, 45.49350366167437], [-73.83699252801368, 45.49365239011293], [-73.83621366640628, 45.49405989716358], [-73.83590826947291, 45.494195770286005], [-73.83546366803986, 45.4945479917289], [-73.8352765951425, 45.49462918280887], [-73.83516715396587, 45.49469182986922], [-73.83714339587135, 45.49661952379705], [-73.83736941548757, 45.49744884735724], [-73.83782776439422, 45.497813728596725], [-73.83586151466031, 45.49873057088455], [-73.83493390816164, 45.498768361268205], [-73.8334734541699, 45.49935454603859], [-73.83333699643165, 45.49935489099211], [-73.83319457073343, 45.499465967484], [-73.83236690084007, 45.499862818915076], [-73.83195018079185, 45.50002903598568], [-73.82941590187917, 45.501239972222194], [-73.82865295032981, 45.50155958583532], [-73.82773440964617, 45.5020496436345], [-73.82689404890326, 45.50243049402845], [-73.8260646660821, 45.50293143190085], [-73.82569829140387, 45.503081572253194], [-73.82433596844524, 45.503810090577105], [-73.82242041417257, 45.50463684025636], [-73.82092226615615, 45.505297413972244], [-73.81939436819145, 45.50609871427506], [-73.81912877801075, 45.50582863890309], [-73.81895671609028, 45.50591856622257], [-73.81787260024818, 45.504794453380576], [-73.81618252708394, 45.50303603565434], [-73.81578381553058, 45.502621165654965], [-73.8156653434562, 45.50249569347989], [-73.81546630370116, 45.50245275956341], [-73.81534645539227, 45.50231550126134], [-73.81481069149623, 45.50258590804911], [-73.81467140442373, 45.50246938080591], [-73.8152165931467, 45.50218357665075], [-73.8152421537835, 45.502038284332016], [-73.81515156100097, 45.501939582064594], [-73.81473830520306, 45.50153594215487], [-73.81409265768548, 45.501856459034386], [-73.81378080812667, 45.50153423885963], [-73.81443676227913, 45.50122016612333], [-73.81341765695332, 45.50015817084972], [-73.81290453655116, 45.49961605427955], [-73.81167322549389, 45.49834231417277], [-73.81023218108885, 45.496874586365706], [-73.80930656316997, 45.49730104531171], [-73.80906425747504, 45.49699671277901], [-73.80150376686791, 45.50060725345324], [-73.80016371831587, 45.499349012799016], [-73.79650484892123, 45.501032392071096], [-73.79406775107508, 45.50223248004794], [-73.7909910800671, 45.504471954176395], [-73.79077339158968, 45.504734681699915], [-73.78990193600707, 45.50479091355121], [-73.7866251478663, 45.50405887507624], [-73.78648433160082, 45.504028784590275], [-73.78410773243843, 45.50348595168187], [-73.78444609348556, 45.50267176752915], [-73.78503772655681, 45.50241860318049], [-73.78585646954753, 45.50206827077453], [-73.78599689144492, 45.5020081767853], [-73.78623428622802, 45.50200737253845], [-73.78631995217764, 45.5015699066417], [-73.7854535461541, 45.50096659013973], [-73.78294111136681, 45.49928678170483], [-73.7811658241404, 45.50004685901582], [-73.78080459145085, 45.49977588473223], [-73.78049770035635, 45.4996929414632], [-73.78043403345904, 45.49971296985933], [-73.77951026937431, 45.500151718344604], [-73.779200682974, 45.50031764218056], [-73.77910696530157, 45.500441021391985], [-73.77762184304251, 45.50004263152449], [-73.77291185332652, 45.49774152766272], [-73.77340533139754, 45.497602699259], [-73.7679253731272, 45.49452136176276], [-73.76530646662202, 45.491538771634296], [-73.76486318881275, 45.49096983891135], [-73.76578110253965, 45.48999785100786], [-73.76596880970453, 45.48980052350493], [-73.76614955069502, 45.48961047076796], [-73.76650893471178, 45.48941049445975], [-73.76634658500416, 45.4889596107397], [-73.76657980635397, 45.488840542586004], [-73.76677115683162, 45.488716343291976], [-73.7664659146177, 45.487672087259455], [-73.76642468414651, 45.48754093542887], [-73.76657835860605, 45.48730246644005], [-73.76646189215924, 45.487266630550494], [-73.76601726583773, 45.48732541752207], [-73.76565402649561, 45.48728474466182], [-73.76554250892957, 45.48712570039544], [-73.76561988543607, 45.487035073770066], [-73.76576874111666, 45.48696163586933], [-73.76572873954196, 45.48682049840727], [-73.76595272691601, 45.486770883431376], [-73.76599190198434, 45.48667532620452], [-73.7659676162048, 45.486459505466556], [-73.76641453189467, 45.48632654578429], [-73.76644022364599, 45.48622831992611], [-73.76701154420863, 45.486106943901184], [-73.76716439823215, 45.48604931430933], [-73.76797714473965, 45.48462117633353], [-73.77087512469448, 45.48322408452335], [-73.77230454993878, 45.48252778965602], [-73.77257263683016, 45.48241918983041], [-73.77284383530453, 45.482351465656954], [-73.77332045065413, 45.48228646748398], [-73.77358284642666, 45.48223386995799], [-73.77385842964775, 45.48214556837793], [-73.77372194811993, 45.48202048184053], [-73.77292512637793, 45.48124847990884], [-73.77223924933871, 45.480712132301946], [-73.76620281470711, 45.47694081467826], [-73.76825059665643, 45.47506334467991], [-73.7666595175036, 45.47331408100074], [-73.76215123486524, 45.46859941675103], [-73.75796647140177, 45.46608750351757], [-73.75020354263681, 45.4612172655359], [-73.74080355413824, 45.468425769657834], [-73.73160593345075, 45.47585078813559], [-73.72526928483589, 45.48090219029727], [-73.72404801645207, 45.48193084559067], [-73.72354307423812, 45.482033404442376], [-73.72342265818031, 45.482137509249874], [-73.72333247930452, 45.482094469454545], [-73.72345495370524, 45.481991818333086], [-73.72277597869959, 45.48167013594464], [-73.72226337138575, 45.481439929817455], [-73.72081061284273, 45.480811782298936], [-73.72030434149654, 45.48060780834623], [-73.71302306573313, 45.47615461896197], [-73.71274602749958, 45.47597969920307], [-73.71086067376454, 45.47480636740588], [-73.70847338792088, 45.473286406004476], [-73.70836286881324, 45.47321602698439], [-73.71108917978962, 45.47116590384705], [-73.71646430097361, 45.46712119161517], [-73.71734383794185, 45.46646207587234], [-73.71842684883318, 45.465659888989244], [-73.71929631605398, 45.465014789749425], [-73.71956973206574, 45.464811394683], [-73.72098420656337, 45.463767780873724], [-73.72335482832257, 45.46206414475204], [-73.7248927712561, 45.4609570967227], [-73.72483011822175, 45.46087806657802], [-73.7247743250546, 45.46080768346188], [-73.72456588466656, 45.460544702855955], [-73.72441612662253, 45.460270478070115], [-73.72420695429565, 45.459740010138496], [-73.72390589579612, 45.45878674289309], [-73.72293744397423, 45.455756173270665], [-73.72186942265763, 45.45228927244187], [-73.72089136304088, 45.449132604178004], [-73.7208259637006, 45.44890349574954], [-73.72078327549093, 45.44875412010173], [-73.72232583765394, 45.44878857105971], [-73.72222711510616, 45.44863610043477], [-73.7221675089855, 45.4485440556704], [-73.72206743629586, 45.448396267355015], [-73.72198955623512, 45.44827385245397], [-73.72204670426129, 45.44779630773195], [-73.72087796615027, 45.44443944489432], [-73.72083826480404, 45.444318631144014], [-73.71940673118303, 45.43924861228308], [-73.719947774982, 45.43917391176542], [-73.71988819697421, 45.43892521908627], [-73.72002203645813, 45.43899863362246], [-73.72008792408381, 45.43897128804374], [-73.7201119329542, 45.43884861698234], [-73.71378142655011, 45.420996663173], [-73.69957176385178, 45.42219439039755], [-73.6932733658095, 45.42246980558992], [-73.68690121506357, 45.422481330248985], [-73.68051485850512, 45.42200802970995], [-73.67490990182638, 45.42137512540287], [-73.66638439430164, 45.41982156801214], [-73.66598455178529, 45.41971644792433], [-73.65979209038714, 45.41878432169552], [-73.6573052799282, 45.41822624853416], [-73.65479607817306, 45.41757068602097], [-73.65443005684912, 45.41737943690061], [-73.64570101855658, 45.413547303903286], [-73.64065329031426, 45.41183480739099], [-73.63554065530013, 45.41085788416718], [-73.62916022223818, 45.41010577906656], [-73.62790067973029, 45.410091284419046], [-73.62150192891882, 45.4103694491805], [-73.6149320059982, 45.41064855295502], [-73.60665394601845, 45.411090538673584], [-73.59914882767201, 45.411637037123036], [-73.588090138, 45.412410220928635], [-73.5810407829254, 45.412937116524574], [-73.56823593671436, 45.41421861934718], [-73.56052933175637, 45.415385581843864], [-73.55026259206947, 45.417412268516095], [-73.54511201339233, 45.4191436779118], [-73.543007514471, 45.4200284312812], [-73.5412016535872, 45.420798935164804], [-73.53734685960713, 45.422471002379616], [-73.53008298568969, 45.42669290009804], [-73.52561175813307, 45.431324521235396], [-73.52169034792671, 45.43754657799199], [-73.52161608901989, 45.43766047635191], [-73.52079064886127, 45.439899473312224], [-73.51990179280682, 45.44389314631968], [-73.5191960861135, 45.44788819268192], [-73.51881171817799, 45.45193079443178], [-73.51913458383326, 45.45915808536994], [-73.51960419255374, 45.460924837982695], [-73.52017274497045, 45.46239106939383], [-73.52095006886502, 45.46606937025991], [-73.52119270575878, 45.46867569986836], [-73.52120830009356, 45.46877964432355], [-73.52144218007324, 45.46966874506171], [-73.52152114575632, 45.46996899357633], [-73.52318620031815, 45.476298524113275], [-73.52372088017707, 45.47791882945197], [-73.52413245091577, 45.479744544897756], [-73.52444375709223, 45.481157903062986], [-73.52509712072816, 45.48506088645574], [-73.52493848415968, 45.48800192214188], [-73.52491220520169, 45.488055240232434], [-73.52354721688116, 45.49057336597185], [-73.52268660394552, 45.49191153587485], [-73.52225841059906, 45.492625696369544], [-73.52170071625407, 45.4930450007526], [-73.52087315471738, 45.493727633039114], [-73.51911702862584, 45.4950435519682], [-73.51917920504665, 45.495174664460805], [-73.51927061057602, 45.49536745894865], [-73.51947540638771, 45.49566435531036], [-73.51988495968254, 45.49574900254555], [-73.5198392541662, 45.49651010559941], [-73.51852143104165, 45.496969184153045], [-73.5188620206567, 45.49768006494456], [-73.5191308367072, 45.49829185315726], [-73.51929732279511, 45.498795848838235], [-73.51968163519076, 45.500010546158634], [-73.52020681744588, 45.50174714313312], [-73.52088592569133, 45.50393365619037], [-73.5209115307079, 45.503969670053685], [-73.5210906358007, 45.503969550107094], [-73.52123162766742, 45.504563463989], [-73.52155202948593, 45.505544160110055], [-73.52170571769638, 45.50610204822423], [-73.52206453556792, 45.507190857275646], [-73.52235922759318, 45.50818066824239], [-73.52265401036077, 45.50908035916009], [-73.52293582476496, 45.5100341452334], [-73.52305132232696, 45.51044806691469], [-73.52366640444116, 45.51233765654391], [-73.52429432932836, 45.5143441594882], [-73.52461470228567, 45.51544186227776], [-73.52499932624215, 45.516683553189566], [-73.5257064197712, 45.51891921715362], [-73.52587092346285, 45.51943685743584], [-73.52626830658092, 45.52074165897917], [-73.5263069335426, 45.521047458415026], [-73.52611490824873, 45.52115544765617], [-73.52610211311102, 45.52120955496238], [-73.52617218669683, 45.52141018411493], [-73.52625602109224, 45.52165035335049], [-73.52651202353273, 45.5217403476924], [-73.52661462481382, 45.521974256938336], [-73.52693512569802, 45.522991069814125], [-73.52710180791178, 45.52358485715851], [-73.52735803947208, 45.52425076102183], [-73.527435115133, 45.52462856661179], [-73.52761451726329, 45.52514146839642], [-73.52770441662817, 45.525519358759205], [-73.52811730212774, 45.529610552346625], [-73.52863116319259, 45.531920527221494], [-73.52919554122779, 45.53460538093981], [-73.52827456805417, 45.535727698510016], [-73.52589412330722, 45.53874899999853], [-73.52084840681577, 45.545214441326884], [-73.52004785291028, 45.546190807082304], [-73.51792343154091, 45.54896161640703], [-73.51611099432287, 45.55118019700911], [-73.51501415038534, 45.552608127197175], [-73.51341666356755, 45.55465998783244], [-73.51141006485621, 45.55791330928735], [-73.50887475233019, 45.56196514402755], [-73.50850471380089, 45.56254466229423], [-73.50770151045413, 45.563837391068205], [-73.49958643081936, 45.57684598843409], [-73.49920733259111, 45.57740987221005], [-73.49832108205808, 45.57913641190993], [-73.49810186309472, 45.579654580609784], [-73.49774778799983, 45.581335097620055], [-73.4973318642567, 45.58300872740757], [-73.49726376829014, 45.58318674800667], [-73.49860718555328, 45.58459060304005], [-73.50014065638628, 45.58684915286302], [-73.50057604194343, 45.58838530490808], [-73.50166405177266, 45.59222349995942], [-73.50189542997872, 45.593233830833746], [-73.50326304249624, 45.59845050139558], [-73.50279850495339, 45.59996181489575], [-73.49979516845873, 45.610109899196054], [-73.49978057194312, 45.61014055760979], [-73.50804913864529, 45.61079985907613], [-73.50865689891803, 45.61094741549623], [-73.50933020610806, 45.61109147082972], [-73.5104313570521, 45.611264798660194], [-73.51205910788164, 45.61154814172898], [-73.51250152412096, 45.611627546427194], [-73.5143826961187, 45.61195179544458], [-73.51445870403629, 45.6119662020616], [-73.51653217081905, 45.61232139088781], [-73.51864704328904, 45.61267888609628], [-73.52080066514478, 45.613003372475], [-73.52288593581967, 45.61336458202068], [-73.52496016601634, 45.613757112053705], [-73.52510381934127, 45.61378175713162], [-73.53543825211027, 45.61556456255376], [-73.53724518949326, 45.61589413200774], [-73.53638120411412, 45.61938983977389], [-73.5361755165117, 45.62004667401257], [-73.54705875929619, 45.62504304229462], [-73.54719548281003, 45.62510238499143], [-73.548004833687, 45.62545342612215], [-73.54817875558416, 45.6255296693613], [-73.54833480858454, 45.6255981012251], [-73.54850973483717, 45.6256747374021], [-73.54994844286142, 45.62631638037018], [-73.55004487827145, 45.626360261681945], [-73.5675945733177, 45.6346045440955], [-73.56538755604807, 45.63604999752293], [-73.56523299175923, 45.63614856899797], [-73.56509952306293, 45.63623080133511], [-73.56408690478021, 45.636906519821196], [-73.56351247041012, 45.63728410703898], [-73.56164443233958, 45.63850605889486], [-73.56131516467546, 45.63871619561713], [-73.55983790823262, 45.63968294741006], [-73.5576744940743, 45.64110016538162], [-73.55745385640529, 45.641248865194285], [-73.55548097822854, 45.642549758283806], [-73.5544066742139, 45.64323800895378], [-73.55393552359446, 45.64352483702773], [-73.55343226864022, 45.643803885436284], [-73.55237839285691, 45.64438530974236], [-73.55223029381433, 45.644456726376724], [-73.54876075423404, 45.64617373282294], [-73.54844570090361, 45.646353556848716], [-73.54812248414908, 45.64655814214212], [-73.5475689043116, 45.64691019133234], [-73.5471577277697, 45.64715705369895], [-73.54669717813414, 45.64741506511751], [-73.54532675585382, 45.64809320873176], [-73.54516573498262, 45.648022610915106], [-73.54503946418158, 45.64796708459978], [-73.54466970872643, 45.648150442611254], [-73.5437202998425, 45.6477389595016], [-73.54254290530395, 45.647228643378604], [-73.5332585019639, 45.64304599363113], [-73.53301337149715, 45.64293543463325], [-73.53285948191996, 45.64286613356041], [-73.53264657801337, 45.6427701790502], [-73.53067799603237, 45.64188304034461], [-73.52939630549115, 45.64129463848975], [-73.52901309181821, 45.64112985966069], [-73.52776158119846, 45.64056285263409], [-73.52212120400276, 45.63802124456147], [-73.52202959064795, 45.63797653767288], [-73.52067225722908, 45.63746940330417], [-73.51752927363086, 45.636935306985315], [-73.51632453681022, 45.63687680635608], [-73.51617867483095, 45.636850430098065], [-73.51133007473751, 45.63607162916958], [-73.50826556887075, 45.63557175497553], [-73.50565191503762, 45.635139545730816], [-73.50301761667741, 45.63470487998186], [-73.50000347907581, 45.63420733480747], [-73.49730796895572, 45.63376123255761], [-73.49685924540101, 45.63368781975632], [-73.49397637183884, 45.633213760447624], [-73.4932258514425, 45.6331156118031], [-73.49237325022224, 45.63292619471452], [-73.49049341733893, 45.63257301878272], [-73.48655585818095, 45.63191654209317], [-73.48306669419844, 45.6353433669844], [-73.47879721890219, 45.63832999924362], [-73.47765320006116, 45.63909110306735], [-73.47303427264308, 45.64189158905318], [-73.47783779799515, 45.64719216443684], [-73.48258913693596, 45.654818390836596], [-73.48375457989928, 45.65723614249456], [-73.48436810833489, 45.65862147589847], [-73.48542020965886, 45.66230309045957], [-73.48581250479049, 45.66358793770783], [-73.48659500154592, 45.66678533937556], [-73.48715085089745, 45.66986380888721], [-73.4872534868983, 45.67408912085949], [-73.48673928066864, 45.678866230186856], [-73.4859108927061, 45.682718396552964], [-73.48552603010889, 45.68350123000672], [-73.48447196966993, 45.685892729739564], [-73.48240603694605, 45.68855235214551], [-73.4804333175774, 45.69217438932831], [-73.47897776420093, 45.69516215231926], [-73.47883465200215, 45.695461203632235], [-73.47803188131645, 45.697094372868655], [-73.47744975032958, 45.697773377408], [-73.47656540003344, 45.69872650178767], [-73.47538133573002, 45.69971180731015], [-73.47361856077703, 45.700418452718296], [-73.47432963983316, 45.70113942025246], [-73.47448383306292, 45.702020827838695], [-73.4741278425031, 45.70335709870955], [-73.47452724059463, 45.70443889418648], [-73.47556886787852, 45.70516183463762]], [[-73.64738919642699, 45.53050436489717], [-73.64731321359619, 45.53059145844139], [-73.64719404804721, 45.530484852742546], [-73.64678759992837, 45.53031277880121], [-73.64400556065719, 45.529519619676904], [-73.64160902993981, 45.52882301535952], [-73.6409136434991, 45.528620883743955], [-73.63784951988625, 45.52772970513652], [-73.63468203676123, 45.52681096550502], [-73.63158274336118, 45.52591150432097], [-73.62778470362707, 45.52480907010334], [-73.62585680210164, 45.52425498924522], [-73.6254580902146, 45.52413375486409], [-73.62402104158058, 45.523724291815], [-73.62376111964608, 45.523663115264064], [-73.62317066877955, 45.52349192340313], [-73.62275479219738, 45.523385204696964], [-73.6220578841778, 45.52410738611799], [-73.62053894126055, 45.523558374555364], [-73.62257645300794, 45.52128460351869], [-73.62285522845306, 45.52091959670405], [-73.62438826316789, 45.51966469021855], [-73.62442004334423, 45.519628604861], [-73.62448990566982, 45.51954723206101], [-73.62455096372821, 45.519466252087945], [-73.62450676591152, 45.51937667901974], [-73.62526702251449, 45.51864890213863], [-73.6254388791135, 45.51845270698668], [-73.62622515461338, 45.51724993701341], [-73.62644679375744, 45.516956351637766], [-73.62699325586891, 45.516255160073264], [-73.62795375068774, 45.515316512870335], [-73.62829645175695, 45.514808470811886], [-73.62900297640434, 45.51406687425064], [-73.62932179958531, 45.51420634661553], [-73.63031451628783, 45.51447924725831], [-73.63134595320943, 45.51476256223623], [-73.63148313236518, 45.51480023673968], [-73.63237515749927, 45.5150440547575], [-73.63333091458847, 45.515306086623994], [-73.63426661631868, 45.51556257699639], [-73.63473880294983, 45.5156910564273], [-73.63527803231018, 45.514852813267574], [-73.6354311172003, 45.514745854421804], [-73.6356769057955, 45.514304884958655], [-73.63645212223383, 45.51452836243111], [-73.63656706583352, 45.5143148253983], [-73.63680018178209, 45.51388604330641], [-73.63800744856682, 45.51183829418348], [-73.63861562522462, 45.51081037966849], [-73.64021861708927, 45.509313511411946], [-73.64124050979076, 45.50899402872321], [-73.64135771109206, 45.50845733591063], [-73.64142958772372, 45.508206684608055], [-73.64185075575305, 45.50745359010839], [-73.64197604215288, 45.50732109799116], [-73.64212960950016, 45.50726575331344], [-73.64244272880352, 45.50724697416038], [-73.64147075968692, 45.50691774217903], [-73.64237580299788, 45.50596440176495], [-73.64235980614609, 45.505552973104365], [-73.64233954346233, 45.505497289274], [-73.64249461985422, 45.505448094214586], [-73.64239161426573, 45.50535786866814], [-73.64226469278078, 45.50530437870145], [-73.64242096633625, 45.50511422772198], [-73.64262259396587, 45.5048278341786], [-73.64287955264308, 45.504553035029616], [-73.64354116887372, 45.50383226568202], [-73.64458941235094, 45.50268669066697], [-73.64534819744539, 45.50185831810238], [-73.6456256649731, 45.50155553352344], [-73.65010611685052, 45.503862717935874], [-73.65182451650922, 45.50435860967979], [-73.65202960899143, 45.50427564098194], [-73.65646754056208, 45.50378793809155], [-73.65980988313659, 45.50475957310037], [-73.66002341002668, 45.504343437934764], [-73.66018812830653, 45.503127342838546], [-73.66074409869893, 45.5024146125574], [-73.66187477852984, 45.502279820721554], [-73.6621450055318, 45.50196756259719], [-73.66219064665349, 45.500475807634125], [-73.66195450533485, 45.500295861111205], [-73.6619094254651, 45.50010431744961], [-73.66197868916653, 45.49993369157823], [-73.66189931480831, 45.49974093853708], [-73.6618012723667, 45.49950282027401], [-73.66304213859092, 45.49874934226529], [-73.66176084012679, 45.497957625643636], [-73.65931702928914, 45.49635802391946], [-73.65702072832524, 45.49485487168051], [-73.65622868725583, 45.49436170560217], [-73.65761272553954, 45.4932234411313], [-73.65934642887032, 45.49189361948104], [-73.66126305145251, 45.490403901331256], [-73.66169461143465, 45.49007998102336], [-73.66201872338235, 45.48983666986699], [-73.66306162136088, 45.48902979018223], [-73.66469123957137, 45.48776167447883], [-73.66625195288765, 45.486699772867695], [-73.66712070987754, 45.486085164568074], [-73.66832917719921, 45.486927025059956], [-73.66946726878487, 45.48792945197927], [-73.67238558156755, 45.4896508148439], [-73.6752621269272, 45.4913473098266], [-73.67628527327896, 45.48760128914729], [-73.67728647037879, 45.48387195925707], [-73.677784606751, 45.48426772230485], [-73.67827271664, 45.484545369426655], [-73.68345058851186, 45.488006004624026], [-73.68604394801723, 45.489454434325836], [-73.68619902757227, 45.489516290521266], [-73.68549383577052, 45.4897694742271], [-73.68307541681078, 45.490583251860166], [-73.68256499788242, 45.490761993774676], [-73.68220385436051, 45.490915713715765], [-73.6814960167303, 45.49126866321935], [-73.68049786573164, 45.49200259971322], [-73.6800810981794, 45.49233442422746], [-73.6795304923609, 45.492807200859936], [-73.67911272526388, 45.49311632878006], [-73.67879582305508, 45.49336498220793], [-73.67751879561304, 45.49433399588263], [-73.67740830308826, 45.494412804084625], [-73.67688715946436, 45.494840645304215], [-73.67645164805302, 45.49518313849636], [-73.67542672000951, 45.49597213871102], [-73.67484866420664, 45.49634613117493], [-73.67407240427757, 45.49687371132353], [-73.67396493724269, 45.49694884262167], [-73.67392205213658, 45.496981471055015], [-73.67391060004779, 45.497025194339834], [-73.67389432372511, 45.49708745389355], [-73.67386748878869, 45.49719013739777], [-73.67311114027804, 45.49778133712428], [-73.67239847213263, 45.49834353067056], [-73.6707367030318, 45.499651243113455], [-73.67003041665183, 45.50022808710228], [-73.66919877666847, 45.50089051023853], [-73.66899827973104, 45.501081640131076], [-73.66879729986599, 45.501238113255184], [-73.6678491251364, 45.50198363713595], [-73.6677874996674, 45.50202783196493], [-73.6676000839255, 45.502157517338574], [-73.6672168188364, 45.50235043578179], [-73.66697148327096, 45.50244123599757], [-73.66665237370513, 45.50252477193184], [-73.66642757654384, 45.50255804458113], [-73.66589088143502, 45.50258645028939], [-73.665787132386, 45.502666440189664], [-73.66552147892669, 45.502899369094976], [-73.66536758869883, 45.5030694905011], [-73.66516622975617, 45.50338275247837], [-73.6650852147468, 45.50356919239994], [-73.66506212311197, 45.50363038884894], [-73.66497674658649, 45.50390539756915], [-73.66491816386963, 45.504131803429516], [-73.66484620727826, 45.50433041472604], [-73.66474653345952, 45.50450203919407], [-73.66454963025274, 45.504904219010385], [-73.66444644041674, 45.50507105093832], [-73.6643680953558, 45.50519780027177], [-73.66376687503531, 45.50615664614871], [-73.66307300604831, 45.507347214744264], [-73.66277915374769, 45.50783016767777], [-73.66237942640521, 45.508474833287416], [-73.66229935024887, 45.50859958961436], [-73.66209919917611, 45.50891129075934], [-73.66167049108013, 45.50958101176187], [-73.66127304484397, 45.510199068437544], [-73.66019359419178, 45.51188900111552], [-73.65901340220525, 45.51376034376429], [-73.65876406345798, 45.5141535440693], [-73.65847434185066, 45.51464991212997], [-73.65804571690376, 45.51530311889755], [-73.65740713231628, 45.5162550291199], [-73.65698542444767, 45.51686769352465], [-73.6561898693777, 45.518054879274956], [-73.65556862120903, 45.518989956553106], [-73.65512679383747, 45.51966856625556], [-73.65488594218343, 45.52004465874519], [-73.6537908691718, 45.52175468995329], [-73.65330368634355, 45.52253418653786], [-73.65278872114803, 45.52340032476539], [-73.65242103992215, 45.52403219701455], [-73.65186686293426, 45.524972581006686], [-73.65166799211914, 45.52534794828588], [-73.6515650600741, 45.52558405931509], [-73.65089443491935, 45.52725225046143], [-73.65065821051567, 45.5278321334982], [-73.65037293387013, 45.52848810291979], [-73.65012523355581, 45.52888437023591], [-73.64991096030015, 45.52914552513585], [-73.64953791957451, 45.529539561155126], [-73.64902069451831, 45.53014866121141], [-73.64893538833199, 45.53013330055262], [-73.64863063792593, 45.53010216817517], [-73.64853751654579, 45.530109851300075], [-73.64835634888325, 45.53014295686381], [-73.64770023647871, 45.530318957870044], [-73.64749880827185, 45.53033944476222], [-73.64738919642699, 45.53050436489717]], [[-73.60317267259704, 45.495201914739475], [-73.60293845585814, 45.49524366341445], [-73.60288452418663, 45.49506055433569], [-73.60227826091726, 45.494620743401036], [-73.6022642328238, 45.49457903863219], [-73.60089485663677, 45.4942735728169], [-73.60104130351259, 45.493863576284994], [-73.60070830791298, 45.49349902176185], [-73.60039634617218, 45.4933667527259], [-73.59995212608074, 45.49317838353974], [-73.5994409539479, 45.4929592832474], [-73.59848539551201, 45.49256636938537], [-73.59837886872185, 45.492502647884805], [-73.59717810856307, 45.49200487981073], [-73.59650307154021, 45.4917479626262], [-73.59608243457856, 45.49218358854309], [-73.5956825938873, 45.49260946049864], [-73.59490154405259, 45.492366788154094], [-73.59410335869062, 45.49211861882312], [-73.59339850799833, 45.49189952751259], [-73.592498834238, 45.49161849963618], [-73.5912727469662, 45.4912223511506], [-73.5897672527827, 45.490736047046646], [-73.5888731029948, 45.49044516304614], [-73.5863400346761, 45.489623679547776], [-73.58482590236306, 45.48916632298193], [-73.58474156890547, 45.489114431401184], [-73.58407622335687, 45.48890235588855], [-73.5837239043381, 45.48877459056082], [-73.58239400333693, 45.48836637289601], [-73.58308947844338, 45.48816488667686], [-73.58300026585795, 45.48808200432195], [-73.58226057183789, 45.48749680063776], [-73.58186161500721, 45.487187856704814], [-73.5816615206076, 45.487007387872495], [-73.58147898269732, 45.48679980440825], [-73.58133224769924, 45.48660735103526], [-73.58122276582608, 45.48646373646392], [-73.58111301051191, 45.48631987997784], [-73.58102664160342, 45.486206846932454], [-73.58097359160472, 45.48613745088219], [-73.58059495933938, 45.48564202982631], [-73.58064567844272, 45.485594163134785], [-73.58072124860756, 45.48554245965691], [-73.58146824743018, 45.48502271751857], [-73.58170041535985, 45.48486166522974], [-73.58239423888072, 45.48438021927479], [-73.58309098710689, 45.48389668609561], [-73.58330211022346, 45.48375021702569], [-73.58398625386214, 45.48327536405384], [-73.58427458984997, 45.483075208352986], [-73.58458247992279, 45.48277393616814], [-73.58512592642943, 45.48224164857681], [-73.58528200829763, 45.48234297495237], [-73.58557355383837, 45.48248936995844], [-73.58611966974036, 45.48272838722301], [-73.58644088337773, 45.4825248168027], [-73.58772641764345, 45.48171009531189], [-73.59079687274205, 45.479598990235374], [-73.59238413771381, 45.47841987815115], [-73.59383046984, 45.47736913734716], [-73.59475522496454, 45.4755976929731], [-73.59554551572148, 45.47501982843579], [-73.59576707086391, 45.47485785569897], [-73.5959879403684, 45.47471163633611], [-73.59613669180543, 45.47461319381822], [-73.59634308821269, 45.47447658772494], [-73.59658409800505, 45.474317073889985], [-73.59669626750303, 45.47424281993466], [-73.59684880965008, 45.47414186377172], [-73.59736414206758, 45.4738007662355], [-73.59753624664607, 45.47389071649067], [-73.597816166159, 45.473998215108004], [-73.60076917694363, 45.475132133998386], [-73.60122484916859, 45.475440664351396], [-73.6015320612194, 45.47552609410527], [-73.60206214726986, 45.47576859441473], [-73.60221928000091, 45.47587958372212], [-73.60300808712195, 45.4762264993202], [-73.60376074579926, 45.476562807112934], [-73.60454977456915, 45.47692229403756], [-73.6049408987757, 45.47710131652728], [-73.60544436552888, 45.476730248174206], [-73.60594507032843, 45.47682791551105], [-73.60741654249314, 45.477481234413546], [-73.60874551968311, 45.47808969546737], [-73.60940676286415, 45.47839954008301], [-73.61041718043843, 45.47882101565517], [-73.61254472045765, 45.47977545641297], [-73.61308351508873, 45.480021107894956], [-73.61340475926634, 45.48016756873946], [-73.61383779716243, 45.48036498595311], [-73.61407363746491, 45.48047248429331], [-73.61382735420355, 45.48076547611965], [-73.61358951343963, 45.48104844385665], [-73.61317219635599, 45.48154493652486], [-73.61240792328779, 45.48271082649798], [-73.61288380488004, 45.4829412752486], [-73.6150281774934, 45.48389425892828], [-73.6158826240646, 45.48427075660341], [-73.61720273935063, 45.484794324716724], [-73.61690539185092, 45.48511026538606], [-73.61631420355994, 45.48575549752505], [-73.61564958936755, 45.48648104696188], [-73.6153202643007, 45.486811237990274], [-73.61841084450236, 45.48823816145136], [-73.61840181557135, 45.48850830329535], [-73.6182384293041, 45.488968789080545], [-73.6179957676024, 45.489423519220125], [-73.61740705243804, 45.490081570174894], [-73.61637120006641, 45.491233592723134], [-73.61564928283292, 45.4918801628221], [-73.61549258209331, 45.492031920887015], [-73.61506035102333, 45.49271054746304], [-73.6148205321377, 45.49302603538574], [-73.61144193260608, 45.49165719354455], [-73.61053621784953, 45.49285081407173], [-73.60980604493011, 45.49353750473578], [-73.60923949255654, 45.494052754646596], [-73.60884503908478, 45.493844957554465], [-73.60810400883824, 45.493574812925274], [-73.6071507432048, 45.49426833154314], [-73.60709644597354, 45.494415390001656], [-73.60679871886026, 45.495343412356654], [-73.60672595834723, 45.49544098062526], [-73.6064992091809, 45.495386875343414], [-73.60625729023089, 45.4953282988202], [-73.60596825493298, 45.49529466317292], [-73.60519533684358, 45.49526284735758], [-73.60385209660036, 45.495207361034616], [-73.60348247764301, 45.49519207628377], [-73.60317267259704, 45.495201914739475]], [[-73.63526210600699, 45.4818805888735], [-73.6321102797788, 45.48041768182025], [-73.63199839045531, 45.480367917551135], [-73.63041766200276, 45.47964801649821], [-73.6304978383731, 45.47954948141324], [-73.63073588355456, 45.47930143979209], [-73.63101840751716, 45.47900707494024], [-73.6299949581131, 45.478550903994375], [-73.62949645978372, 45.47832006424492], [-73.63016552315727, 45.47820794779361], [-73.63146174690682, 45.47797181621174], [-73.63254693781897, 45.47775492388636], [-73.63270111062941, 45.47771764722336], [-73.63389724023827, 45.47730221730299], [-73.63491090293265, 45.476983214969344], [-73.63542020718867, 45.476880760951914], [-73.6358371849601, 45.47683279114361], [-73.63657545501451, 45.47679665694715], [-73.6380073162711, 45.47674385966249], [-73.63935426657461, 45.47671089852758], [-73.63956908715794, 45.47666989682025], [-73.64038597787354, 45.476180982595004], [-73.64118845984646, 45.475658956709665], [-73.64206363709945, 45.475097429451104], [-73.64217270788076, 45.475036614908625], [-73.6429274158552, 45.474558220315025], [-73.64308846841804, 45.474471563447224], [-73.6438121459141, 45.47412358960611], [-73.64423678732365, 45.473937023255395], [-73.64463982453145, 45.47376440583802], [-73.64481951532211, 45.473627122937756], [-73.64580723792066, 45.473175549151456], [-73.64619280924157, 45.472885713688036], [-73.64713080901036, 45.47214619287828], [-73.64780212980034, 45.471626243890256], [-73.64822680690237, 45.471286750554874], [-73.64843431325654, 45.4711141546031], [-73.64906360087285, 45.47061091598201], [-73.64926504100285, 45.47044374208603], [-73.649512070757, 45.470136363146146], [-73.64962826229507, 45.46996139801222], [-73.64979586999972, 45.46959788622109], [-73.64996892113977, 45.469166948526166], [-73.65020767889361, 45.46880149826412], [-73.6503687540101, 45.46865096044215], [-73.65063563572689, 45.46846947122127], [-73.65119090084241, 45.46813497022826], [-73.6515640326455, 45.46791768460024], [-73.65205713249667, 45.46761443776497], [-73.6522695072039, 45.46742358107588], [-73.65292108620243, 45.466568914189935], [-73.65333423055546, 45.465975336104876], [-73.65376839078985, 45.46538664159922], [-73.6540334443867, 45.46502860006987], [-73.65421146515386, 45.46481238747821], [-73.65458129689134, 45.46442141174211], [-73.65511159503161, 45.46373277198436], [-73.65551044713433, 45.4632148245818], [-73.6557845401704, 45.46285797227451], [-73.65597065318661, 45.462681106627855], [-73.65772677818337, 45.46166867034392], [-73.65760417485214, 45.4614625653061], [-73.65728352843963, 45.460594677615425], [-73.65755084800008, 45.45963467886868], [-73.65805763766427, 45.459495288794606], [-73.65667923001236, 45.4589903356295], [-73.65607253111443, 45.45875346414359], [-73.65531565015372, 45.45851239604379], [-73.65485054225935, 45.458386097273326], [-73.65148073505976, 45.45704726295262], [-73.6426023466285, 45.453602794112776], [-73.64214049238421, 45.45346125098859], [-73.64189387105449, 45.453329150830434], [-73.63959226274164, 45.45244001409176], [-73.6353559085298, 45.45080832045967], [-73.63425441797916, 45.450384037040834], [-73.63385828905466, 45.450231448395925], [-73.63344605428499, 45.45007263881311], [-73.63257812843702, 45.4497382605847], [-73.63357352915595, 45.449452765717695], [-73.63401360228566, 45.44929263422297], [-73.63427674414407, 45.44920375865056], [-73.63474592771132, 45.449068671174295], [-73.63624557454385, 45.44862155106894], [-73.63693955415363, 45.448377583069274], [-73.63950466064333, 45.44697137238801], [-73.63976949466746, 45.447054495025675], [-73.63997481345206, 45.44712060041505], [-73.63995005672075, 45.44735361642381], [-73.64113872718265, 45.447832363305544], [-73.64318646123719, 45.44785675508179], [-73.64341292799723, 45.447826561562024], [-73.64355403207209, 45.44783259326058], [-73.64394870181813, 45.44784609460524], [-73.64837114148149, 45.449086050888454], [-73.6525468628479, 45.450615116819826], [-73.6531312717709, 45.450811116644275], [-73.65441834878601, 45.45132978492139], [-73.65584603635979, 45.45184515253103], [-73.65612665814848, 45.451985571993475], [-73.6566499044307, 45.45216575524468], [-73.6586895421701, 45.452880496551785], [-73.66824186369834, 45.456616347062536], [-73.66858946853118, 45.45618679794322], [-73.66937721632057, 45.45574232043697], [-73.66956562639236, 45.455600026029686], [-73.6698403150871, 45.45534605143381], [-73.67010473397512, 45.45507392965477], [-73.67015920024119, 45.45482229618943], [-73.67154168182248, 45.453135330468385], [-73.67171772806661, 45.45293391597201], [-73.67188054608788, 45.45256000154603], [-73.6736709578459, 45.45257842320005], [-73.67497114507091, 45.45257481627141], [-73.67801030442864, 45.45244884423935], [-73.68205565841274, 45.4536357255516], [-73.68284909570818, 45.45384143809039], [-73.68410874197119, 45.45420362411449], [-73.6863500277773, 45.45481158019731], [-73.68605376165064, 45.4571053699291], [-73.68585825955583, 45.45869468498218], [-73.68575488426352, 45.459501183314345], [-73.6856574800456, 45.46003797326603], [-73.68557796208017, 45.46029268516584], [-73.68536476134648, 45.460811283026416], [-73.68389787652492, 45.46368107187748], [-73.68314858981914, 45.46482858413429], [-73.68294499083899, 45.465165774397924], [-73.68267827064173, 45.46564858769174], [-73.68230086824677, 45.46640047762248], [-73.68205187562711, 45.46697667364582], [-73.68182609497063, 45.46752737354597], [-73.6815933881504, 45.46815587724923], [-73.68157246871269, 45.46825506761108], [-73.68121038332569, 45.4695594805546], [-73.68010747265404, 45.47359167749709], [-73.67896476184865, 45.477941172801], [-73.67807326464873, 45.48121127433158], [-73.67793901121267, 45.48161194079865], [-73.67765371880097, 45.48178432148844], [-73.67570315278473, 45.48308886315624], [-73.67475803011588, 45.482406183268466], [-73.67441393101026, 45.48212002671015], [-73.6742566972596, 45.4821348549319], [-73.67319830003066, 45.48245174840184], [-73.67280538700203, 45.48258052643602], [-73.66972850293244, 45.48364055062303], [-73.66639345337049, 45.48220478956772], [-73.66441261766752, 45.481343635161785], [-73.66337273563983, 45.480931743590084], [-73.66298450469655, 45.48075734667828], [-73.66186978360183, 45.480256554079], [-73.66078460106571, 45.481326972459975], [-73.65798579299533, 45.479979776162985], [-73.65607501051049, 45.47916526527883], [-73.65608274880792, 45.48020409125967], [-73.65609707232952, 45.481330583061734], [-73.65614105266546, 45.48264608641431], [-73.65621574722255, 45.48422548026522], [-73.65621829244427, 45.48441085320297], [-73.65619914763717, 45.48481269513746], [-73.65610507325556, 45.48548109692637], [-73.6560558476446, 45.485716996871716], [-73.6558940745547, 45.4862280875792], [-73.65567275986535, 45.48677059410851], [-73.65541835130483, 45.48725469038569], [-73.6552137431198, 45.48758679743658], [-73.65495295161683, 45.48796049221302], [-73.65451044668504, 45.48851337841314], [-73.65422227399283, 45.48884468248182], [-73.65370614746398, 45.48941809623138], [-73.6530242478205, 45.49015578823056], [-73.65276787427639, 45.490394494458286], [-73.65139443931926, 45.49192119162102], [-73.65058768263756, 45.49282367051114], [-73.6504500616411, 45.49277169654533], [-73.65038230179375, 45.49274427676349], [-73.6481529902318, 45.491842329114846], [-73.64881764783425, 45.49114215414075], [-73.64961367614741, 45.49026551197823], [-73.65027707203221, 45.48956993792223], [-73.65084782998552, 45.4888955687279], [-73.64820058611012, 45.4877124336226], [-73.64508818969655, 45.486311531819865], [-73.64198170073843, 45.484910422898416], [-73.63891988978084, 45.48352926034376], [-73.63700755824412, 45.4826673475502], [-73.6367953762371, 45.48257171815221], [-73.63526210600699, 45.4818805888735]]]}, "properties": {"OBJECTID": 1455, "PRUID": "24", "PRNAME": "Quebec / Qu\u00e9bec", "CDUID": "2466", "CDNAME": "Montr\u00e9al", "CDTYPE": "T\u00c9", "CSDUID": "2466023", "CSDNAME": "Montr\u00e9al", "CSDTYPE": "V", "Shape_Length": 205605.63882560088, "Shape_Area": 456964742.65997237}}, {"type": "Feature", "id": 1456, "geometry": {"type": "Polygon", "coordinates": [[[-73.60288452418663, 45.49506055433569], [-73.60293845585814, 45.49524366341445], [-73.60317267259704, 45.495201914739475], [-73.60348247764301, 45.49519207628377], [-73.60385209660036, 45.495207361034616], [-73.60519533684358, 45.49526284735758], [-73.60596825493298, 45.49529466317292], [-73.60625729023089, 45.4953282988202], [-73.6064992091809, 45.495386875343414], [-73.60672595834723, 45.49544098062526], [-73.60679871886026, 45.495343412356654], [-73.60709644597354, 45.494415390001656], [-73.6071507432048, 45.49426833154314], [-73.60810400883824, 45.493574812925274], [-73.60884503908478, 45.493844957554465], [-73.60923949255654, 45.494052754646596], [-73.60980604493011, 45.49353750473578], [-73.61053621784953, 45.49285081407173], [-73.61144193260608, 45.49165719354455], [-73.6148205321377, 45.49302603538574], [-73.61506035102333, 45.49271054746304], [-73.61549258209331, 45.492031920887015], [-73.61564928283292, 45.4918801628221], [-73.61637120006641, 45.491233592723134], [-73.61740705243804, 45.490081570174894], [-73.6179957676024, 45.489423519220125], [-73.6182384293041, 45.488968789080545], [-73.61840181557135, 45.48850830329535], [-73.61841084450236, 45.48823816145136], [-73.6153202643007, 45.486811237990274], [-73.61564958936755, 45.48648104696188], [-73.61631420355994, 45.48575549752505], [-73.61690539185092, 45.48511026538606], [-73.61720273935063, 45.484794324716724], [-73.6158826240646, 45.48427075660341], [-73.6150281774934, 45.48389425892828], [-73.61288380488004, 45.4829412752486], [-73.61240792328779, 45.48271082649798], [-73.61317219635599, 45.48154493652486], [-73.61358951343963, 45.48104844385665], [-73.61382735420355, 45.48076547611965], [-73.61407363746491, 45.48047248429331], [-73.61383779716243, 45.48036498595311], [-73.61340475926634, 45.48016756873946], [-73.61308351508873, 45.480021107894956], [-73.61254472045765, 45.47977545641297], [-73.61041718043843, 45.47882101565517], [-73.60940676286415, 45.47839954008301], [-73.60874551968311, 45.47808969546737], [-73.60741654249314, 45.477481234413546], [-73.60594507032843, 45.47682791551105], [-73.60544436552888, 45.476730248174206], [-73.6049408987757, 45.47710131652728], [-73.60454977456915, 45.47692229403756], [-73.60376074579926, 45.476562807112934], [-73.60300808712195, 45.4762264993202], [-73.60221928000091, 45.47587958372212], [-73.60206214726986, 45.47576859441473], [-73.6015320612194, 45.47552609410527], [-73.60122484916859, 45.475440664351396], [-73.60076917694363, 45.475132133998386], [-73.597816166159, 45.473998215108004], [-73.59753624664607, 45.47389071649067], [-73.59736414206758, 45.4738007662355], [-73.59684880965008, 45.47414186377172], [-73.59669626750303, 45.47424281993466], [-73.59658409800505, 45.474317073889985], [-73.59634308821269, 45.47447658772494], [-73.59613669180543, 45.47461319381822], [-73.5959879403684, 45.47471163633611], [-73.59576707086391, 45.47485785569897], [-73.59554551572148, 45.47501982843579], [-73.59475522496454, 45.4755976929731], [-73.59383046984, 45.47736913734716], [-73.59238413771381, 45.47841987815115], [-73.59079687274205, 45.479598990235374], [-73.58772641764345, 45.48171009531189], [-73.58644088337773, 45.4825248168027], [-73.58611966974036, 45.48272838722301], [-73.58557355383837, 45.48248936995844], [-73.58528200829763, 45.48234297495237], [-73.58512592642943, 45.48224164857681], [-73.58458247992279, 45.48277393616814], [-73.58427458984997, 45.483075208352986], [-73.58398625386214, 45.48327536405384], [-73.58330211022346, 45.48375021702569], [-73.58309098710689, 45.48389668609561], [-73.58239423888072, 45.48438021927479], [-73.58170041535985, 45.48486166522974], [-73.58146824743018, 45.48502271751857], [-73.58072124860756, 45.48554245965691], [-73.58064567844272, 45.485594163134785], [-73.58059495933938, 45.48564202982631], [-73.58097359160472, 45.48613745088219], [-73.58102664160342, 45.486206846932454], [-73.58111301051191, 45.48631987997784], [-73.58122276582608, 45.48646373646392], [-73.58133224769924, 45.48660735103526], [-73.58147898269732, 45.48679980440825], [-73.5816615206076, 45.487007387872495], [-73.58186161500721, 45.487187856704814], [-73.58226057183789, 45.48749680063776], [-73.58300026585795, 45.48808200432195], [-73.58308947844338, 45.48816488667686], [-73.58239400333693, 45.48836637289601], [-73.5837239043381, 45.48877459056082], [-73.58407622335687, 45.48890235588855], [-73.58474156890547, 45.489114431401184], [-73.58482590236306, 45.48916632298193], [-73.5863400346761, 45.489623679547776], [-73.5888731029948, 45.49044516304614], [-73.5897672527827, 45.490736047046646], [-73.5912727469662, 45.4912223511506], [-73.592498834238, 45.49161849963618], [-73.59339850799833, 45.49189952751259], [-73.59410335869062, 45.49211861882312], [-73.59490154405259, 45.492366788154094], [-73.5956825938873, 45.49260946049864], [-73.59608243457856, 45.49218358854309], [-73.59650307154021, 45.4917479626262], [-73.59717810856307, 45.49200487981073], [-73.59837886872185, 45.492502647884805], [-73.59848539551201, 45.49256636938537], [-73.5994409539479, 45.4929592832474], [-73.59995212608074, 45.49317838353974], [-73.60039634617218, 45.4933667527259], [-73.60070830791298, 45.49349902176185], [-73.60104130351259, 45.493863576284994], [-73.60089485663677, 45.4942735728169], [-73.6022642328238, 45.49457903863219], [-73.60227826091726, 45.494620743401036], [-73.60288452418663, 45.49506055433569]]]}, "properties": {"OBJECTID": 1456, "PRUID": "24", "PRNAME": "Quebec / Qu\u00e9bec", "CDUID": "2466", "CDNAME": "Montr\u00e9al", "CDTYPE": "T\u00c9", "CSDUID": "2466032", "CSDNAME": "Westmount", "CSDTYPE": "V", "Shape_Length": 9142.802962947573, "Shape_Area": 4168905.3498643753}}, {"type": "Feature", "id": 1457, "geometry": {"type": "Polygon", "coordinates": [[[-73.65667923001236, 45.4589903356295], [-73.65805763766427, 45.459495288794606], [-73.65829573953792, 45.45932840262509], [-73.65885245202419, 45.458958700838586], [-73.65899409346194, 45.45885051930051], [-73.65957420371215, 45.45849389809626], [-73.65961879578462, 45.458396602507484], [-73.65964852552268, 45.45831386001931], [-73.65982100111627, 45.45812620049375], [-73.65994757596297, 45.45806586825401], [-73.66021514745181, 45.45798326888505], [-73.66039463631925, 45.45796366886427], [-73.66110162461936, 45.45752932696038], [-73.66143230085247, 45.457306571550234], [-73.65986107594992, 45.45673359181081], [-73.65806270908581, 45.45604951458436], [-73.65833547045683, 45.45576752537504], [-73.65946974326717, 45.45456176419243], [-73.66743209625771, 45.4576053464997], [-73.66758246863469, 45.45732207005194], [-73.66803120040132, 45.45684182173585], [-73.66824186369834, 45.456616347062536], [-73.6586895421701, 45.452880496551785], [-73.6566499044307, 45.45216575524468], [-73.65612665814848, 45.451985571993475], [-73.65584603635979, 45.45184515253103], [-73.65441834878601, 45.45132978492139], [-73.6531312717709, 45.450811116644275], [-73.6525468628479, 45.450615116819826], [-73.64837114148149, 45.449086050888454], [-73.64394870181813, 45.44784609460524], [-73.64355403207209, 45.44783259326058], [-73.64341292799723, 45.447826561562024], [-73.64318646123719, 45.44785675508179], [-73.64113872718265, 45.447832363305544], [-73.63995005672075, 45.44735361642381], [-73.63997481345206, 45.44712060041505], [-73.63976949466746, 45.447054495025675], [-73.63950466064333, 45.44697137238801], [-73.63693955415363, 45.448377583069274], [-73.63624557454385, 45.44862155106894], [-73.63474592771132, 45.449068671174295], [-73.63427674414407, 45.44920375865056], [-73.63401360228566, 45.44929263422297], [-73.63357352915595, 45.449452765717695], [-73.63257812843702, 45.4497382605847], [-73.63344605428499, 45.45007263881311], [-73.63385828905466, 45.450231448395925], [-73.63425441797916, 45.450384037040834], [-73.6353559085298, 45.45080832045967], [-73.63959226274164, 45.45244001409176], [-73.64189387105449, 45.453329150830434], [-73.64214049238421, 45.45346125098859], [-73.6426023466285, 45.453602794112776], [-73.65148073505976, 45.45704726295262], [-73.65485054225935, 45.458386097273326], [-73.65531565015372, 45.45851239604379], [-73.65607253111443, 45.45875346414359], [-73.65667923001236, 45.4589903356295]]]}, "properties": {"OBJECTID": 1457, "PRUID": "24", "PRNAME": "Quebec / Qu\u00e9bec", "CDUID": "2466", "CDNAME": "Montr\u00e9al", "CDTYPE": "T\u00c9", "CSDUID": "2466047", "CSDNAME": "Montr\u00e9al-Ouest", "CSDTYPE": "V", "Shape_Length": 7238.361908050191, "Shape_Area": 1410494.2638397082}}, {"type": "Feature", "id": 1458, "geometry": {"type": "MultiPolygon", "coordinates": [[[[-73.66298450469655, 45.48075734667828], [-73.66337273563983, 45.480931743590084], [-73.66441261766752, 45.481343635161785], [-73.66639345337049, 45.48220478956772], [-73.66972850293244, 45.48364055062303], [-73.67280538700203, 45.48258052643602], [-73.67319830003066, 45.48245174840184], [-73.6742566972596, 45.4821348549319], [-73.67441393101026, 45.48212002671015], [-73.67475803011588, 45.482406183268466], [-73.67570315278473, 45.48308886315624], [-73.67765371880097, 45.48178432148844], [-73.67793901121267, 45.48161194079865], [-73.67807326464873, 45.48121127433158], [-73.67896476184865, 45.477941172801], [-73.68010747265404, 45.47359167749709], [-73.68121038332569, 45.4695594805546], [-73.68157246871269, 45.46825506761108], [-73.6815933881504, 45.46815587724923], [-73.68182609497063, 45.46752737354597], [-73.68205187562711, 45.46697667364582], [-73.68230086824677, 45.46640047762248], [-73.68267827064173, 45.46564858769174], [-73.68294499083899, 45.465165774397924], [-73.68314858981914, 45.46482858413429], [-73.68389787652492, 45.46368107187748], [-73.68536476134648, 45.460811283026416], [-73.68557796208017, 45.46029268516584], [-73.6856574800456, 45.46003797326603], [-73.68575488426352, 45.459501183314345], [-73.68585825955583, 45.45869468498218], [-73.68605376165064, 45.4571053699291], [-73.6863500277773, 45.45481158019731], [-73.68410874197119, 45.45420362411449], [-73.68284909570818, 45.45384143809039], [-73.68205565841274, 45.4536357255516], [-73.67801030442864, 45.45244884423935], [-73.67497114507091, 45.45257481627141], [-73.6736709578459, 45.45257842320005], [-73.67188054608788, 45.45256000154603], [-73.67171772806661, 45.45293391597201], [-73.67154168182248, 45.453135330468385], [-73.67015920024119, 45.45482229618943], [-73.67010473397512, 45.45507392965477], [-73.6698403150871, 45.45534605143381], [-73.66956562639236, 45.455600026029686], [-73.66937721632057, 45.45574232043697], [-73.66858946853118, 45.45618679794322], [-73.66824186369834, 45.456616347062536], [-73.66803120040132, 45.45684182173585], [-73.66758246863469, 45.45732207005194], [-73.66743209625771, 45.4576053464997], [-73.65946974326717, 45.45456176419243], [-73.65833547045683, 45.45576752537504], [-73.65806270908581, 45.45604951458436], [-73.65986107594992, 45.45673359181081], [-73.66143230085247, 45.457306571550234], [-73.66110162461936, 45.45752932696038], [-73.66039463631925, 45.45796366886427], [-73.66021514745181, 45.45798326888505], [-73.65994757596297, 45.45806586825401], [-73.65982100111627, 45.45812620049375], [-73.65964852552268, 45.45831386001931], [-73.65961879578462, 45.458396602507484], [-73.65957420371215, 45.45849389809626], [-73.65899409346194, 45.45885051930051], [-73.65885245202419, 45.458958700838586], [-73.65829573953792, 45.45932840262509], [-73.65805763766427, 45.459495288794606], [-73.65755084800008, 45.45963467886868], [-73.65728352843963, 45.460594677615425], [-73.65760417485214, 45.4614625653061], [-73.65772677818337, 45.46166867034392], [-73.65597065318661, 45.462681106627855], [-73.6557845401704, 45.46285797227451], [-73.65551044713433, 45.4632148245818], [-73.65511159503161, 45.46373277198436], [-73.65458129689134, 45.46442141174211], [-73.65421146515386, 45.46481238747821], [-73.6540334443867, 45.46502860006987], [-73.65376839078985, 45.46538664159922], [-73.65333423055546, 45.465975336104876], [-73.65292108620243, 45.466568914189935], [-73.6522695072039, 45.46742358107588], [-73.65205713249667, 45.46761443776497], [-73.6515640326455, 45.46791768460024], [-73.65119090084241, 45.46813497022826], [-73.65063563572689, 45.46846947122127], [-73.6503687540101, 45.46865096044215], [-73.65020767889361, 45.46880149826412], [-73.64996892113977, 45.469166948526166], [-73.64979586999972, 45.46959788622109], [-73.64962826229507, 45.46996139801222], [-73.649512070757, 45.470136363146146], [-73.64926504100285, 45.47044374208603], [-73.64906360087285, 45.47061091598201], [-73.64843431325654, 45.4711141546031], [-73.64822680690237, 45.471286750554874], [-73.64780212980034, 45.471626243890256], [-73.64713080901036, 45.47214619287828], [-73.64619280924157, 45.472885713688036], [-73.64580723792066, 45.473175549151456], [-73.64481951532211, 45.473627122937756], [-73.64463982453145, 45.47376440583802], [-73.64423678732365, 45.473937023255395], [-73.64810666120162, 45.47545837987451], [-73.65152986090882, 45.4770385476525], [-73.65162548629479, 45.477079212304304], [-73.65498252602903, 45.47857396378689], [-73.65519028184121, 45.478584946076296], [-73.65585672307638, 45.47907219698739], [-73.65607501051049, 45.47916526527883], [-73.65798579299533, 45.479979776162985], [-73.66078460106571, 45.481326972459975], [-73.66186978360183, 45.480256554079], [-73.66298450469655, 45.48075734667828]]], [[[-73.6304978383731, 45.47954948141324], [-73.63041766200276, 45.47964801649821], [-73.63199839045531, 45.480367917551135], [-73.6321102797788, 45.48041768182025], [-73.63526210600699, 45.4818805888735], [-73.6367953762371, 45.48257171815221], [-73.63700755824412, 45.4826673475502], [-73.63891988978084, 45.48352926034376], [-73.63922845215195, 45.48319047493475], [-73.63561482958224, 45.48150247300908], [-73.63242412158594, 45.480088963346006], [-73.63230504825854, 45.480035386532464], [-73.63073588355456, 45.47930143979209], [-73.6304978383731, 45.47954948141324]]], [[[-73.65027707203221, 45.48956993792223], [-73.64961367614741, 45.49026551197823], [-73.64881764783425, 45.49114215414075], [-73.6481529902318, 45.491842329114846], [-73.65038230179375, 45.49274427676349], [-73.6504500616411, 45.49277169654533], [-73.65058768263756, 45.49282367051114], [-73.65139443931926, 45.49192119162102], [-73.65276787427639, 45.490394494458286], [-73.6530242478205, 45.49015578823056], [-73.65370614746398, 45.48941809623138], [-73.65422227399283, 45.48884468248182], [-73.65451044668504, 45.48851337841314], [-73.65495295161683, 45.48796049221302], [-73.6552137431198, 45.48758679743658], [-73.65541835130483, 45.48725469038569], [-73.65567275986535, 45.48677059410851], [-73.6558940745547, 45.4862280875792], [-73.6560558476446, 45.485716996871716], [-73.65610507325556, 45.48548109692637], [-73.65619914763717, 45.48481269513746], [-73.65621829244427, 45.48441085320297], [-73.65561761156218, 45.48427595541968], [-73.65488338237142, 45.48401656255884], [-73.65393734509708, 45.48513099233321], [-73.65434929359297, 45.48530920727423], [-73.65239650432632, 45.48761796727734], [-73.65175485971056, 45.48823108160919], [-73.65158383676204, 45.48824072372599], [-73.65161220793918, 45.4883775449847], [-73.65104586292654, 45.48898547957025], [-73.65084782998552, 45.4888955687279], [-73.65027707203221, 45.48956993792223]]]]}, "properties": {"OBJECTID": 1458, "PRUID": "24", "PRNAME": "Quebec / Qu\u00e9bec", "CDUID": "2466", "CDNAME": "Montr\u00e9al", "CDTYPE": "T\u00c9", "CSDUID": "2466058", "CSDNAME": "C\u00f4te-Saint-Luc", "CSDTYPE": "V", "Shape_Length": 16098.76622347162, "Shape_Area": 7251702.073940914}}, {"type": "Feature", "id": 1459, "geometry": {"type": "Polygon", "coordinates": [[[-73.65084782998552, 45.4888955687279], [-73.65104586292654, 45.48898547957025], [-73.65161220793918, 45.4883775449847], [-73.65158383676204, 45.48824072372599], [-73.65175485971056, 45.48823108160919], [-73.65239650432632, 45.48761796727734], [-73.65434929359297, 45.48530920727423], [-73.65393734509708, 45.48513099233321], [-73.65488338237142, 45.48401656255884], [-73.65561761156218, 45.48427595541968], [-73.65621829244427, 45.48441085320297], [-73.65621574722255, 45.48422548026522], [-73.65614105266546, 45.48264608641431], [-73.65609707232952, 45.481330583061734], [-73.65608274880792, 45.48020409125967], [-73.65607501051049, 45.47916526527883], [-73.65585672307638, 45.47907219698739], [-73.65519028184121, 45.478584946076296], [-73.65498252602903, 45.47857396378689], [-73.65162548629479, 45.477079212304304], [-73.65152986090882, 45.4770385476525], [-73.64810666120162, 45.47545837987451], [-73.64423678732365, 45.473937023255395], [-73.6438121459141, 45.47412358960611], [-73.64308846841804, 45.474471563447224], [-73.6429274158552, 45.474558220315025], [-73.64217270788076, 45.475036614908625], [-73.64206363709945, 45.475097429451104], [-73.64118845984646, 45.475658956709665], [-73.64038597787354, 45.476180982595004], [-73.63956908715794, 45.47666989682025], [-73.63935426657461, 45.47671089852758], [-73.6380073162711, 45.47674385966249], [-73.63657545501451, 45.47679665694715], [-73.6358371849601, 45.47683279114361], [-73.63542020718867, 45.476880760951914], [-73.63491090293265, 45.476983214969344], [-73.63389724023827, 45.47730221730299], [-73.63270111062941, 45.47771764722336], [-73.63254693781897, 45.47775492388636], [-73.63146174690682, 45.47797181621174], [-73.63016552315727, 45.47820794779361], [-73.62949645978372, 45.47832006424492], [-73.6299949581131, 45.478550903994375], [-73.63101840751716, 45.47900707494024], [-73.63073588355456, 45.47930143979209], [-73.63230504825854, 45.480035386532464], [-73.63242412158594, 45.480088963346006], [-73.63561482958224, 45.48150247300908], [-73.63922845215195, 45.48319047493475], [-73.63891988978084, 45.48352926034376], [-73.64198170073843, 45.484910422898416], [-73.64508818969655, 45.486311531819865], [-73.64820058611012, 45.4877124336226], [-73.65084782998552, 45.4888955687279]]]}, "properties": {"OBJECTID": 1459, "PRUID": "24", "PRNAME": "Quebec / Qu\u00e9bec", "CDUID": "2466", "CDNAME": "Montr\u00e9al", "CDTYPE": "T\u00c9", "CSDUID": "2466062", "CSDNAME": "Hampstead", "CSDTYPE": "V", "Shape_Length": 5995.2311213831235, "Shape_Area": 1848863.3723798224}}, {"type": "Feature", "id": 1460, "geometry": {"type": "Polygon", "coordinates": [[[-73.64719404804721, 45.530484852742546], [-73.64731321359619, 45.53059145844139], [-73.64738919642699, 45.53050436489717], [-73.64749880827185, 45.53033944476222], [-73.64770023647871, 45.530318957870044], [-73.64835634888325, 45.53014295686381], [-73.64853751654579, 45.530109851300075], [-73.64863063792593, 45.53010216817517], [-73.64893538833199, 45.53013330055262], [-73.64902069451831, 45.53014866121141], [-73.64953791957451, 45.529539561155126], [-73.64991096030015, 45.52914552513585], [-73.65012523355581, 45.52888437023591], [-73.65037293387013, 45.52848810291979], [-73.65065821051567, 45.5278321334982], [-73.65089443491935, 45.52725225046143], [-73.6515650600741, 45.52558405931509], [-73.65166799211914, 45.52534794828588], [-73.65186686293426, 45.524972581006686], [-73.65242103992215, 45.52403219701455], [-73.65278872114803, 45.52340032476539], [-73.65330368634355, 45.52253418653786], [-73.6537908691718, 45.52175468995329], [-73.65488594218343, 45.52004465874519], [-73.65512679383747, 45.51966856625556], [-73.65556862120903, 45.518989956553106], [-73.6561898693777, 45.518054879274956], [-73.65698542444767, 45.51686769352465], [-73.65740713231628, 45.5162550291199], [-73.65804571690376, 45.51530311889755], [-73.65847434185066, 45.51464991212997], [-73.65876406345798, 45.5141535440693], [-73.65901340220525, 45.51376034376429], [-73.66019359419178, 45.51188900111552], [-73.66127304484397, 45.510199068437544], [-73.66167049108013, 45.50958101176187], [-73.66209919917611, 45.50891129075934], [-73.66229935024887, 45.50859958961436], [-73.66237942640521, 45.508474833287416], [-73.66277915374769, 45.50783016767777], [-73.66307300604831, 45.507347214744264], [-73.66376687503531, 45.50615664614871], [-73.6643680953558, 45.50519780027177], [-73.66444644041674, 45.50507105093832], [-73.66454963025274, 45.504904219010385], [-73.66474653345952, 45.50450203919407], [-73.66484620727826, 45.50433041472604], [-73.66491816386963, 45.504131803429516], [-73.66497674658649, 45.50390539756915], [-73.66506212311197, 45.50363038884894], [-73.6650852147468, 45.50356919239994], [-73.66516622975617, 45.50338275247837], [-73.66536758869883, 45.5030694905011], [-73.66552147892669, 45.502899369094976], [-73.665787132386, 45.502666440189664], [-73.66589088143502, 45.50258645028939], [-73.66642757654384, 45.50255804458113], [-73.66665237370513, 45.50252477193184], [-73.66697148327096, 45.50244123599757], [-73.6672168188364, 45.50235043578179], [-73.6676000839255, 45.502157517338574], [-73.6677874996674, 45.50202783196493], [-73.6678491251364, 45.50198363713595], [-73.66879729986599, 45.501238113255184], [-73.66899827973104, 45.501081640131076], [-73.66919877666847, 45.50089051023853], [-73.67003041665183, 45.50022808710228], [-73.6707367030318, 45.499651243113455], [-73.67239847213263, 45.49834353067056], [-73.67311114027804, 45.49778133712428], [-73.67386748878869, 45.49719013739777], [-73.67389432372511, 45.49708745389355], [-73.67391060004779, 45.497025194339834], [-73.67392205213658, 45.496981471055015], [-73.67396493724269, 45.49694884262167], [-73.67407240427757, 45.49687371132353], [-73.67484866420664, 45.49634613117493], [-73.67542672000951, 45.49597213871102], [-73.67645164805302, 45.49518313849636], [-73.67688715946436, 45.494840645304215], [-73.67740830308826, 45.494412804084625], [-73.67751879561304, 45.49433399588263], [-73.67879582305508, 45.49336498220793], [-73.67911272526388, 45.49311632878006], [-73.6795304923609, 45.492807200859936], [-73.6800810981794, 45.49233442422746], [-73.68049786573164, 45.49200259971322], [-73.6814960167303, 45.49126866321935], [-73.68220385436051, 45.490915713715765], [-73.68256499788242, 45.490761993774676], [-73.68307541681078, 45.490583251860166], [-73.68549383577052, 45.4897694742271], [-73.68619902757227, 45.489516290521266], [-73.68604394801723, 45.489454434325836], [-73.68345058851186, 45.488006004624026], [-73.67827271664, 45.484545369426655], [-73.677784606751, 45.48426772230485], [-73.67728647037879, 45.48387195925707], [-73.67628527327896, 45.48760128914729], [-73.6752621269272, 45.4913473098266], [-73.67238558156755, 45.4896508148439], [-73.66946726878487, 45.48792945197927], [-73.66832917719921, 45.486927025059956], [-73.66712070987754, 45.486085164568074], [-73.66625195288765, 45.486699772867695], [-73.66469123957137, 45.48776167447883], [-73.66306162136088, 45.48902979018223], [-73.66201872338235, 45.48983666986699], [-73.66169461143465, 45.49007998102336], [-73.66126305145251, 45.490403901331256], [-73.65934642887032, 45.49189361948104], [-73.65761272553954, 45.4932234411313], [-73.65622868725583, 45.49436170560217], [-73.65702072832524, 45.49485487168051], [-73.65931702928914, 45.49635802391946], [-73.66176084012679, 45.497957625643636], [-73.66304213859092, 45.49874934226529], [-73.6618012723667, 45.49950282027401], [-73.66189931480831, 45.49974093853708], [-73.66197868916653, 45.49993369157823], [-73.6619094254651, 45.50010431744961], [-73.66195450533485, 45.500295861111205], [-73.66219064665349, 45.500475807634125], [-73.6621450055318, 45.50196756259719], [-73.66187477852984, 45.502279820721554], [-73.66074409869893, 45.5024146125574], [-73.66018812830653, 45.503127342838546], [-73.66002341002668, 45.504343437934764], [-73.65980988313659, 45.50475957310037], [-73.65646754056208, 45.50378793809155], [-73.65202960899143, 45.50427564098194], [-73.65182451650922, 45.50435860967979], [-73.65010611685052, 45.503862717935874], [-73.6456256649731, 45.50155553352344], [-73.64534819744539, 45.50185831810238], [-73.64458941235094, 45.50268669066697], [-73.64354116887372, 45.50383226568202], [-73.64287955264308, 45.504553035029616], [-73.64262259396587, 45.5048278341786], [-73.64242096633625, 45.50511422772198], [-73.64226469278078, 45.50530437870145], [-73.64239161426573, 45.50535786866814], [-73.64249461985422, 45.505448094214586], [-73.64233954346233, 45.505497289274], [-73.64235980614609, 45.505552973104365], [-73.64237580299788, 45.50596440176495], [-73.64147075968692, 45.50691774217903], [-73.64244272880352, 45.50724697416038], [-73.64212960950016, 45.50726575331344], [-73.64197604215288, 45.50732109799116], [-73.64185075575305, 45.50745359010839], [-73.64142958772372, 45.508206684608055], [-73.64135771109206, 45.50845733591063], [-73.64124050979076, 45.50899402872321], [-73.64021861708927, 45.509313511411946], [-73.63861562522462, 45.51081037966849], [-73.63800744856682, 45.51183829418348], [-73.63680018178209, 45.51388604330641], [-73.63656706583352, 45.5143148253983], [-73.63645212223383, 45.51452836243111], [-73.6356769057955, 45.514304884958655], [-73.6354311172003, 45.514745854421804], [-73.63527803231018, 45.514852813267574], [-73.63473880294983, 45.5156910564273], [-73.63426661631868, 45.51556257699639], [-73.63333091458847, 45.515306086623994], [-73.63237515749927, 45.5150440547575], [-73.63148313236518, 45.51480023673968], [-73.63134595320943, 45.51476256223623], [-73.63031451628783, 45.51447924725831], [-73.62932179958531, 45.51420634661553], [-73.62900297640434, 45.51406687425064], [-73.62829645175695, 45.514808470811886], [-73.62795375068774, 45.515316512870335], [-73.62699325586891, 45.516255160073264], [-73.62644679375744, 45.516956351637766], [-73.62622515461338, 45.51724993701341], [-73.6254388791135, 45.51845270698668], [-73.62526702251449, 45.51864890213863], [-73.62450676591152, 45.51937667901974], [-73.62455096372821, 45.519466252087945], [-73.62448990566982, 45.51954723206101], [-73.62442004334423, 45.519628604861], [-73.62438826316789, 45.51966469021855], [-73.62285522845306, 45.52091959670405], [-73.62257645300794, 45.52128460351869], [-73.62053894126055, 45.523558374555364], [-73.6220578841778, 45.52410738611799], [-73.62275479219738, 45.523385204696964], [-73.62317066877955, 45.52349192340313], [-73.62376111964608, 45.523663115264064], [-73.62402104158058, 45.523724291815], [-73.6254580902146, 45.52413375486409], [-73.62585680210164, 45.52425498924522], [-73.62778470362707, 45.52480907010334], [-73.63158274336118, 45.52591150432097], [-73.63468203676123, 45.52681096550502], [-73.63784951988625, 45.52772970513652], [-73.6409136434991, 45.528620883743955], [-73.64160902993981, 45.52882301535952], [-73.64400556065719, 45.529519619676904], [-73.64678759992837, 45.53031277880121], [-73.64719404804721, 45.530484852742546]]]}, "properties": {"OBJECTID": 1460, "PRUID": "24", "PRNAME": "Quebec / Qu\u00e9bec", "CDUID": "2466", "CDNAME": "Montr\u00e9al", "CDTYPE": "T\u00c9", "CSDUID": "2466072", "CSDNAME": "Mont-Royal", "CSDTYPE": "V", "Shape_Length": 18702.499150307893, "Shape_Area": 7773935.082534913}}, {"type": "Feature", "id": 1461, "geometry": {"type": "Polygon", "coordinates": [[[-73.76530646662202, 45.491538771634296], [-73.7679253731272, 45.49452136176276], [-73.76971075787226, 45.49367846527297], [-73.77012310834691, 45.49348746120092], [-73.77616416333382, 45.49082839468418], [-73.77618872575479, 45.49072940842938], [-73.77837195171513, 45.48966226150995], [-73.78171138619261, 45.488038860645375], [-73.78938226648084, 45.484321320067615], [-73.78960164528726, 45.48422042167125], [-73.79450855498492, 45.48191559976681], [-73.79460822732622, 45.481868827350915], [-73.79467361547572, 45.4818359862577], [-73.79395517309251, 45.4810881542739], [-73.79326951817215, 45.48037440780336], [-73.79307398314724, 45.480204937935554], [-73.79292775034915, 45.48005456549116], [-73.79280354407933, 45.479903890841335], [-73.79277252366394, 45.479872560755844], [-73.79201830495101, 45.479126590004824], [-73.7912451269783, 45.478360673812276], [-73.79074518996478, 45.477844883002774], [-73.79036451600352, 45.4774777502609], [-73.78977374000644, 45.47681401353083], [-73.78949519513901, 45.476509915360474], [-73.78940040864433, 45.47640656744675], [-73.78867692408454, 45.47561709077606], [-73.78831177910622, 45.47526258142838], [-73.78673353380714, 45.473696314870395], [-73.78434286105754, 45.471249779589925], [-73.7816297605441, 45.468449369835135], [-73.78029672125191, 45.467201906608594], [-73.78209078285009, 45.46633361996867], [-73.78461346997015, 45.465094548934836], [-73.78338667038528, 45.46382878600568], [-73.78329941091505, 45.46372104169852], [-73.78276585091595, 45.462299471458735], [-73.78285412889214, 45.46217762061362], [-73.78254714038069, 45.46177723598872], [-73.78257054137293, 45.461607590779494], [-73.78231764708651, 45.4611049441305], [-73.78220822833775, 45.46070474639785], [-73.78218185021595, 45.46050647742992], [-73.78202969732642, 45.460254510193835], [-73.78195177895242, 45.459283604890025], [-73.78167899037621, 45.45908185367942], [-73.7810660585641, 45.457544606834375], [-73.7809041692306, 45.4571355962961], [-73.78075607893298, 45.45676250463603], [-73.78053034596368, 45.45620062376886], [-73.7802178795073, 45.455391522776466], [-73.78005155203549, 45.454901534049824], [-73.7810459198656, 45.45470282005166], [-73.78217885604278, 45.45447627587291], [-73.78205981729015, 45.45387976501229], [-73.78196620852674, 45.45352450834715], [-73.78173232381943, 45.45245710280549], [-73.7816442165423, 45.45208554112537], [-73.7814289601366, 45.45114571864991], [-73.78125307961079, 45.45079970901294], [-73.78103193694811, 45.450547005116256], [-73.78053128090292, 45.450117565386606], [-73.78045520409373, 45.45005229472516], [-73.78037487537512, 45.44995457260585], [-73.7802589821188, 45.4497718195192], [-73.7802031910897, 45.44960652146129], [-73.78022546369498, 45.44935566774353], [-73.7802800999119, 45.449237356589094], [-73.78046479779846, 45.449050147707574], [-73.7801804945744, 45.44906114517377], [-73.7801101857202, 45.448903914357935], [-73.77885076460535, 45.44557440096105], [-73.77866624345471, 45.44511401979613], [-73.7669295711237, 45.41599269102481], [-73.76225170605525, 45.41657185797742], [-73.7571558121174, 45.41716272476129], [-73.75276102609465, 45.41765901430145], [-73.75276032135002, 45.41761376041474], [-73.74937283783592, 45.41806720193255], [-73.73932789873949, 45.41934924208932], [-73.7324909436486, 45.42002515079623], [-73.71378142655011, 45.420996663173], [-73.7201119329542, 45.43884861698234], [-73.72008792408381, 45.43897128804374], [-73.72002203645813, 45.43899863362246], [-73.71988819697421, 45.43892521908627], [-73.719947774982, 45.43917391176542], [-73.71940673118303, 45.43924861228308], [-73.72083826480404, 45.444318631144014], [-73.72087796615027, 45.44443944489432], [-73.72204670426129, 45.44779630773195], [-73.72198955623512, 45.44827385245397], [-73.72206743629586, 45.448396267355015], [-73.7221675089855, 45.4485440556704], [-73.72222711510616, 45.44863610043477], [-73.72232583765394, 45.44878857105971], [-73.72078327549093, 45.44875412010173], [-73.7208259637006, 45.44890349574954], [-73.72089136304088, 45.449132604178004], [-73.72186942265763, 45.45228927244187], [-73.72293744397423, 45.455756173270665], [-73.72390589579612, 45.45878674289309], [-73.72420695429565, 45.459740010138496], [-73.72441612662253, 45.460270478070115], [-73.72456588466656, 45.460544702855955], [-73.7247743250546, 45.46080768346188], [-73.72483011822175, 45.46087806657802], [-73.7248927712561, 45.4609570967227], [-73.72335482832257, 45.46206414475204], [-73.72098420656337, 45.463767780873724], [-73.71956973206574, 45.464811394683], [-73.71929631605398, 45.465014789749425], [-73.71842684883318, 45.465659888989244], [-73.71734383794185, 45.46646207587234], [-73.71646430097361, 45.46712119161517], [-73.71108917978962, 45.47116590384705], [-73.70836286881324, 45.47321602698439], [-73.70847338792088, 45.473286406004476], [-73.71086067376454, 45.47480636740588], [-73.71274602749958, 45.47597969920307], [-73.71302306573313, 45.47615461896197], [-73.72030434149654, 45.48060780834623], [-73.72081061284273, 45.480811782298936], [-73.72226337138575, 45.481439929817455], [-73.72277597869959, 45.48167013594464], [-73.72345495370524, 45.481991818333086], [-73.72333247930452, 45.482094469454545], [-73.72342265818031, 45.482137509249874], [-73.72354307423812, 45.482033404442376], [-73.72404801645207, 45.48193084559067], [-73.72526928483589, 45.48090219029727], [-73.73160593345075, 45.47585078813559], [-73.74080355413824, 45.468425769657834], [-73.75020354263681, 45.4612172655359], [-73.75796647140177, 45.46608750351757], [-73.76215123486524, 45.46859941675103], [-73.7666595175036, 45.47331408100074], [-73.76825059665643, 45.47506334467991], [-73.76620281470711, 45.47694081467826], [-73.77223924933871, 45.480712132301946], [-73.77292512637793, 45.48124847990884], [-73.77372194811993, 45.48202048184053], [-73.77385842964775, 45.48214556837793], [-73.77358284642666, 45.48223386995799], [-73.77332045065413, 45.48228646748398], [-73.77284383530453, 45.482351465656954], [-73.77257263683016, 45.48241918983041], [-73.77230454993878, 45.48252778965602], [-73.77087512469448, 45.48322408452335], [-73.76797714473965, 45.48462117633353], [-73.76716439823215, 45.48604931430933], [-73.76701154420863, 45.486106943901184], [-73.76644022364599, 45.48622831992611], [-73.76641453189467, 45.48632654578429], [-73.7659676162048, 45.486459505466556], [-73.76599190198434, 45.48667532620452], [-73.76595272691601, 45.486770883431376], [-73.76572873954196, 45.48682049840727], [-73.76576874111666, 45.48696163586933], [-73.76561988543607, 45.487035073770066], [-73.76554250892957, 45.48712570039544], [-73.76565402649561, 45.48728474466182], [-73.76601726583773, 45.48732541752207], [-73.76646189215924, 45.487266630550494], [-73.76657835860605, 45.48730246644005], [-73.76642468414651, 45.48754093542887], [-73.7664659146177, 45.487672087259455], [-73.76677115683162, 45.488716343291976], [-73.76657980635397, 45.488840542586004], [-73.76634658500416, 45.4889596107397], [-73.76650893471178, 45.48941049445975], [-73.76614955069502, 45.48961047076796], [-73.76596880970453, 45.48980052350493], [-73.76578110253965, 45.48999785100786], [-73.76486318881275, 45.49096983891135], [-73.76530646662202, 45.491538771634296]], [[-73.73773818423284, 45.43358092359705], [-73.737278085234, 45.43358193875185], [-73.7371501814619, 45.43355513094536], [-73.7370219892118, 45.433465444709256], [-73.73700869991121, 45.43333944080822], [-73.73698208860691, 45.43310552616578], [-73.73701927703887, 45.432835542053866], [-73.73709547975605, 45.43270942719786], [-73.73731188924506, 45.43250203474396], [-73.73738789067981, 45.4323219259208], [-73.73754060287712, 45.43217763964224], [-73.73771919655105, 45.432105231084], [-73.73783377094186, 45.43201494508291], [-73.73825478798156, 45.4318251462248], [-73.73839468743957, 45.43167183318258], [-73.7384326922839, 45.43157284897789], [-73.73853449384241, 45.43146462641652], [-73.73859767769434, 45.43130242669479], [-73.73859719578361, 45.43118553078451], [-73.738685893948, 45.43103234080382], [-73.73906867680067, 45.43084254297773], [-73.73931119501106, 45.43079703765098], [-73.73943857289555, 45.4306888416522], [-73.7396427033337, 45.43058943337405], [-73.7399363664372, 45.4305528414502], [-73.74053709456328, 45.43055154204511], [-73.740844174071, 45.430631924183366], [-73.74179067908062, 45.43081883548037], [-73.74191869269482, 45.43087264952437], [-73.74216168415414, 45.43090804413093], [-73.7422513781124, 45.43096192126869], [-73.74259698103644, 45.43106013552802], [-73.74272489408335, 45.43112284445281], [-73.74296787593735, 45.43114934335356], [-73.74356849905244, 45.43114802727571], [-73.74372199302087, 45.43116572583301], [-73.74392639625938, 45.431147331258195], [-73.74447617943453, 45.43119103225701], [-73.74471929316894, 45.431271531645045], [-73.74494950399458, 45.43130702571736], [-73.74539758844126, 45.43146812220185], [-73.7455896843427, 45.431593632664374], [-73.74590998091973, 45.43174594561325], [-73.74611498215101, 45.431871424910305], [-73.74630747922372, 45.43206903758073], [-73.74635918983283, 45.432167947667025], [-73.74632177830952, 45.432401944272335], [-73.74614429336067, 45.432726227606], [-73.7459660938555, 45.43289763785125], [-73.74582590557849, 45.432987926355096], [-73.74559618717687, 45.433069330447076], [-73.74525239212086, 45.433358134799526], [-73.74508669188873, 45.43347542795129], [-73.74495947950663, 45.43361973056707], [-73.7447809940971, 45.433728028954974], [-73.74446188666987, 45.433809731001034], [-73.74433430377219, 45.4338639413322], [-73.74415540265802, 45.43386432821546], [-73.74393787007105, 45.4338108443436], [-73.74356688479615, 45.433748640259765], [-73.7432472026512, 45.433668232357604], [-73.74314529829076, 45.433776544051355], [-73.7431191798832, 45.433650536904494], [-73.74297839937877, 45.43359694254482], [-73.74286339483135, 45.43361514740468], [-73.74263450840498, 45.433858627169336], [-73.74255767898858, 45.433849827286785], [-73.74259507942202, 45.43360672137177], [-73.74240319184433, 45.43357113177324], [-73.74231337048568, 45.433490345470304], [-73.74223659112744, 45.433499442468566], [-73.74213519732483, 45.43367064915054], [-73.74194306913931, 45.43357213989959], [-73.74195557346836, 45.433527045057915], [-73.74180230445022, 45.43353643364439], [-73.74178969269516, 45.43358142693204], [-73.74133037613178, 45.43377133885662], [-73.74112538783892, 45.43366384258226], [-73.74097218885635, 45.43366414244235], [-73.74062728264654, 45.4337278478319], [-73.74049949422738, 45.433728137495926], [-73.74032079135131, 45.43379153329666], [-73.74003980085268, 45.43381014043148], [-73.73969489141172, 45.433855742561484], [-73.73946467586762, 45.433847330939166], [-73.7392342916091, 45.43377574810601], [-73.73885067285164, 45.43370463912844], [-73.73853056970582, 45.433597240968474], [-73.73816000532172, 45.43358913275876], [-73.7378787912929, 45.433598636650885], [-73.73773818423284, 45.43358092359705]]]}, "properties": {"OBJECTID": 1461, "PRUID": "24", "PRNAME": "Quebec / Qu\u00e9bec", "CDUID": "2466", "CDNAME": "Montr\u00e9al", "CDTYPE": "T\u00c9", "CSDUID": "2466087", "CSDNAME": "Dorval", "CSDTYPE": "V", "Shape_Length": 33918.80512498449, "Shape_Area": 31083606.362487577}}, {"type": "Feature", "id": 1463, "geometry": {"type": "Polygon", "coordinates": [[[-73.795049869666, 45.482243288883566], [-73.79580488323408, 45.48297746251294], [-73.79586922500451, 45.482935936193414], [-73.7960707931807, 45.482778948357655], [-73.79790571230475, 45.482115763093596], [-73.80047386601164, 45.48106337423868], [-73.80228333281929, 45.480107830762066], [-73.81303999113788, 45.475474380451075], [-73.81319294194272, 45.47562473907782], [-73.81328190980364, 45.47571907443295], [-73.81446336061568, 45.47687178460701], [-73.8151122666971, 45.47769783674562], [-73.81558304050846, 45.478349896808034], [-73.83185175851303, 45.47030452622922], [-73.83200512989778, 45.470227195643716], [-73.8460934707148, 45.46281683466959], [-73.8463923759949, 45.4625545511103], [-73.84493014543256, 45.46111620876533], [-73.8441755172832, 45.460173386871475], [-73.84406694545325, 45.460051843874695], [-73.84112044797367, 45.45746387881999], [-73.84085271535456, 45.457203740468984], [-73.84065291339726, 45.457009558799164], [-73.8404782938736, 45.45683992255747], [-73.84041469107258, 45.456778095306085], [-73.84029634956778, 45.45666308728534], [-73.83900574066232, 45.45540890131445], [-73.83825283290022, 45.45466624558833], [-73.83658523453592, 45.452880206049294], [-73.83442204425343, 45.45073240179475], [-73.83383226309189, 45.45010292473936], [-73.83536007772986, 45.449408793665036], [-73.83216944320051, 45.445452351241386], [-73.83542918753017, 45.44539527132873], [-73.83846522614596, 45.445590215110386], [-73.83550614015206, 45.43844698998414], [-73.83519680463382, 45.43772823245505], [-73.83518230606519, 45.437694562163], [-73.8351313711909, 45.437576228136535], [-73.8324818663838, 45.43141925952897], [-73.83169145042085, 45.42922645165701], [-73.83183392182963, 45.42867601965131], [-73.83133583671123, 45.42845992631365], [-73.82977580177881, 45.42369010466047], [-73.82130307089663, 45.400767448740694], [-73.80529125457218, 45.3984901346181], [-73.80165135476301, 45.40199990204871], [-73.79929601804474, 45.403968460526926], [-73.79647843357347, 45.4060242303313], [-73.79421504192834, 45.40737475542179], [-73.79174071871235, 45.40877533319282], [-73.78818470577143, 45.41046104286592], [-73.78463730486773, 45.411967258224664], [-73.78071822129935, 45.413310347173095], [-73.7756603304373, 45.41457003565616], [-73.77079567013975, 45.41544231396632], [-73.7669295711237, 45.41599269102481], [-73.77866624345471, 45.44511401979613], [-73.77885076460535, 45.44557440096105], [-73.7801101857202, 45.448903914357935], [-73.7801804945744, 45.44906114517377], [-73.78046479779846, 45.449050147707574], [-73.7802800999119, 45.449237356589094], [-73.78022546369498, 45.44935566774353], [-73.7802031910897, 45.44960652146129], [-73.7802589821188, 45.4497718195192], [-73.78037487537512, 45.44995457260585], [-73.78045520409373, 45.45005229472516], [-73.78053128090292, 45.450117565386606], [-73.78103193694811, 45.450547005116256], [-73.78125307961079, 45.45079970901294], [-73.7814289601366, 45.45114571864991], [-73.7816442165423, 45.45208554112537], [-73.78173232381943, 45.45245710280549], [-73.78196620852674, 45.45352450834715], [-73.78205981729015, 45.45387976501229], [-73.78217885604278, 45.45447627587291], [-73.7810459198656, 45.45470282005166], [-73.78005155203549, 45.454901534049824], [-73.7802178795073, 45.455391522776466], [-73.78053034596368, 45.45620062376886], [-73.78075607893298, 45.45676250463603], [-73.7809041692306, 45.4571355962961], [-73.7810660585641, 45.457544606834375], [-73.78167899037621, 45.45908185367942], [-73.78195177895242, 45.459283604890025], [-73.78202969732642, 45.460254510193835], [-73.78218185021595, 45.46050647742992], [-73.78220822833775, 45.46070474639785], [-73.78231764708651, 45.4611049441305], [-73.78257054137293, 45.461607590779494], [-73.78254714038069, 45.46177723598872], [-73.78285412889214, 45.46217762061362], [-73.78276585091595, 45.462299471458735], [-73.78329941091505, 45.46372104169852], [-73.78338667038528, 45.46382878600568], [-73.78461346997015, 45.465094548934836], [-73.78209078285009, 45.46633361996867], [-73.78029672125191, 45.467201906608594], [-73.7816297605441, 45.468449369835135], [-73.78434286105754, 45.471249779589925], [-73.78673353380714, 45.473696314870395], [-73.78831177910622, 45.47526258142838], [-73.78867692408454, 45.47561709077606], [-73.78940040864433, 45.47640656744675], [-73.78949519513901, 45.476509915360474], [-73.78977374000644, 45.47681401353083], [-73.79036451600352, 45.4774777502609], [-73.79074518996478, 45.477844883002774], [-73.7912451269783, 45.478360673812276], [-73.79201830495101, 45.479126590004824], [-73.79277252366394, 45.479872560755844], [-73.79280354407933, 45.479903890841335], [-73.79292775034915, 45.48005456549116], [-73.79307398314724, 45.480204937935554], [-73.79326951817215, 45.48037440780336], [-73.79395517309251, 45.4810881542739], [-73.79467361547572, 45.4818359862577], [-73.795049869666, 45.482243288883566]]]}, "properties": {"OBJECTID": 1463, "PRUID": "24", "PRNAME": "Quebec / Qu\u00e9bec", "CDUID": "2466", "CDNAME": "Montr\u00e9al", "CDTYPE": "T\u00c9", "CSDUID": "2466097", "CSDNAME": "Pointe-Claire", "CSDTYPE": "V", "Shape_Length": 26746.669666741982, "Shape_Area": 36065600.83935936}}, {"type": "Feature", "id": 1464, "geometry": {"type": "Polygon", "coordinates": [[[-73.85116237988892, 45.46726285789445], [-73.85458794266171, 45.470668519041034], [-73.85491546055964, 45.47032396886184], [-73.85673781924442, 45.46888685449362], [-73.85739467071761, 45.46836886663062], [-73.8603650248765, 45.465973005975975], [-73.86104140561545, 45.46522496201199], [-73.8629431546026, 45.46379662551179], [-73.86575777887994, 45.46229516447952], [-73.8672173468612, 45.461375013328365], [-73.86683285530133, 45.461069254743116], [-73.86667319955076, 45.46091377481805], [-73.86619866030759, 45.460428934792425], [-73.86591512110739, 45.46011186938594], [-73.86606880191113, 45.45997710641465], [-73.87264038793396, 45.45684585712318], [-73.87878888811863, 45.45400529741821], [-73.88106018493808, 45.45297442521685], [-73.88155124263379, 45.45271818879226], [-73.88408424409401, 45.452679949687415], [-73.88449534472262, 45.45258496643564], [-73.88478704707906, 45.45245449613564], [-73.88606893423697, 45.451496765672125], [-73.88753807839026, 45.45037114865146], [-73.8883869496744, 45.44953134733114], [-73.88896834952097, 45.449191652965034], [-73.89142730876287, 45.4481270732261], [-73.89285101580376, 45.447223089987794], [-73.8931531541967, 45.447030645469184], [-73.8936627037418, 45.44670612649449], [-73.89367914279379, 45.44653731707686], [-73.89706047344893, 45.44733015490166], [-73.89833491264326, 45.44753794448683], [-73.90043048718766, 45.44718465142267], [-73.90026860788824, 45.44670234889181], [-73.9015097703089, 45.44635039835136], [-73.90233221156409, 45.44748524730217], [-73.90457723377624, 45.44672988082992], [-73.9041578564317, 45.44514322199782], [-73.90545217833703, 45.44476302163647], [-73.90475615488586, 45.44176656534608], [-73.90451804849457, 45.44080268507488], [-73.90410894327556, 45.44034802346691], [-73.90366814663582, 45.44030680840523], [-73.90311432928767, 45.44050616993081], [-73.90252673921044, 45.43897013212561], [-73.90203723948035, 45.43881152458951], [-73.90213023908504, 45.437808057502096], [-73.90198045544793, 45.4376752183463], [-73.90143391838801, 45.436850577914356], [-73.90127794530116, 45.4355069100815], [-73.90118130522747, 45.435274965119554], [-73.9010569102456, 45.435090735171784], [-73.90011725505263, 45.43538575388075], [-73.89929363797812, 45.43562098261208], [-73.89834710588048, 45.43588310475247], [-73.89737687763352, 45.436134180760405], [-73.89612807607378, 45.43642718191536], [-73.89492276311329, 45.4367014815609], [-73.89472383328315, 45.43632380520241], [-73.88661227940395, 45.43688461657348], [-73.8858691401996, 45.43702309337169], [-73.88599156681109, 45.43737772572095], [-73.88371479250897, 45.437562447984746], [-73.88361865888784, 45.437235623273565], [-73.88326328107036, 45.43620583348171], [-73.88109425827598, 45.436685511397116], [-73.88187681377188, 45.4388798639714], [-73.88120152459275, 45.439059058298824], [-73.88123667709202, 45.43914194681929], [-73.88076973622373, 45.43940778730836], [-73.87985155826009, 45.43972905592667], [-73.87913123125088, 45.43819956632338], [-73.87815445823279, 45.43825069694959], [-73.87749021357385, 45.438127007436854], [-73.87591893146633, 45.438635681836494], [-73.87689812366187, 45.44150566263486], [-73.87574663844175, 45.44173943957723], [-73.8751774727595, 45.4418912752028], [-73.87392235431422, 45.44226883763334], [-73.8731127817048, 45.44252796205475], [-73.87284235817171, 45.44262308012049], [-73.87152707205212, 45.44136747059266], [-73.87090735652747, 45.441683834011585], [-73.86984075638601, 45.44232627102637], [-73.86830007123757, 45.44285331396374], [-73.86713593818828, 45.441385253770456], [-73.86702879103089, 45.44130541509579], [-73.86466089352811, 45.43905312345467], [-73.8601604511366, 45.44151491358332], [-73.85987993207522, 45.44154698963015], [-73.85525590255423, 45.44382835563665], [-73.85211335638951, 45.445409905348214], [-73.85190711924258, 45.445433290376855], [-73.85081127034923, 45.44552321747475], [-73.83846522614596, 45.445590215110386], [-73.83542918753017, 45.44539527132873], [-73.83216944320051, 45.445452351241386], [-73.83536007772986, 45.449408793665036], [-73.83383226309189, 45.45010292473936], [-73.83442204425343, 45.45073240179475], [-73.83658523453592, 45.452880206049294], [-73.83825283290022, 45.45466624558833], [-73.83900574066232, 45.45540890131445], [-73.84029634956778, 45.45666308728534], [-73.84041469107258, 45.456778095306085], [-73.8404782938736, 45.45683992255747], [-73.84065291339726, 45.457009558799164], [-73.84085271535456, 45.457203740468984], [-73.84112044797367, 45.45746387881999], [-73.84406694545325, 45.460051843874695], [-73.8441755172832, 45.460173386871475], [-73.84493014543256, 45.46111620876533], [-73.8463923759949, 45.4625545511103], [-73.84968371919385, 45.46579195901889], [-73.85116237988892, 45.46726285789445]]]}, "properties": {"OBJECTID": 1464, "PRUID": "24", "PRNAME": "Quebec / Qu\u00e9bec", "CDUID": "2466", "CDNAME": "Montr\u00e9al", "CDTYPE": "T\u00c9", "CSDUID": "2466102", "CSDNAME": "Kirkland", "CSDTYPE": "V", "Shape_Length": 17736.73212605226, "Shape_Area": 9926956.542921089}}, {"type": "Feature", "id": 1465, "geometry": {"type": "Polygon", "coordinates": [[[-73.83550614015206, 45.43844698998414], [-73.83846522614596, 45.445590215110386], [-73.85081127034923, 45.44552321747475], [-73.85190711924258, 45.445433290376855], [-73.85211335638951, 45.445409905348214], [-73.85525590255423, 45.44382835563665], [-73.85987993207522, 45.44154698963015], [-73.8601604511366, 45.44151491358332], [-73.86466089352811, 45.43905312345467], [-73.86702879103089, 45.44130541509579], [-73.86713593818828, 45.441385253770456], [-73.86830007123757, 45.44285331396374], [-73.86984075638601, 45.44232627102637], [-73.87090735652747, 45.441683834011585], [-73.87152707205212, 45.44136747059266], [-73.87284235817171, 45.44262308012049], [-73.8731127817048, 45.44252796205475], [-73.87392235431422, 45.44226883763334], [-73.8751774727595, 45.4418912752028], [-73.87574663844175, 45.44173943957723], [-73.87689812366187, 45.44150566263486], [-73.87591893146633, 45.438635681836494], [-73.87749021357385, 45.438127007436854], [-73.87815445823279, 45.43825069694959], [-73.87913123125088, 45.43819956632338], [-73.87985155826009, 45.43972905592667], [-73.88076973622373, 45.43940778730836], [-73.88123667709202, 45.43914194681929], [-73.88120152459275, 45.439059058298824], [-73.88187681377188, 45.4388798639714], [-73.88109425827598, 45.436685511397116], [-73.88326328107036, 45.43620583348171], [-73.88361865888784, 45.437235623273565], [-73.88371479250897, 45.437562447984746], [-73.88599156681109, 45.43737772572095], [-73.8858691401996, 45.43702309337169], [-73.88661227940395, 45.43688461657348], [-73.89472383328315, 45.43632380520241], [-73.89492276311329, 45.4367014815609], [-73.89612807607378, 45.43642718191536], [-73.89737687763352, 45.436134180760405], [-73.89834710588048, 45.43588310475247], [-73.89929363797812, 45.43562098261208], [-73.90011725505263, 45.43538575388075], [-73.9010569102456, 45.435090735171784], [-73.90101203512418, 45.435021641824335], [-73.89866845174049, 45.42551307347513], [-73.89847569129967, 45.42485528725009], [-73.89842991620323, 45.42469903882878], [-73.89824374199925, 45.42406353139091], [-73.89742803143595, 45.42070090768873], [-73.89645190998048, 45.4173901564514], [-73.89571795775198, 45.415177203758915], [-73.89554220763128, 45.414547945613336], [-73.89409542134042, 45.40964091966791], [-73.89131721059566, 45.41015224464282], [-73.88977621583174, 45.41023609234412], [-73.88782072707659, 45.4102132157858], [-73.8842675633869, 45.409458582435015], [-73.87512013979374, 45.40667401155329], [-73.86849351916068, 45.40516247915465], [-73.85958673780202, 45.40390747349352], [-73.84810767524498, 45.40244241610696], [-73.83650405649362, 45.40169077206881], [-73.82130307089663, 45.400767448740694], [-73.82977580177881, 45.42369010466047], [-73.83133583671123, 45.42845992631365], [-73.83183392182963, 45.42867601965131], [-73.83169145042085, 45.42922645165701], [-73.8324818663838, 45.43141925952897], [-73.8351313711909, 45.437576228136535], [-73.83518230606519, 45.437694562163], [-73.83519680463382, 45.43772823245505], [-73.83550614015206, 45.43844698998414]]]}, "properties": {"OBJECTID": 1465, "PRUID": "24", "PRNAME": "Quebec / Qu\u00e9bec", "CDUID": "2466", "CDNAME": "Montr\u00e9al", "CDTYPE": "T\u00c9", "CSDUID": "2466107", "CSDNAME": "Beaconsfield", "CSDTYPE": "V", "Shape_Length": 20858.27615846452, "Shape_Area": 22231483.02206242}}, {"type": "Feature", "id": 1466, "geometry": {"type": "Polygon", "coordinates": [[[-73.90101203512418, 45.435021641824335], [-73.9010569102456, 45.435090735171784], [-73.90194465609463, 45.434795885923364], [-73.9024127182601, 45.43462909444968], [-73.90323029989226, 45.43431418195151], [-73.90380233612889, 45.434075064699066], [-73.90460825967317, 45.43372032703249], [-73.90560638722988, 45.43322378864281], [-73.90687918986296, 45.432547273961674], [-73.91046189073148, 45.43062146627837], [-73.91424905139644, 45.428593307874486], [-73.9161933291785, 45.427548390469376], [-73.91786146661288, 45.42665227092568], [-73.92069991826064, 45.425121246543924], [-73.9277286217284, 45.42135390399325], [-73.92861020220425, 45.42090131288257], [-73.92965068161685, 45.42044481584266], [-73.93046955359054, 45.42017257402292], [-73.93159670264865, 45.41987449837173], [-73.93267311511028, 45.413051543037874], [-73.9326394098311, 45.412944509819226], [-73.93284331663763, 45.410119006449285], [-73.93302441980842, 45.409138879391044], [-73.93345447608287, 45.4063791840009], [-73.9336462722991, 45.40507618410086], [-73.93394837861689, 45.40443327744952], [-73.93437967935816, 45.4005879058705], [-73.92290123036105, 45.40124629926289], [-73.91681811476475, 45.402753550357986], [-73.91039529343499, 45.403663401656004], [-73.90450412382366, 45.40570569342372], [-73.90037919257998, 45.407985160511295], [-73.89409542134042, 45.40964091966791], [-73.89554220763128, 45.414547945613336], [-73.89571795775198, 45.415177203758915], [-73.89645190998048, 45.4173901564514], [-73.89742803143595, 45.42070090768873], [-73.89824374199925, 45.42406353139091], [-73.89842991620323, 45.42469903882878], [-73.89847569129967, 45.42485528725009], [-73.89866845174049, 45.42551307347513], [-73.90101203512418, 45.435021641824335]]]}, "properties": {"OBJECTID": 1466, "PRUID": "24", "PRNAME": "Quebec / Qu\u00e9bec", "CDUID": "2466", "CDNAME": "Montr\u00e9al", "CDTYPE": "T\u00c9", "CSDUID": "2466112", "CSDNAME": "Baie-D'Urf\u00e9", "CSDTYPE": "V", "Shape_Length": 11519.083901922188, "Shape_Area": 7755436.396651686}}, {"type": "Feature", "id": 1467, "geometry": {"type": "Polygon", "coordinates": [[[-73.90457723377624, 45.44672988082992], [-73.90611517254594, 45.44852841748511], [-73.91583101061845, 45.44495595094329], [-73.91613272874068, 45.44470044095053], [-73.92273991945373, 45.44311512950529], [-73.92254566787578, 45.44266802113629], [-73.92443435957185, 45.441915618105455], [-73.92428650565783, 45.44158746332407], [-73.92542111109502, 45.44118995402484], [-73.92700278929344, 45.44070722499665], [-73.92735429315631, 45.44116538008466], [-73.93178491301512, 45.4395879234821], [-73.93135931384491, 45.43895807750421], [-73.93519921369858, 45.43720837515258], [-73.93579549897491, 45.43783840835636], [-73.93758140821784, 45.43701927572413], [-73.94118605728204, 45.4385122852174], [-73.9421221663988, 45.43751498046639], [-73.94395751856759, 45.4369510404697], [-73.94445018815682, 45.437867638958075], [-73.94651580000088, 45.437055624299944], [-73.94675619777094, 45.435003759083784], [-73.94802382077111, 45.43456910872067], [-73.94824161928582, 45.4326419849875], [-73.95046003210122, 45.43378241396995], [-73.95788016338396, 45.42651250804885], [-73.95655367804905, 45.42601348363426], [-73.9563941619983, 45.42577038317624], [-73.9532827692773, 45.421126519817086], [-73.95323309269372, 45.420925689292986], [-73.95301292259506, 45.420746047929214], [-73.9498451116101, 45.41696005191488], [-73.94975675801402, 45.41680412715453], [-73.94981565331382, 45.41632699823399], [-73.94981357090764, 45.41581393554948], [-73.94976545798059, 45.415470918573206], [-73.94956220539673, 45.41433909580866], [-73.94955123711587, 45.413993662834265], [-73.94957545293767, 45.41375713264578], [-73.94971177810544, 45.41333234722126], [-73.94985506889263, 45.413265013545484], [-73.95009261895758, 45.41338793471182], [-73.95004748037702, 45.41319989022], [-73.95047520345541, 45.41270127270882], [-73.95085506771463, 45.41228688297189], [-73.95153039766664, 45.411510297971994], [-73.95169139799907, 45.411361210118145], [-73.95255813790818, 45.41035895834649], [-73.95344045008969, 45.4093160564325], [-73.9544614158409, 45.408150168982296], [-73.9547406752459, 45.40781711766939], [-73.95536838420998, 45.40838608397446], [-73.95556916063457, 45.40856561653501], [-73.95584628711633, 45.40881378225494], [-73.95638593609854, 45.409297408915016], [-73.9567327277985, 45.40960809800199], [-73.9605532945716, 45.40518977282314], [-73.959659256534, 45.40434900047678], [-73.95756102122573, 45.403562835803996], [-73.956918689688, 45.40337890492655], [-73.95594857751043, 45.403112072088796], [-73.955771236396, 45.40308578994391], [-73.95549140757234, 45.40301656383472], [-73.95207151664167, 45.4020725581758], [-73.94970192509493, 45.40148622511715], [-73.94561890678989, 45.400424978566356], [-73.94269006921091, 45.400414636334865], [-73.93437967935816, 45.4005879058705], [-73.93394837861689, 45.40443327744952], [-73.9336462722991, 45.40507618410086], [-73.93345447608287, 45.4063791840009], [-73.93302441980842, 45.409138879391044], [-73.93284331663763, 45.410119006449285], [-73.9326394098311, 45.412944509819226], [-73.93267311511028, 45.413051543037874], [-73.93159670264865, 45.41987449837173], [-73.93046955359054, 45.42017257402292], [-73.92965068161685, 45.42044481584266], [-73.92861020220425, 45.42090131288257], [-73.9277286217284, 45.42135390399325], [-73.92069991826064, 45.425121246543924], [-73.91786146661288, 45.42665227092568], [-73.9161933291785, 45.427548390469376], [-73.91424905139644, 45.428593307874486], [-73.91046189073148, 45.43062146627837], [-73.90687918986296, 45.432547273961674], [-73.90560638722988, 45.43322378864281], [-73.90460825967317, 45.43372032703249], [-73.90380233612889, 45.434075064699066], [-73.90323029989226, 45.43431418195151], [-73.9024127182601, 45.43462909444968], [-73.90194465609463, 45.434795885923364], [-73.9010569102456, 45.435090735171784], [-73.90118130522747, 45.435274965119554], [-73.90127794530116, 45.4355069100815], [-73.90143391838801, 45.436850577914356], [-73.90198045544793, 45.4376752183463], [-73.90213023908504, 45.437808057502096], [-73.90203723948035, 45.43881152458951], [-73.90252673921044, 45.43897013212561], [-73.90311432928767, 45.44050616993081], [-73.90366814663582, 45.44030680840523], [-73.90410894327556, 45.44034802346691], [-73.90451804849457, 45.44080268507488], [-73.90475615488586, 45.44176656534608], [-73.90545217833703, 45.44476302163647], [-73.9041578564317, 45.44514322199782], [-73.90457723377624, 45.44672988082992]]]}, "properties": {"OBJECTID": 1467, "PRUID": "24", "PRNAME": "Quebec / Qu\u00e9bec", "CDUID": "2466", "CDNAME": "Montr\u00e9al", "CDTYPE": "T\u00c9", "CSDUID": "2466117", "CSDNAME": "Sainte-Anne-de-Bellevue", "CSDTYPE": "V", "Shape_Length": 18306.81892264076, "Shape_Area": 11306170.618835513}}, {"type": "Feature", "id": 1469, "geometry": {"type": "Polygon", "coordinates": [[[-73.7866251478663, 45.50405887507624], [-73.78990193600707, 45.50479091355121], [-73.79077339158968, 45.504734681699915], [-73.7909910800671, 45.504471954176395], [-73.79406775107508, 45.50223248004794], [-73.79650484892123, 45.501032392071096], [-73.80016371831587, 45.499349012799016], [-73.80150376686791, 45.50060725345324], [-73.80906425747504, 45.49699671277901], [-73.80930656316997, 45.49730104531171], [-73.81023218108885, 45.496874586365706], [-73.81167322549389, 45.49834231417277], [-73.81290453655116, 45.49961605427955], [-73.81341765695332, 45.50015817084972], [-73.81443676227913, 45.50122016612333], [-73.81378080812667, 45.50153423885963], [-73.81409265768548, 45.501856459034386], [-73.81473830520306, 45.50153594215487], [-73.81515156100097, 45.501939582064594], [-73.8152421537835, 45.502038284332016], [-73.8152165931467, 45.50218357665075], [-73.81467140442373, 45.50246938080591], [-73.81481069149623, 45.50258590804911], [-73.81534645539227, 45.50231550126134], [-73.81546630370116, 45.50245275956341], [-73.8156653434562, 45.50249569347989], [-73.81578381553058, 45.502621165654965], [-73.81618252708394, 45.50303603565434], [-73.81787260024818, 45.504794453380576], [-73.81895671609028, 45.50591856622257], [-73.81912877801075, 45.50582863890309], [-73.81939436819145, 45.50609871427506], [-73.82092226615615, 45.505297413972244], [-73.82242041417257, 45.50463684025636], [-73.82433596844524, 45.503810090577105], [-73.82569829140387, 45.503081572253194], [-73.8260646660821, 45.50293143190085], [-73.82689404890326, 45.50243049402845], [-73.82773440964617, 45.5020496436345], [-73.82865295032981, 45.50155958583532], [-73.82941590187917, 45.501239972222194], [-73.83195018079185, 45.50002903598568], [-73.83236690084007, 45.499862818915076], [-73.83319457073343, 45.499465967484], [-73.83333699643165, 45.49935489099211], [-73.8334734541699, 45.49935454603859], [-73.83493390816164, 45.498768361268205], [-73.83586151466031, 45.49873057088455], [-73.83782776439422, 45.497813728596725], [-73.83736941548757, 45.49744884735724], [-73.83714339587135, 45.49661952379705], [-73.83516715396587, 45.49469182986922], [-73.8352765951425, 45.49462918280887], [-73.83546366803986, 45.4945479917289], [-73.83590826947291, 45.494195770286005], [-73.83621366640628, 45.49405989716358], [-73.83699252801368, 45.49365239011293], [-73.83728977664686, 45.49350366167437], [-73.83745296239935, 45.49342633256381], [-73.8380948006558, 45.49310945080517], [-73.838469383447, 45.49295989170373], [-73.83888221681127, 45.49274721219936], [-73.84042597312467, 45.49197684574656], [-73.84131305638276, 45.491534197183555], [-73.84275407598567, 45.49082350868079], [-73.84627164963005, 45.489089698556974], [-73.84912056043407, 45.48767838178454], [-73.84926003856029, 45.48760684283989], [-73.85060897144577, 45.486696960188866], [-73.85012515393986, 45.48611137698091], [-73.85014741607483, 45.48595092866009], [-73.84944905824584, 45.484850766234544], [-73.84860524273992, 45.4835800176584], [-73.84808201532435, 45.482932885291376], [-73.84781188268563, 45.48222941404227], [-73.8475229673159, 45.4814641752387], [-73.84679878922852, 45.480903985207476], [-73.84640098223943, 45.48031132805187], [-73.84590202890051, 45.47971623003932], [-73.84644844468512, 45.47943829076105], [-73.84647058955846, 45.47934827035158], [-73.8464174921203, 45.4792763629589], [-73.84720376921737, 45.47888708128123], [-73.84948482263403, 45.47767992069024], [-73.8568524087931, 45.47392292618173], [-73.85730813623294, 45.47364126634457], [-73.85458794266171, 45.470668519041034], [-73.85116237988892, 45.46726285789445], [-73.84968371919385, 45.46579195901889], [-73.8463923759949, 45.4625545511103], [-73.8460934707148, 45.46281683466959], [-73.83200512989778, 45.470227195643716], [-73.83185175851303, 45.47030452622922], [-73.81558304050846, 45.478349896808034], [-73.8151122666971, 45.47769783674562], [-73.81446336061568, 45.47687178460701], [-73.81328190980364, 45.47571907443295], [-73.81319294194272, 45.47562473907782], [-73.81303999113788, 45.475474380451075], [-73.80228333281929, 45.480107830762066], [-73.80047386601164, 45.48106337423868], [-73.79790571230475, 45.482115763093596], [-73.7960707931807, 45.482778948357655], [-73.79586922500451, 45.482935936193414], [-73.79580488323408, 45.48297746251294], [-73.795049869666, 45.482243288883566], [-73.79467361547572, 45.4818359862577], [-73.79460822732622, 45.481868827350915], [-73.79450855498492, 45.48191559976681], [-73.78960164528726, 45.48422042167125], [-73.78938226648084, 45.484321320067615], [-73.78171138619261, 45.488038860645375], [-73.77837195171513, 45.48966226150995], [-73.77618872575479, 45.49072940842938], [-73.77616416333382, 45.49082839468418], [-73.77012310834691, 45.49348746120092], [-73.76971075787226, 45.49367846527297], [-73.7679253731272, 45.49452136176276], [-73.77340533139754, 45.497602699259], [-73.77291185332652, 45.49774152766272], [-73.77762184304251, 45.50004263152449], [-73.77910696530157, 45.500441021391985], [-73.779200682974, 45.50031764218056], [-73.77951026937431, 45.500151718344604], [-73.78043403345904, 45.49971296985933], [-73.78049770035635, 45.4996929414632], [-73.78080459145085, 45.49977588473223], [-73.7811658241404, 45.50004685901582], [-73.78294111136681, 45.49928678170483], [-73.7854535461541, 45.50096659013973], [-73.78631995217764, 45.5015699066417], [-73.78623428622802, 45.50200737253845], [-73.78599689144492, 45.5020081767853], [-73.78585646954753, 45.50206827077453], [-73.78503772655681, 45.50241860318049], [-73.78444609348556, 45.50267176752915], [-73.78410773243843, 45.50348595168187], [-73.78648433160082, 45.504028784590275], [-73.7866251478663, 45.50405887507624]]]}, "properties": {"OBJECTID": 1469, "PRUID": "24", "PRNAME": "Quebec / Qu\u00e9bec", "CDUID": "2466", "CDNAME": "Montr\u00e9al", "CDTYPE": "T\u00c9", "CSDUID": "2466142", "CSDNAME": "Dollard-des-Ormeaux", "CSDTYPE": "V", "Shape_Length": 21295.83029323672, "Shape_Area": 15542371.016895918}}, {"type": "Feature", "id": 1548, "geometry": {"type": "Polygon", "coordinates": [[[-73.7881852548206, 45.66105157837966], [-73.79362862391143, 45.6646752119567], [-73.796414822376, 45.662459020199485], [-73.79754591967044, 45.661752081488046], [-73.7977416073588, 45.661865570411756], [-73.79823296955331, 45.66150290394663], [-73.79981863707351, 45.66031362569651], [-73.80249053367127, 45.65857672457292], [-73.79985841643183, 45.65688516723242], [-73.79879322049298, 45.656274151884716], [-73.7985256273434, 45.65612064808784], [-73.79834590336361, 45.65602114665074], [-73.79375505975219, 45.653050894268134], [-73.79065807936136, 45.65109288797538], [-73.79059142917124, 45.651041769450174], [-73.79076001239514, 45.651038865950916], [-73.79168411030827, 45.65110856108564], [-73.79233891232872, 45.65120585735797], [-73.79289161991106, 45.651375383438236], [-73.7932005219582, 45.6515635613993], [-73.79334191613457, 45.651617181477725], [-73.79364992751441, 45.65163438074537], [-73.79391891837763, 45.65154368131055], [-73.79448271088631, 45.65141628010641], [-73.79509811385451, 45.65132476431246], [-73.79575173155189, 45.651197059809675], [-73.79640513039604, 45.6510244769346], [-73.79676361454268, 45.65087946727944], [-73.79724973214141, 45.65059027738822], [-73.79750520724245, 45.65037366769284], [-73.79799092346553, 45.65002147981771], [-73.79814381269391, 45.64983217833494], [-73.79820650715662, 45.64957107602817], [-73.79819312359109, 45.64944506820464], [-73.79828163883369, 45.64920187432069], [-73.798460421649, 45.649048474667666], [-73.7987425146534, 45.649029674376294], [-73.79885832987198, 45.64907437761943], [-73.79914201287006, 45.64936157324654], [-73.79938770282392, 45.64972087798945], [-73.79955620828812, 45.65005336934552], [-73.79964724155438, 45.650278069113874], [-73.79968793961667, 45.65069197622409], [-73.79981703216971, 45.65083547037245], [-73.80003582928069, 45.650960975022905], [-73.80035700886604, 45.651032066522575], [-73.80087064369464, 45.65110266577405], [-73.8017219540405, 45.65119956881441], [-73.80175861304896, 45.65120736377939], [-73.80198411330842, 45.65124016897322], [-73.80203266366497, 45.651245170908894], [-73.80229552981137, 45.65125196396798], [-73.80276984283678, 45.65116966642769], [-73.80289101136336, 45.65112228986069], [-73.80401191723232, 45.65073446405338], [-73.80416561131325, 45.65067106682025], [-73.80454932045205, 45.650463082536675], [-73.80499743062717, 45.65028187635806], [-73.80560002709083, 45.650199266011164], [-73.80597092304929, 45.64999137514404], [-73.80634123271196, 45.64966646358104], [-73.80646920369836, 45.649603079199714], [-73.80667631418119, 45.64930479970459], [-73.80686411286236, 45.64908015869079], [-73.80709453206909, 45.64898956142744], [-73.80750361797882, 45.648727471650574], [-73.80756684154748, 45.648565379576524], [-73.80741191754831, 45.6483857792569], [-73.80723141775003, 45.64821535940432], [-73.80708982502718, 45.64814377090432], [-73.80692192717603, 45.647937279408865], [-73.80692143875059, 45.647847261397736], [-73.8071773118537, 45.64772966761803], [-73.80771661079554, 45.6478001787124], [-73.80807583723329, 45.64779016834742], [-73.80848602309779, 45.647726065024784], [-73.80860122828132, 45.64768076479825], [-73.80885701692624, 45.64752716726297], [-73.80902302666304, 45.64739168116333], [-73.80941952431812, 45.6471656631588], [-73.8097650343512, 45.647002758553974], [-73.81005983284686, 45.646974964179684], [-73.8101883123622, 45.64701057391418], [-73.8103421158011, 45.646956169612466], [-73.81044432675807, 45.646892871806756], [-73.81063522214502, 45.64661347809007], [-73.8107356177368, 45.646226258043264], [-73.81085042483448, 45.64609095933868], [-73.81104220809185, 45.64599147535972], [-73.81114412081224, 45.64584717571188], [-73.81115563544473, 45.645613179813516], [-73.811283228049, 45.645486860245875], [-73.81166750602956, 45.64538687659861], [-73.81192352142399, 45.64527828069442], [-73.81223021356867, 45.64507036607319], [-73.81244773735695, 45.644952864159265], [-73.81263933139323, 45.644808383087174], [-73.81274133567159, 45.64469108241429], [-73.81277871966995, 45.644511062256406], [-73.81277712626364, 45.64419616767498], [-73.81283963370853, 45.64390795870837], [-73.81283761431216, 45.64355707480005], [-73.81288733595903, 45.643259967811225], [-73.81295043302526, 45.64307087525465], [-73.813041383958, 45.642951816148155], [-73.81323064656921, 45.64271916430996], [-73.81344741959381, 45.64249356732857], [-73.81353602794384, 45.64226846075632], [-73.81339432999887, 45.64216077402778], [-73.81302233135055, 45.64217076932819], [-73.81289401455749, 45.64215317165615], [-73.81276544622125, 45.64209056657396], [-73.81279071058171, 45.64204547329889], [-73.81264833440282, 45.64180296016999], [-73.81257683381094, 45.64134351353074], [-73.81251129218546, 45.64083924844247], [-73.81250396206404, 45.6407827607472], [-73.81235721380294, 45.64034825401142], [-73.81222381326687, 45.64021348804446], [-73.81280717664995, 45.639710679806846], [-73.81286610275058, 45.63965956708673], [-73.81293870435742, 45.639596653595376], [-73.81300944195574, 45.639536685781785], [-73.8142832122435, 45.638445822500756], [-73.81631945480153, 45.636688810249005], [-73.81644321503512, 45.63658283041013], [-73.81824394590132, 45.63503709413635], [-73.81921801330958, 45.63419714290207], [-73.81935539775942, 45.634078085201516], [-73.8193880579985, 45.63404965875992], [-73.81952224210578, 45.63393295639854], [-73.81966626611636, 45.6338098716197], [-73.820386096147, 45.633192386363525], [-73.8206086396139, 45.63301208698384], [-73.82108203663755, 45.63266102822768], [-73.82158707571519, 45.63232507325428], [-73.8221287242678, 45.63201027913079], [-73.82257787793374, 45.63177942985839], [-73.82301309929359, 45.63157312982482], [-73.82363941915712, 45.6313101230104], [-73.82428943442356, 45.6310805209845], [-73.82495391153077, 45.6308815623786], [-73.82562967354087, 45.6307132832604], [-73.82632901177806, 45.630575267126275], [-73.82818721501557, 45.630271450964166], [-73.82846901536696, 45.63022605243687], [-73.82830066762696, 45.63011906821652], [-73.82773612376526, 45.6297605015914], [-73.82703526819553, 45.62928958938227], [-73.82649699402712, 45.62893910220159], [-73.82630544214057, 45.6287791431749], [-73.82559801266491, 45.62830782187002], [-73.82470592288811, 45.62771351954219], [-73.82453429155915, 45.62759917661953], [-73.82340036758285, 45.626842894993786], [-73.82292440937084, 45.62652381378422], [-73.82222415845101, 45.62605835915923], [-73.82133981897321, 45.62546850039435], [-73.82076873706727, 45.62508752479724], [-73.82066083721743, 45.625008514881316], [-73.81998888570442, 45.624581608998355], [-73.81986731603645, 45.62449576188041], [-73.8181024569569, 45.62331712048257], [-73.81731672859766, 45.62277813647742], [-73.81652039983247, 45.622252390041666], [-73.8157194119858, 45.62174006488131], [-73.8150584267738, 45.62128571141674], [-73.81439565331844, 45.6208303515143], [-73.81406025343242, 45.62059989412719], [-73.81402059134024, 45.620583276411985], [-73.81327900380096, 45.620077668954494], [-73.81265964336886, 45.61966689158211], [-73.81234872134755, 45.61945811924297], [-73.81101489761353, 45.61897091019153], [-73.81011451473837, 45.618326513354525], [-73.80947540937507, 45.617905434241685], [-73.80880610642934, 45.61711147065082], [-73.80816859413773, 45.61611590312073], [-73.80790079022562, 45.615229561098296], [-73.80762073087327, 45.613818942185276], [-73.80748694484443, 45.612825905895114], [-73.80796719167157, 45.61074962602409], [-73.80426223371637, 45.61063270792336], [-73.80266868919787, 45.61132753814171], [-73.79994492159474, 45.6127605809576], [-73.79817238830124, 45.61448566483012], [-73.79750891172164, 45.615004526784574], [-73.79673157892903, 45.61542696381138], [-73.7958279275436, 45.61584069669072], [-73.7945241126515, 45.61620195793165], [-73.79325038224071, 45.617598127856894], [-73.79286960539329, 45.618094565570004], [-73.79064516286928, 45.62124640486729], [-73.78972475111732, 45.622426537265326], [-73.78934780383767, 45.62344967036843], [-73.78833395554928, 45.62598418090041], [-73.78788815452431, 45.627335656283954], [-73.78763992906396, 45.6279965982035], [-73.78744736969865, 45.62957371142341], [-73.7874206007189, 45.63035423851983], [-73.78734424159566, 45.63064343135593], [-73.78701339148193, 45.631114528552295], [-73.78582597565438, 45.631866041150275], [-73.78482193140174, 45.63251671884807], [-73.78363588824413, 45.6333845373454], [-73.78227533335114, 45.633971729226985], [-73.78172705685076, 45.6343327252251], [-73.78034863775353, 45.63592605351877], [-73.77902937854851, 45.63742836815507], [-73.77788125534009, 45.638768611452335], [-73.77708649071681, 45.63975481154879], [-73.77668915140194, 45.64074610325838], [-73.7768273756153, 45.64222929826486], [-73.77667351142748, 45.64290864861951], [-73.77612162817695, 45.643456460134104], [-73.76968333728163, 45.64760487100374], [-73.76784716517713, 45.64873067554864], [-73.77392296375831, 45.652508736967505], [-73.77383010446243, 45.652569094485045], [-73.77337625972253, 45.65293278021378], [-73.77488253555737, 45.65388896484431], [-73.77582720538317, 45.6531116765466], [-73.78801187334409, 45.660943794560765], [-73.7881852548206, 45.66105157837966]]]}, "properties": {"OBJECTID": 1548, "PRUID": "24", "PRNAME": "Quebec / Qu\u00e9bec", "CDUID": "2473", "CDNAME": "Th\u00e9r\u00e8se-De Blainville", "CDTYPE": "MRC", "CSDUID": "2473020", "CSDNAME": "Rosem\u00e8re", "CSDTYPE": "V", "Shape_Length": 18605.73126103346, "Shape_Area": 12484985.356778765}}, {"type": "Feature", "id": 1747, "geometry": {"type": "Polygon", "coordinates": [[[-79.44509466850205, 49.00006486753109], [-79.44559308837947, 49.008439798148686], [-79.51806186821484, 49.00807002544582], [-79.51792675826144, 49.003206060867214], [-79.51788133026022, 49.00003234166244], [-79.51805511157156, 48.981242249037024], [-79.51808153218347, 48.9774052542488], [-79.51797163177936, 48.97015886132054], [-79.51771848613494, 48.95192612383668], [-79.51784483615269, 48.93724400137002], [-79.50473124169018, 48.93733454693404], [-79.50000398808876, 48.93736449965089], [-79.48611879177452, 48.93749960741711], [-79.47944766147111, 48.93750012570268], [-79.47952190392527, 48.923022697605006], [-79.47918461329947, 48.90799098340483], [-79.42878610609272, 48.907963886771775], [-79.40860708612215, 48.907959175083164], [-79.35806080840531, 48.907928873364234], [-79.3580553591325, 48.911018191337256], [-79.35840216915317, 48.923587554520786], [-79.3580092940874, 48.93720006036496], [-79.35835355971521, 48.952115353824354], [-79.35868560639689, 48.966373463594735], [-79.37090396446088, 48.96630063538447], [-79.3873592962133, 48.966295449474984], [-79.40771439937848, 48.96629732780267], [-79.40831845577281, 48.982593608274904], [-79.40813778281691, 48.995359826179], [-79.4315245115996, 48.99529262211617], [-79.44480623364439, 48.995260414049774], [-79.44509466850205, 49.00006486753109]]]}, "properties": {"OBJECTID": 1747, "PRUID": "24", "PRNAME": "Quebec / Qu\u00e9bec", "CDUID": "2487", "CDNAME": "Abitibi-Ouest", "CDTYPE": "MRC", "CSDUID": "2487120", "CSDNAME": "Saint-Lambert", "CSDTYPE": "PE", "Shape_Length": 45634.110238805886, "Shape_Area": 100275528.00482146}}]}